-- phpMyAdmin SQL Dump
-- version 3.3.9
-- http://www.phpmyadmin.net
--
-- Host: localhost
-- Generation Time: Mar 30, 2012 at 03:00 AM
-- Server version: 5.5.8
-- PHP Version: 5.3.5

SET SQL_MODE="NO_AUTO_VALUE_ON_ZERO";


/*!40101 SET @OLD_CHARACTER_SET_CLIENT=@@CHARACTER_SET_CLIENT */;
/*!40101 SET @OLD_CHARACTER_SET_RESULTS=@@CHARACTER_SET_RESULTS */;
/*!40101 SET @OLD_COLLATION_CONNECTION=@@COLLATION_CONNECTION */;
/*!40101 SET NAMES utf8 */;

--
-- Database: `searcher_test4`
--

-- --------------------------------------------------------

--
-- Table structure for table `authassignment`
--

CREATE TABLE IF NOT EXISTS `authassignment` (
  `itemname` varchar(64) NOT NULL,
  `userid` varchar(64) NOT NULL,
  `bizrule` text,
  `data` text,
  PRIMARY KEY (`itemname`,`userid`)
) ENGINE=InnoDB DEFAULT CHARSET=latin1;

--
-- Dumping data for table `authassignment`
--


-- --------------------------------------------------------

--
-- Table structure for table `authitem`
--

CREATE TABLE IF NOT EXISTS `authitem` (
  `name` varchar(64) NOT NULL,
  `type` int(11) NOT NULL,
  `description` text,
  `bizrule` text,
  `data` text,
  PRIMARY KEY (`name`)
) ENGINE=InnoDB DEFAULT CHARSET=latin1;

--
-- Dumping data for table `authitem`
--

INSERT INTO `authitem` (`name`, `type`, `description`, `bizrule`, `data`) VALUES
('admin', 2, '', NULL, 'N;'),
('buyerLevel1', 2, '', NULL, 'N;'),
('buyerLevel2', 2, '', NULL, 'N;'),
('buyerLevel3', 2, '', NULL, 'N;'),
('deleteAp', 0, 'deleteAp', NULL, 'N;'),
('deleteCompetition', 0, 'deleteCompetition', NULL, 'N;'),
('deleteEssay', 0, 'deleteEssay', NULL, 'N;'),
('deleteExtracurricular', 0, 'deleteExtracurricular', NULL, 'N;'),
('deleteProfile', 0, 'deleteProfile', NULL, 'N;'),
('deleteSat2', 0, 'deleteSat2', NULL, 'N;'),
('deleteSport', 0, 'deleteSport', NULL, 'N;'),
('deleteSubject', 0, 'deleteSubject', NULL, 'N;'),
('deleteUser', 0, 'remove a user from a project', NULL, 'N;'),
('modAp', 0, 'modAp', NULL, 'N;'),
('modBasic', 0, 'modBasic', NULL, 'N;'),
('modCompetitions', 0, 'modCompetitions', NULL, 'N;'),
('modEssays', 0, 'modEssays', NULL, 'N;'),
('modExtracurriculars', 0, 'modExtracurriculars', NULL, 'N;'),
('modSat2', 0, 'modSat2', NULL, 'N;'),
('modScores', 0, 'modScores', NULL, 'N;'),
('modSports', 0, 'modSports', NULL, 'N;'),
('modSubjects', 0, 'modSubjects', NULL, 'N;'),
('readUser', 0, 'read user profile in-formation', NULL, 'N;'),
('seller', 2, '', NULL, 'N;'),
('updateUser', 0, 'update a users in-formation', NULL, 'N;'),
('user', 2, '', NULL, 'N;'),
('viewEssay', 0, 'viewEssay', NULL, 'N;'),
('viewLevel1', 0, 'viewLevel1', NULL, 'N;'),
('viewLevel2', 0, 'viewLevel2', NULL, 'N;'),
('viewLevel3', 0, 'viewLevel3', NULL, 'N;');

-- --------------------------------------------------------

--
-- Table structure for table `authitemchild`
--

CREATE TABLE IF NOT EXISTS `authitemchild` (
  `parent` varchar(64) NOT NULL,
  `child` varchar(64) NOT NULL,
  PRIMARY KEY (`parent`,`child`),
  KEY `child` (`child`)
) ENGINE=InnoDB DEFAULT CHARSET=latin1;

--
-- Dumping data for table `authitemchild`
--

INSERT INTO `authitemchild` (`parent`, `child`) VALUES
('admin', 'buyerLevel1'),
('seller', 'buyerLevel1'),
('admin', 'buyerLevel2'),
('seller', 'buyerLevel2'),
('admin', 'buyerLevel3'),
('seller', 'buyerLevel3'),
('seller', 'deleteAp'),
('seller', 'deleteCompetition'),
('seller', 'deleteEssay'),
('seller', 'deleteExtracurricular'),
('admin', 'deleteProfile'),
('seller', 'deleteSat2'),
('seller', 'deleteSport'),
('seller', 'deleteSubject'),
('admin', 'deleteUser'),
('seller', 'modAp'),
('seller', 'modBasic'),
('seller', 'modCompetitions'),
('seller', 'modEssays'),
('seller', 'modExtracurriculars'),
('seller', 'modSat2'),
('seller', 'modScores'),
('seller', 'modSports'),
('seller', 'modSubjects'),
('user', 'readUser'),
('admin', 'seller'),
('user', 'updateUser'),
('admin', 'user'),
('buyerLevel1', 'user'),
('buyerLevel2', 'user'),
('buyerLevel3', 'user'),
('seller', 'user'),
('seller', 'viewEssay'),
('buyerLevel1', 'viewLevel1'),
('buyerLevel2', 'viewLevel2'),
('buyerLevel3', 'viewLevel3');

-- --------------------------------------------------------

--
-- Table structure for table `tbl_academic_profile`
--

CREATE TABLE IF NOT EXISTS `tbl_academic_profile` (
  `user_id` int(10) unsigned NOT NULL,
  `national_Merit` enum('','N','S','M','F') DEFAULT NULL,
  `class_rank_num` tinyint(5) DEFAULT NULL,
  `class_size` smallint(5) unsigned DEFAULT NULL,
  `GPA_unweight` float unsigned DEFAULT NULL,
  `class_rank_percent` tinyint(1) unsigned DEFAULT NULL,
  `GPA_weight` float unsigned DEFAULT NULL,
  PRIMARY KEY (`user_id`)
) ENGINE=InnoDB DEFAULT CHARSET=latin1;

--
-- Dumping data for table `tbl_academic_profile`
--

INSERT INTO `tbl_academic_profile` (`user_id`, `national_Merit`, `class_rank_num`, `class_size`, `GPA_unweight`, `class_rank_percent`, `GPA_weight`) VALUES
(66, NULL, 15, 140, 3.4, 5, 3.5),
(67, NULL, 3, 525, 3.3, 6, 3.3),
(68, NULL, 32, 127, 2.8, 4, 3.3),
(69, NULL, 68, 343, 2.7, 4, 2.9),
(70, NULL, 5, 120, 3.8, 2, 3.8),
(71, NULL, 35, 277, 3.1, 5, 3.2),
(72, NULL, 28, 250, 3.1, 3, 3.2),
(74, NULL, 18, 175, 3.5, 3, 3.5),
(75, NULL, 13, 150, 3.6, 3, 3.6),
(76, 'M', 1, 250, 4, 1, 4.6),
(77, NULL, 40, 300, 90, 4, 90),
(78, NULL, 26, NULL, 92, 3, 92),
(79, NULL, 45, 90, 3.3, 6, 3.4),
(80, NULL, 22, 200, 3.5, 3, 3.5),
(81, NULL, 56, 134, 2.9, 6, 3),
(82, NULL, 4, 120, 96, 2, 96.8),
(83, NULL, 12, 150, 95, 3, 95),
(84, NULL, 65, 200, 2.8, 6, 2.9),
(100, '', 6, 250, 3.5, 2, NULL),
(102, 'S', 32, NULL, 3.6, 3, 3.8),
(10000000, 'S', 127, 962, 3.63507, 6, 3.99196),
(10000001, NULL, NULL, NULL, 1.50008, 1, 1.41648),
(10000002, 'M', 47, 1413, 3.47627, 4, 3.70652),
(10000003, NULL, 127, 1439, 0.561919, 3, 0.584645),
(10000004, 'S', 127, 1723, 1.17856, 3, 1.16623),
(10000005, 'S', 94, 743, 3.71631, 7, 3.9289),
(10000006, 'F', 127, 1048, 1.71332, 2, 1.79991),
(10000007, 'M', 51, 426, 3.63296, 6, 3.74946),
(10000008, 'F', 127, 1586, 1.36762, 6, 1.25108),
(10000009, NULL, 60, 1565, 1.25673, 6, 1.37981),
(10000010, 'F', 127, 1795, 3.11894, 2, 3.1511),
(10000011, 'M', 127, 1695, 2.36239, 2, 2.36973),
(10000012, NULL, 127, 1398, 2.97989, 8, 2.72114),
(10000013, 'M', 127, 230, 1.65968, 1, 1.65793),
(10000014, 'N', 127, 619, 1.75303, 6, 1.77461),
(10000015, 'N', 127, 1085, 1.25957, 1, 1.37282),
(10000016, NULL, 67, 135, 1.49697, 4, 1.53975),
(10000017, NULL, 48, 1366, 2.87283, 8, 2.92476),
(10000018, NULL, 127, 212, 1.311, 4, 1.21892),
(10000019, NULL, 127, 1581, 0.651746, 2, 0.662123),
(10000020, NULL, 127, 475, 2.286, 6, 2.25616),
(10000021, NULL, 127, 640, 0.92463, 2, 0.986324),
(10000022, NULL, 127, 1690, 3.04146, NULL, 3.18097),
(10000023, 'M', 127, 875, 0.552963, 2, 0.574455),
(10000024, 'N', 127, 650, 0.607863, 5, 0.615755),
(10000025, 'M', NULL, NULL, 3.24795, 4, 3.21297),
(10000026, 'N', 127, 173, 2.6617, 4, 2.85549),
(10000027, NULL, 127, 861, 0.536261, NULL, 0.549091),
(10000028, NULL, 127, 1912, 2.42805, 8, 2.54665),
(10000029, 'N', 127, 453, 2.11846, 6, 2.17853),
(10000030, NULL, 127, 904, 1.99745, 6, 2.08126),
(10000031, 'N', 127, 431, 2.31651, 6, 2.47103),
(10000032, 'M', 127, 1621, 1.37652, 4, 1.34371),
(10000033, 'N', NULL, NULL, 3.34633, 7, 3.43459),
(10000034, 'M', 127, 817, 3.9074, NULL, 3.81862),
(10000035, NULL, 127, 426, 3.32294, 8, 3.49989),
(10000036, 'N', 127, 1262, 3.31638, 8, 3.62391),
(10000037, 'N', 16, 539, 3.80024, NULL, 3.79813),
(10000038, NULL, 127, 643, 0.478949, NULL, 0.520536),
(10000039, NULL, 127, 1872, 2.65976, 2, 2.73298),
(10000040, 'M', 6, 1359, 1.42555, 7, 1.55776),
(10000041, 'F', 127, 1429, 2.08879, 1, 2.04715),
(10000042, 'S', 101, 505, 0.832341, 6, 0.75563),
(10000043, 'S', 127, 242, 0.514315, 4, 0.533132),
(10000044, 'F', 127, 1786, 3.01508, 4, 2.75693),
(10000045, 'M', 127, 1520, 2.4684, 5, 2.58563),
(10000046, 'S', 127, 1286, 3.13331, 8, 2.97575),
(10000047, 'S', 127, 1823, 2.81715, 1, 2.72554),
(10000048, NULL, 127, 1820, 1.72106, 2, 1.57754),
(10000049, 'N', 127, 1834, 2.30945, 8, 2.18041),
(10000050, NULL, 127, 996, 1.99066, 1, 2.12961),
(10000051, 'N', 119, 553, 0.301584, 2, 0.285771),
(10000052, 'M', 127, 1358, 1.74137, 3, 1.65623),
(10000053, 'N', 127, 885, 0.407686, 1, 0.408194),
(10000054, 'S', NULL, NULL, 0.490646, NULL, 0.513583),
(10000055, 'F', 65, 173, 3.21373, 2, 3.50213),
(10000056, 'F', NULL, NULL, 3.41591, 2, 3.55416),
(10000057, 'F', 127, 740, 0.35269, 5, 0.341433),
(10000058, 'F', 127, 1198, 3.26819, 4, 3.09068),
(10000059, NULL, 127, 1854, 1.83693, 7, 1.8636),
(10000060, 'N', 127, 1958, 3.94187, 4, 3.97061),
(10000061, 'M', 127, 913, 0.774114, 1, 0.836912),
(10000062, NULL, 20, 381, 3.21127, 6, 3.46509),
(10000063, 'M', 127, 716, 3.73284, 7, 3.56809),
(10000064, NULL, 47, 268, 3.03634, NULL, 3.04697),
(10000065, NULL, 127, 824, 1.85818, NULL, 1.769),
(10000066, 'S', 127, 1019, 3.63396, 3, 3.56769),
(10000067, 'S', 127, 1449, 1.15322, 7, 1.066),
(10000068, 'F', 127, 528, 1.54821, NULL, 1.61525),
(10000069, 'N', 108, 385, 3.48861, NULL, 3.74996),
(10000070, 'S', 127, 551, 2.28318, 6, 2.17935),
(10000071, 'M', NULL, NULL, 1.15513, 6, 1.25729),
(10000072, 'N', 91, 575, 3.50895, 3, 3.51684),
(10000073, 'N', 123, 654, 1.56599, 2, 1.5248),
(10000074, NULL, 127, 529, 0.41089, 5, 0.431236),
(10000075, NULL, 127, 1298, 2.51224, 6, 2.69564),
(10000076, 'M', 127, 1225, 2.29465, NULL, 2.34282),
(10000077, 'F', 127, 1213, 0.778022, 8, 0.773555),
(10000078, 'S', 127, 803, 0.241336, NULL, 0.251142),
(10000085, 'M', 127, 1039, 2.00403, 6, 1.96982),
(10000086, 'S', 59, 546, 0.966297, 6, 0.920853),
(10000087, 'N', 8, 537, 3.42625, 2, 3.41558),
(10000088, 'M', 127, 1428, 2.01652, NULL, 2.05594),
(10000089, 'N', 15, 472, 0.648527, 2, 0.647409),
(10000090, 'N', 127, 1896, 2.87183, 3, 2.9716),
(10000091, 'N', 127, 1891, 0.178139, NULL, 0.174907),
(10000092, NULL, 127, 1913, 1.6742, 7, 1.81343),
(10000093, 'M', NULL, NULL, 3.62873, 4, 3.57636),
(10000094, 'F', 127, 769, 2.7255, 5, 2.51993),
(10000095, 'N', 127, 477, 0.696893, 1, 0.708305),
(10000096, 'S', 127, 525, 1.41083, 1, 1.33245),
(10000097, 'M', 127, 599, 0.179274, 3, 0.161882),
(10000098, 'M', 127, 1310, 2.97183, 3, 3.02567),
(10000099, 'N', 127, 1001, 1.84892, 6, 2.02506),
(10000100, NULL, 127, 664, 1.84805, 8, 1.6709),
(10000101, NULL, 127, 620, 2.36943, 8, 2.1607),
(10000102, 'F', NULL, NULL, 1.10106, 2, 1.08588),
(10000103, 'S', 127, 1858, 0.035967, 2, 0.0329997),
(10000104, NULL, 127, 1513, 0.746294, 7, 0.785701),
(10000105, 'N', NULL, NULL, 0.804386, 8, 0.83708),
(10000106, NULL, 22, 295, 1.40252, 4, 1.42044),
(10000107, 'N', 127, 1763, 0.836585, 4, 0.793429),
(10000108, 'M', 4, 1716, 2.43942, 7, 2.35919),
(10000109, NULL, 20, 1081, 2.38669, 5, 2.34782),
(10000110, 'S', 127, 485, 2.04206, 6, 2.10067),
(10000111, NULL, NULL, NULL, 1.66592, 8, 1.56404),
(10000112, 'N', 127, 645, 0.551743, 3, 0.555431),
(10000113, NULL, 122, 930, 3.52364, NULL, 3.65653),
(10000114, 'N', 127, 1775, 3.16053, 1, 3.01987),
(10000115, 'S', 127, 283, 0.0816648, 7, 0.075559),
(10000116, NULL, 127, 1177, 0.233536, 4, 0.216969),
(10000117, 'M', 43, 809, 3.5716, 6, 3.70481),
(10000118, NULL, 94, 681, 0.0281398, 3, 0.0253295),
(10000119, 'F', 127, 784, 2.41549, 7, 2.17863),
(10000120, NULL, NULL, NULL, 3.26717, 4, 3.18723),
(10000121, NULL, 80, 1968, 1.58673, 4, 1.45347),
(10000122, 'N', 54, 1282, 0.489505, 3, 0.472313),
(10000123, NULL, 127, 1126, 0.625267, 6, 0.616992),
(10000124, 'M', 127, 936, 1.04419, 7, 0.991042),
(10000125, 'M', 127, 927, 1.05519, 4, 0.962482),
(10000126, NULL, 127, 817, 1.94316, 8, 2.06214),
(10000127, 'S', 127, 1634, 0.208457, 4, 0.198925),
(10000128, 'N', 127, 756, 1.05696, 8, 1.0725),
(10000129, 'F', 127, 1422, 1.4947, 2, 1.41049),
(10000130, NULL, NULL, NULL, 3.28495, 2, 3.41546),
(10000131, 'F', 127, 499, 0.385531, 5, 0.423612),
(10000132, NULL, NULL, NULL, 0.585512, 7, 0.537848),
(10000133, 'N', 127, 1109, 2.36492, NULL, 2.52679),
(10000134, 'M', 127, 1132, 2.10719, 8, 1.95473),
(10000135, 'M', 127, 1539, 3.03117, 6, 2.97762),
(10000136, 'F', 127, 1460, 2.60497, 6, 2.73139),
(10000137, NULL, 127, 618, 1.25131, NULL, 1.35674),
(10000138, 'N', 127, 459, 1.31613, 4, 1.26488),
(10000139, 'S', 127, 1659, 0.632714, 3, 0.603845),
(10000140, NULL, 31, 945, 1.80326, NULL, 1.929),
(10000141, 'F', 127, 352, 2.17602, 2, 2.07958);

-- --------------------------------------------------------

--
-- Table structure for table `tbl_activity_profile`
--

CREATE TABLE IF NOT EXISTS `tbl_activity_profile` (
  `id` int(10) unsigned NOT NULL AUTO_INCREMENT,
  `user_id` int(10) unsigned NOT NULL,
  `name` varchar(20) NOT NULL,
  `activity_type_id` char(2) DEFAULT NULL,
  `leadership` varchar(15) DEFAULT NULL,
  `hours_per_week` tinyint(2) unsigned DEFAULT NULL,
  `year_participate_begin` tinyint(2) unsigned DEFAULT NULL,
  `year_participate_end` tinyint(2) unsigned DEFAULT NULL,
  `comments` text,
  `create_time` datetime DEFAULT NULL,
  `create_user_id` int(10) unsigned DEFAULT NULL,
  `update_time` datetime DEFAULT NULL,
  `update_user_id` int(10) unsigned DEFAULT NULL,
  PRIMARY KEY (`id`),
  KEY `USER` (`user_id`),
  KEY `TYPE` (`activity_type_id`)
) ENGINE=InnoDB  DEFAULT CHARSET=latin1 AUTO_INCREMENT=355 ;

--
-- Dumping data for table `tbl_activity_profile`
--

INSERT INTO `tbl_activity_profile` (`id`, `user_id`, `name`, `activity_type_id`, `leadership`, `hours_per_week`, `year_participate_begin`, `year_participate_end`, `comments`, `create_time`, `create_user_id`, `update_time`, `update_user_id`) VALUES
(2, 66, 'model un', 'AL', '', 2, 5, 6, '', '2011-11-07 22:38:03', 66, '2011-11-07 22:38:03', 66),
(3, 67, 'glee', 'AV', '1', 1, 5, 6, '', '2011-11-07 22:47:14', 67, '2011-11-07 22:47:14', 67),
(4, 67, 'christian club', 'AR', '3', 2, 4, 6, '', '2011-11-07 22:47:34', 67, '2011-11-07 22:47:34', 67),
(5, 70, 'investment club', 'AC', '5', 1, 6, 7, '', '2011-11-08 13:23:13', 70, '2011-11-08 13:23:13', 70),
(6, 72, 'french exchange', 'AI', '1', 1, 6, 6, '', '2011-11-08 13:45:38', 72, '2011-11-08 13:45:38', 72),
(7, 73, 'debate club', 'AF', '', 1, 6, 7, '', '2011-11-08 15:25:54', 73, '2011-11-08 15:25:54', 73),
(8, 75, 'recycling club', 'AH', '2', 2, 6, 7, '', '2011-11-08 20:34:05', 75, '2011-11-08 20:34:05', 75),
(9, 76, 'french club', 'AJ', '3', 1, 4, 7, '', '2011-11-08 20:42:57', 76, '2011-11-08 20:42:57', 76),
(10, 77, 'science club', 'AS', '9', 1, 5, 7, '', '2011-11-08 21:01:28', 77, '2011-11-08 21:01:28', 77),
(11, 79, 'tv studio', 'AP', '5', 2, 5, 7, '', '2011-11-08 22:25:23', 79, '2011-11-08 22:25:23', 79),
(12, 80, 'honor society', 'AA', '', 1, 5, 7, '', '2011-11-08 22:31:27', 80, '2011-11-08 22:31:27', 80),
(13, 82, 'italian club', 'AG', '2', NULL, 4, 7, '', '2011-11-08 22:39:17', 82, '2011-11-08 22:39:17', 82),
(14, 83, 'debate club', 'AF', '4', 1, 5, 7, '', '2011-11-09 11:50:06', 83, '2011-11-09 11:50:06', 83),
(18, 10000000, 'French Club', 'AJ', '10', 3, 6, 7, NULL, NULL, NULL, NULL, NULL),
(19, 10000000, 'French Exchange CLub', 'AI', '1', 4, 7, 7, NULL, NULL, NULL, NULL, NULL),
(20, 10000001, 'Debate Club', 'AF', '6', 2, 6, 7, NULL, NULL, NULL, NULL, NULL),
(21, 10000001, 'French Club', 'AJ', '11', 1, 1, 5, NULL, NULL, NULL, NULL, NULL),
(22, 10000001, 'TV Studio', 'AP', NULL, 1, 3, 3, NULL, NULL, NULL, NULL, NULL),
(23, 10000002, 'Christian Club', 'AR', '2', 2, 6, 7, NULL, NULL, NULL, NULL, NULL),
(24, 10000002, 'Investment Club', 'AC', '4', 3, 4, 4, NULL, NULL, NULL, NULL, NULL),
(25, 10000002, 'Honor Society', 'AA', NULL, 5, 5, 6, NULL, NULL, NULL, NULL, NULL),
(26, 10000002, 'Science Club', 'AS', '4', 3, 5, 6, NULL, NULL, NULL, NULL, NULL),
(27, 10000003, 'Glee Club', 'AV', NULL, 3, NULL, NULL, NULL, NULL, NULL, NULL, NULL),
(28, 10000003, 'Science Club', 'AS', '10', 1, 5, 6, NULL, NULL, NULL, NULL, NULL),
(29, 10000003, 'Honor Society', 'AA', '5', 1, 5, 6, NULL, NULL, NULL, NULL, NULL),
(30, 10000003, 'French Exchange CLub', 'AI', '9', 5, 2, 7, NULL, NULL, NULL, NULL, NULL),
(31, 10000004, 'Debate Club', 'AF', '9', 1, 7, 7, NULL, NULL, NULL, NULL, NULL),
(32, 10000005, 'French Exchange CLub', 'AI', '2', 2, 4, 4, NULL, NULL, NULL, NULL, NULL),
(33, 10000005, 'TV Studio', 'AP', '5', 4, 5, 5, NULL, NULL, NULL, NULL, NULL),
(34, 10000005, 'Model UN', 'AL', '4', 2, 3, 6, NULL, NULL, NULL, NULL, NULL),
(35, 10000005, 'Christian Club', 'AR', '7', 1, 3, 7, NULL, NULL, NULL, NULL, NULL),
(36, 10000006, 'Debate Club', 'AF', '7', NULL, 5, 5, NULL, NULL, NULL, NULL, NULL),
(37, 10000006, 'Recycling Club', 'AH', NULL, 5, 6, 7, NULL, NULL, NULL, NULL, NULL),
(38, 10000006, 'Investment Club', 'AC', NULL, 4, 7, 7, NULL, NULL, NULL, NULL, NULL),
(39, 10000009, 'Debate Club', 'AF', '4', 4, 6, 6, NULL, NULL, NULL, NULL, NULL),
(40, 10000009, 'Christian Club', 'AR', '13', 2, 5, 5, NULL, NULL, NULL, NULL, NULL),
(41, 10000009, 'Recycling Club', 'AH', '8', 5, 4, 4, NULL, NULL, NULL, NULL, NULL),
(42, 10000009, 'Glee Club', 'AV', '4', 4, 1, 4, NULL, NULL, NULL, NULL, NULL),
(43, 10000009, 'TV Studio', 'AP', '5', 2, 7, 7, NULL, NULL, NULL, NULL, NULL),
(44, 10000011, 'Model UN', 'AL', NULL, 2, 2, 6, NULL, NULL, NULL, NULL, NULL),
(45, 10000013, 'Debate Club', 'AF', NULL, 2, 5, 6, NULL, NULL, NULL, NULL, NULL),
(46, 10000013, 'Glee Club', 'AV', '5', 4, 2, 6, NULL, NULL, NULL, NULL, NULL),
(47, 10000013, 'French Exchange CLub', 'AI', '12', 5, 5, 5, NULL, NULL, NULL, NULL, NULL),
(48, 10000014, 'French Exchange CLub', 'AI', '1', 4, 6, 7, NULL, NULL, NULL, NULL, NULL),
(49, 10000014, 'Investment Club', 'AC', NULL, 2, 5, 7, NULL, NULL, NULL, NULL, NULL),
(50, 10000014, 'Debate Club', 'AF', NULL, 5, 6, 6, NULL, NULL, NULL, NULL, NULL),
(51, 10000014, 'Christian Club', 'AR', '9', 3, 5, 5, NULL, NULL, NULL, NULL, NULL),
(52, 10000015, 'Debate Club', 'AF', NULL, 2, 1, 3, NULL, NULL, NULL, NULL, NULL),
(53, 10000015, 'Recycling Club', 'AH', NULL, 3, 7, 7, NULL, NULL, NULL, NULL, NULL),
(54, 10000016, 'Investment Club', 'AC', NULL, 4, 3, 4, NULL, NULL, NULL, NULL, NULL),
(55, 10000016, 'Honor Society', 'AA', '5', NULL, 5, 5, NULL, NULL, NULL, NULL, NULL),
(56, 10000017, 'French Club', 'AJ', '8', 2, 3, 5, NULL, NULL, NULL, NULL, NULL),
(57, 10000017, 'Italian Club', 'AG', '10', 2, 5, 5, NULL, NULL, NULL, NULL, NULL),
(58, 10000017, 'Honor Society', 'AA', '4', 1, 5, 5, NULL, NULL, NULL, NULL, NULL),
(59, 10000018, 'Model UN', 'AL', NULL, 2, 6, 7, NULL, NULL, NULL, NULL, NULL),
(64, 10000020, 'Debate Club', 'AF', NULL, 1, 5, 7, NULL, NULL, NULL, NULL, NULL),
(65, 10000021, 'TV Studio', 'AP', '8', 1, 4, 4, NULL, NULL, NULL, NULL, NULL),
(66, 10000021, 'French Exchange CLub', 'AI', NULL, 4, 4, 6, NULL, NULL, NULL, NULL, NULL),
(67, 10000021, 'Science Club', 'AS', '7', 2, 4, 6, NULL, NULL, NULL, NULL, NULL),
(68, 10000021, 'Recycling Club', 'AH', '10', 2, 7, 7, NULL, NULL, NULL, NULL, NULL),
(69, 10000022, 'Christian Club', 'AR', '5', 5, 1, 6, NULL, NULL, NULL, NULL, NULL),
(70, 10000022, 'Investment Club', 'AC', '9', 4, 5, 6, NULL, NULL, NULL, NULL, NULL),
(71, 10000022, 'Model UN', 'AL', '4', 3, 3, 7, NULL, NULL, NULL, NULL, NULL),
(72, 10000022, 'French Exchange CLub', 'AI', '8', 2, 5, 5, NULL, NULL, NULL, NULL, NULL),
(73, 10000027, 'Model UN', 'AL', '2', 2, NULL, NULL, NULL, NULL, NULL, NULL, NULL),
(74, 10000027, 'Science Club', 'AS', NULL, 5, 3, 6, NULL, NULL, NULL, NULL, NULL),
(75, 10000027, 'Italian Club', 'AG', '3', 3, 7, 7, NULL, NULL, NULL, NULL, NULL),
(76, 10000027, 'Recycling Club', 'AH', '8', 5, 7, 7, NULL, NULL, NULL, NULL, NULL),
(77, 10000027, 'Quiz Bowl', 'AK', '10', NULL, 6, 7, NULL, NULL, NULL, NULL, NULL),
(78, 10000028, 'TV Studio', 'AP', '6', 3, 6, 6, NULL, NULL, NULL, NULL, NULL),
(79, 10000028, 'Quiz Bowl', 'AK', NULL, 1, NULL, NULL, NULL, NULL, NULL, NULL, NULL),
(80, 10000029, 'Model UN', 'AL', '10', 1, 5, 7, NULL, NULL, NULL, NULL, NULL),
(81, 10000029, 'Italian Club', 'AG', '7', 4, 4, 4, NULL, NULL, NULL, NULL, NULL),
(82, 10000030, 'French Exchange CLub', 'AI', NULL, 4, 5, 6, NULL, NULL, NULL, NULL, NULL),
(83, 10000030, 'Science Club', 'AS', NULL, 3, NULL, NULL, NULL, NULL, NULL, NULL, NULL),
(84, 10000030, 'TV Studio', 'AP', NULL, 4, 1, 5, NULL, NULL, NULL, NULL, NULL),
(85, 10000030, 'Honor Society', 'AA', '3', 2, 2, 6, NULL, NULL, NULL, NULL, NULL),
(86, 10000032, 'Debate Club', 'AF', '6', 5, 6, 6, NULL, NULL, NULL, NULL, NULL),
(87, 10000032, 'Glee Club', 'AV', '6', 3, 1, 5, NULL, NULL, NULL, NULL, NULL),
(88, 10000034, 'Christian Club', 'AR', '10', 4, 5, 6, NULL, NULL, NULL, NULL, NULL),
(89, 10000034, 'Italian Club', 'AG', '4', 5, NULL, NULL, NULL, NULL, NULL, NULL, NULL),
(90, 10000034, 'Glee Club', 'AV', '6', 4, 6, 7, NULL, NULL, NULL, NULL, NULL),
(91, 10000035, 'Honor Society', 'AA', NULL, 2, 3, 5, NULL, NULL, NULL, NULL, NULL),
(92, 10000035, 'Recycling Club', 'AH', NULL, 4, 7, 7, NULL, NULL, NULL, NULL, NULL),
(93, 10000035, 'Model UN', 'AL', '2', 5, 5, 7, NULL, NULL, NULL, NULL, NULL),
(94, 10000036, 'TV Studio', 'AP', '12', 3, 5, 7, NULL, NULL, NULL, NULL, NULL),
(95, 10000036, 'French Club', 'AJ', '7', NULL, 4, 5, NULL, NULL, NULL, NULL, NULL),
(96, 10000036, 'Italian Club', 'AG', NULL, 4, 6, 6, NULL, NULL, NULL, NULL, NULL),
(97, 10000036, 'French Exchange CLub', 'AI', '11', 2, 7, 7, NULL, NULL, NULL, NULL, NULL),
(98, 10000037, 'Glee Club', 'AV', '4', 1, 2, 7, NULL, NULL, NULL, NULL, NULL),
(99, 10000037, 'French Exchange CLub', 'AI', NULL, NULL, 3, 7, NULL, NULL, NULL, NULL, NULL),
(100, 10000037, 'TV Studio', 'AP', '10', 4, 1, 6, NULL, NULL, NULL, NULL, NULL),
(101, 10000037, 'Christian Club', 'AR', '6', 4, 4, 4, NULL, NULL, NULL, NULL, NULL),
(102, 10000037, 'Model UN', 'AL', '4', 3, 4, 5, NULL, NULL, NULL, NULL, NULL),
(103, 10000039, 'Italian Club', 'AG', '7', 1, 1, 6, NULL, NULL, NULL, NULL, NULL),
(104, 10000039, 'Honor Society', 'AA', '2', 5, 2, 2, NULL, NULL, NULL, NULL, NULL),
(105, 10000039, 'Science Club', 'AS', '2', 1, 4, 4, NULL, NULL, NULL, NULL, NULL),
(106, 10000040, 'Quiz Bowl', 'AK', '2', 4, 5, 5, NULL, NULL, NULL, NULL, NULL),
(107, 10000041, 'TV Studio', 'AP', NULL, 5, 4, 5, NULL, NULL, NULL, NULL, NULL),
(108, 10000041, 'Quiz Bowl', 'AK', '10', 5, 6, 6, NULL, NULL, NULL, NULL, NULL),
(109, 10000041, 'Honor Society', 'AA', '7', 3, 6, 6, NULL, NULL, NULL, NULL, NULL),
(110, 10000041, 'Science Club', 'AS', '6', 4, 7, 7, NULL, NULL, NULL, NULL, NULL),
(111, 10000042, 'Honor Society', 'AA', '11', NULL, 2, 5, NULL, NULL, NULL, NULL, NULL),
(112, 10000042, 'French Exchange CLub', 'AI', '7', 3, 6, 6, NULL, NULL, NULL, NULL, NULL),
(113, 10000042, 'Investment Club', 'AC', '8', 1, 7, 7, NULL, NULL, NULL, NULL, NULL),
(114, 10000042, 'Debate Club', 'AF', '13', 2, 2, 5, NULL, NULL, NULL, NULL, NULL),
(115, 10000043, 'French Exchange CLub', 'AI', NULL, 2, 6, 6, NULL, NULL, NULL, NULL, NULL),
(116, 10000044, 'Italian Club', 'AG', '2', 3, 2, 3, NULL, NULL, NULL, NULL, NULL),
(117, 10000044, 'Science Club', 'AS', '2', 5, 4, 7, NULL, NULL, NULL, NULL, NULL),
(118, 10000044, 'French Exchange CLub', 'AI', NULL, 2, 7, 7, NULL, NULL, NULL, NULL, NULL),
(119, 10000044, 'Model UN', 'AL', '11', 3, 2, 5, NULL, NULL, NULL, NULL, NULL),
(120, 10000044, 'Recycling Club', 'AH', '7', 5, 6, 6, NULL, NULL, NULL, NULL, NULL),
(121, 10000045, 'Christian Club', 'AR', '10', 4, 7, 7, NULL, NULL, NULL, NULL, NULL),
(122, 10000046, 'French Exchange CLub', 'AI', NULL, 2, 6, 6, NULL, NULL, NULL, NULL, NULL),
(123, 10000046, 'Debate Club', 'AF', '6', 4, 3, 6, NULL, NULL, NULL, NULL, NULL),
(124, 10000046, 'Honor Society', 'AA', '12', 3, NULL, NULL, NULL, NULL, NULL, NULL, NULL),
(125, 10000046, 'Italian Club', 'AG', '4', 5, 1, 5, NULL, NULL, NULL, NULL, NULL),
(126, 10000046, 'TV Studio', 'AP', NULL, 2, 3, 7, NULL, NULL, NULL, NULL, NULL),
(127, 10000048, 'French Club', 'AJ', NULL, 1, 5, 5, NULL, NULL, NULL, NULL, NULL),
(128, 10000048, 'Model UN', 'AL', '9', 4, 6, 6, NULL, NULL, NULL, NULL, NULL),
(129, 10000048, 'Quiz Bowl', 'AK', NULL, 5, 3, 3, NULL, NULL, NULL, NULL, NULL),
(130, 10000048, 'Debate Club', 'AF', '7', NULL, 3, 5, NULL, NULL, NULL, NULL, NULL),
(131, 10000049, 'French Exchange CLub', 'AI', NULL, NULL, 2, 3, NULL, NULL, NULL, NULL, NULL),
(132, 10000049, 'Quiz Bowl', 'AK', NULL, 1, 7, 7, NULL, NULL, NULL, NULL, NULL),
(133, 10000049, 'Model UN', 'AL', NULL, 2, 1, 5, NULL, NULL, NULL, NULL, NULL),
(134, 10000049, 'French Club', 'AJ', '9', 4, 2, 6, NULL, NULL, NULL, NULL, NULL),
(135, 10000050, 'Debate Club', 'AF', NULL, 1, NULL, NULL, NULL, NULL, NULL, NULL, NULL),
(136, 10000050, 'Recycling Club', 'AH', NULL, 2, 6, 6, NULL, NULL, NULL, NULL, NULL),
(137, 10000051, 'Investment Club', 'AC', '13', 1, 6, 7, NULL, NULL, NULL, NULL, NULL),
(138, 10000051, 'Science Club', 'AS', NULL, 1, 5, 7, NULL, NULL, NULL, NULL, NULL),
(139, 10000051, 'French Club', 'AJ', '4', 1, 1, 3, NULL, NULL, NULL, NULL, NULL),
(140, 10000051, 'Recycling Club', 'AH', '3', 5, 6, 7, NULL, NULL, NULL, NULL, NULL),
(141, 10000052, 'Investment Club', 'AC', '2', 3, 5, 5, NULL, NULL, NULL, NULL, NULL),
(142, 10000053, 'Glee Club', 'AV', '10', 5, 1, 1, NULL, NULL, NULL, NULL, NULL),
(143, 10000054, 'Model UN', 'AL', '3', 1, 4, 7, NULL, NULL, NULL, NULL, NULL),
(144, 10000056, 'TV Studio', 'AP', NULL, 4, NULL, NULL, NULL, NULL, NULL, NULL, NULL),
(145, 10000056, 'Christian Club', 'AR', '7', 3, 1, 6, NULL, NULL, NULL, NULL, NULL),
(146, 10000056, 'Glee Club', 'AV', NULL, 1, 3, 5, NULL, NULL, NULL, NULL, NULL),
(147, 10000057, 'TV Studio', 'AP', '3', 5, 1, 1, NULL, NULL, NULL, NULL, NULL),
(148, 10000057, 'French Exchange CLub', 'AI', '8', NULL, 7, 7, NULL, NULL, NULL, NULL, NULL),
(149, 10000057, 'Christian Club', 'AR', NULL, 5, 1, 2, NULL, NULL, NULL, NULL, NULL),
(150, 10000057, 'Glee Club', 'AV', NULL, 4, 2, 7, NULL, NULL, NULL, NULL, NULL),
(151, 10000058, 'Honor Society', 'AA', NULL, 2, 7, 7, NULL, NULL, NULL, NULL, NULL),
(152, 10000058, 'Italian Club', 'AG', '13', 2, 4, 7, NULL, NULL, NULL, NULL, NULL),
(153, 10000059, 'TV Studio', 'AP', '6', 1, 7, 7, NULL, NULL, NULL, NULL, NULL),
(154, 10000059, 'Honor Society', 'AA', '1', 5, 4, 4, NULL, NULL, NULL, NULL, NULL),
(155, 10000059, 'Recycling Club', 'AH', '13', 4, 5, 6, NULL, NULL, NULL, NULL, NULL),
(156, 10000061, 'Science Club', 'AS', '3', 4, 1, 3, NULL, NULL, NULL, NULL, NULL),
(157, 10000062, 'Honor Society', 'AA', '1', 4, 6, 7, NULL, NULL, NULL, NULL, NULL),
(158, 10000062, 'French Exchange CLub', 'AI', '7', 2, 2, 4, NULL, NULL, NULL, NULL, NULL),
(159, 10000062, 'Science Club', 'AS', '8', 3, 6, 7, NULL, NULL, NULL, NULL, NULL),
(160, 10000062, 'Model UN', 'AL', '1', 5, 6, 6, NULL, NULL, NULL, NULL, NULL),
(161, 10000062, 'Investment Club', 'AC', '5', 2, 2, 7, NULL, NULL, NULL, NULL, NULL),
(162, 10000063, 'Honor Society', 'AA', '13', 3, 7, 7, NULL, NULL, NULL, NULL, NULL),
(163, 10000063, 'Quiz Bowl', 'AK', '3', 4, 2, 7, NULL, NULL, NULL, NULL, NULL),
(164, 10000064, 'Quiz Bowl', 'AK', NULL, 4, 5, 7, NULL, NULL, NULL, NULL, NULL),
(165, 10000064, 'French Club', 'AJ', '13', 4, 3, 6, NULL, NULL, NULL, NULL, NULL),
(166, 10000064, 'Investment Club', 'AC', NULL, 4, 6, 7, NULL, NULL, NULL, NULL, NULL),
(167, 10000064, 'Science Club', 'AS', '9', 2, 2, 4, NULL, NULL, NULL, NULL, NULL),
(168, 10000065, 'Model UN', 'AL', '3', 4, 2, 7, NULL, NULL, NULL, NULL, NULL),
(169, 10000065, 'Quiz Bowl', 'AK', NULL, 5, 5, 6, NULL, NULL, NULL, NULL, NULL),
(170, 10000065, 'Investment Club', 'AC', NULL, 1, 6, 7, NULL, NULL, NULL, NULL, NULL),
(171, 10000065, 'Glee Club', 'AV', '10', 5, 2, 4, NULL, NULL, NULL, NULL, NULL),
(172, 10000065, 'Christian Club', 'AR', '9', 2, NULL, NULL, NULL, NULL, NULL, NULL, NULL),
(173, 10000066, 'Christian Club', 'AR', '13', 5, 4, 7, NULL, NULL, NULL, NULL, NULL),
(174, 10000066, 'Recycling Club', 'AH', '6', 3, 7, 7, NULL, NULL, NULL, NULL, NULL),
(175, 10000066, 'Glee Club', 'AV', '3', 3, 4, 5, NULL, NULL, NULL, NULL, NULL),
(176, 10000066, 'Investment Club', 'AC', '2', 3, 7, 7, NULL, NULL, NULL, NULL, NULL),
(177, 10000067, 'Quiz Bowl', 'AK', '8', 3, 1, 2, NULL, NULL, NULL, NULL, NULL),
(178, 10000068, 'Model UN', 'AL', NULL, NULL, 6, 7, NULL, NULL, NULL, NULL, NULL),
(179, 10000068, 'Honor Society', 'AA', '8', 1, 3, 7, NULL, NULL, NULL, NULL, NULL),
(180, 10000068, 'Debate Club', 'AF', '4', 1, 7, 7, NULL, NULL, NULL, NULL, NULL),
(181, 10000068, 'TV Studio', 'AP', '3', 1, 2, 6, NULL, NULL, NULL, NULL, NULL),
(182, 10000068, 'Italian Club', 'AG', '12', 1, 3, 7, NULL, NULL, NULL, NULL, NULL),
(183, 10000069, 'TV Studio', 'AP', NULL, 1, 3, 3, NULL, NULL, NULL, NULL, NULL),
(184, 10000069, 'Honor Society', 'AA', '13', 4, 1, 6, NULL, NULL, NULL, NULL, NULL),
(185, 10000069, 'French Exchange CLub', 'AI', '8', 1, 3, 5, NULL, NULL, NULL, NULL, NULL),
(186, 10000071, 'TV Studio', 'AP', '10', 5, 5, 5, NULL, NULL, NULL, NULL, NULL),
(187, 10000071, 'Debate Club', 'AF', '11', 2, 1, 5, NULL, NULL, NULL, NULL, NULL),
(188, 10000071, 'Recycling Club', 'AH', '12', 2, 5, 6, NULL, NULL, NULL, NULL, NULL),
(189, 10000071, 'Model UN', 'AL', '2', 1, NULL, NULL, NULL, NULL, NULL, NULL, NULL),
(190, 10000072, 'Italian Club', 'AG', '6', 3, 3, 7, NULL, NULL, NULL, NULL, NULL),
(191, 10000072, 'Glee Club', 'AV', NULL, 5, 6, 6, NULL, NULL, NULL, NULL, NULL),
(192, 10000074, 'Recycling Club', 'AH', NULL, 2, 3, 6, NULL, NULL, NULL, NULL, NULL),
(193, 10000074, 'Quiz Bowl', 'AK', '5', 1, 3, 7, NULL, NULL, NULL, NULL, NULL),
(194, 10000074, 'Debate Club', 'AF', '9', NULL, 4, 5, NULL, NULL, NULL, NULL, NULL),
(195, 10000075, 'Science Club', 'AS', '8', 4, 4, 5, NULL, NULL, NULL, NULL, NULL),
(196, 10000075, 'Honor Society', 'AA', '12', 5, 4, 6, NULL, NULL, NULL, NULL, NULL),
(197, 10000075, 'Debate Club', 'AF', '8', 5, 7, 7, NULL, NULL, NULL, NULL, NULL),
(198, 10000076, 'French Club', 'AJ', '9', 3, 4, 5, NULL, NULL, NULL, NULL, NULL),
(199, 10000077, 'Recycling Club', 'AH', '7', 1, 1, 7, NULL, NULL, NULL, NULL, NULL),
(200, 10000077, 'French Exchange CLub', 'AI', '10', 4, NULL, NULL, NULL, NULL, NULL, NULL, NULL),
(201, 10000077, 'Science Club', 'AS', '7', 3, 3, 4, NULL, NULL, NULL, NULL, NULL),
(202, 10000077, 'Italian Club', 'AG', '5', 5, 4, 7, NULL, NULL, NULL, NULL, NULL),
(203, 10000077, 'Investment Club', 'AC', '9', 3, 2, 5, NULL, NULL, NULL, NULL, NULL),
(204, 10000078, 'Debate Club', 'AF', '9', 3, 3, 7, NULL, NULL, NULL, NULL, NULL),
(205, 10000078, 'TV Studio', 'AP', NULL, 3, NULL, NULL, NULL, NULL, NULL, NULL, NULL),
(217, 10000085, 'TV Studio', 'AP', '10', 3, 7, 7, NULL, NULL, NULL, NULL, NULL),
(218, 10000085, 'Model UN', 'AL', '7', 3, 7, 7, NULL, NULL, NULL, NULL, NULL),
(219, 10000085, 'Glee Club', 'AV', NULL, 2, 3, 6, NULL, NULL, NULL, NULL, NULL),
(220, 10000087, 'Investment Club', 'AC', '9', 3, 7, 7, NULL, NULL, NULL, NULL, NULL),
(221, 10000088, 'Quiz Bowl', 'AK', NULL, 4, 5, 7, NULL, NULL, NULL, NULL, NULL),
(222, 10000089, 'French Exchange CLub', 'AI', '10', 3, 4, 5, NULL, NULL, NULL, NULL, NULL),
(223, 10000090, 'Quiz Bowl', 'AK', NULL, NULL, 3, 5, NULL, NULL, NULL, NULL, NULL),
(224, 10000090, 'Debate Club', 'AF', NULL, NULL, 4, 7, NULL, NULL, NULL, NULL, NULL),
(225, 10000090, 'Science Club', 'AS', NULL, 5, 5, 5, NULL, NULL, NULL, NULL, NULL),
(226, 10000090, 'Recycling Club', 'AH', '1', 1, NULL, NULL, NULL, NULL, NULL, NULL, NULL),
(227, 10000091, 'Recycling Club', 'AH', '10', 4, 7, 7, NULL, NULL, NULL, NULL, NULL),
(228, 10000091, 'Investment Club', 'AC', '13', 2, 6, 7, NULL, NULL, NULL, NULL, NULL),
(229, 10000091, 'French Club', 'AJ', '6', 5, 7, 7, NULL, NULL, NULL, NULL, NULL),
(230, 10000091, 'TV Studio', 'AP', '12', 3, 7, 7, NULL, NULL, NULL, NULL, NULL),
(231, 10000091, 'Honor Society', 'AA', NULL, 2, 7, 7, NULL, NULL, NULL, NULL, NULL),
(232, 10000092, 'TV Studio', 'AP', NULL, 2, 5, 7, NULL, NULL, NULL, NULL, NULL),
(233, 10000092, 'Debate Club', 'AF', NULL, 3, 5, 5, NULL, NULL, NULL, NULL, NULL),
(234, 10000092, 'Honor Society', 'AA', '12', 3, 5, 5, NULL, NULL, NULL, NULL, NULL),
(235, 10000092, 'French Exchange CLub', 'AI', '5', 5, 5, 5, NULL, NULL, NULL, NULL, NULL),
(236, 10000093, 'Quiz Bowl', 'AK', '7', 1, 3, 6, NULL, NULL, NULL, NULL, NULL),
(237, 10000093, 'Investment Club', 'AC', '5', 2, 6, 7, NULL, NULL, NULL, NULL, NULL),
(238, 10000093, 'Science Club', 'AS', '2', 3, 4, 6, NULL, NULL, NULL, NULL, NULL),
(239, 10000094, 'French Club', 'AJ', NULL, NULL, 1, 4, NULL, NULL, NULL, NULL, NULL),
(240, 10000098, 'Italian Club', 'AG', NULL, 4, 4, 7, NULL, NULL, NULL, NULL, NULL),
(241, 10000098, 'Model UN', 'AL', '3', 5, 3, 3, NULL, NULL, NULL, NULL, NULL),
(242, 10000098, 'Recycling Club', 'AH', NULL, 3, 5, 5, NULL, NULL, NULL, NULL, NULL),
(243, 10000099, 'Quiz Bowl', 'AK', '5', 5, 7, 7, NULL, NULL, NULL, NULL, NULL),
(244, 10000099, 'French Club', 'AJ', NULL, 4, 5, 7, NULL, NULL, NULL, NULL, NULL),
(245, 10000099, 'Model UN', 'AL', '3', 5, 3, 4, NULL, NULL, NULL, NULL, NULL),
(246, 10000101, 'Science Club', 'AS', '2', 1, 7, 7, NULL, NULL, NULL, NULL, NULL),
(247, 10000101, 'Model UN', 'AL', '6', 1, 4, 6, NULL, NULL, NULL, NULL, NULL),
(248, 10000101, 'Debate Club', 'AF', NULL, 3, 4, 4, NULL, NULL, NULL, NULL, NULL),
(249, 10000102, 'Science Club', 'AS', '2', 4, 6, 7, NULL, NULL, NULL, NULL, NULL),
(250, 10000102, 'Recycling Club', 'AH', '8', 5, 5, 6, NULL, NULL, NULL, NULL, NULL),
(251, 10000103, 'Debate Club', 'AF', NULL, 1, 7, 7, NULL, NULL, NULL, NULL, NULL),
(252, 10000103, 'Science Club', 'AS', '9', 1, 2, 3, NULL, NULL, NULL, NULL, NULL),
(253, 10000103, 'French Club', 'AJ', '3', NULL, 5, 6, NULL, NULL, NULL, NULL, NULL),
(254, 10000103, 'Recycling Club', 'AH', '8', 2, 3, 7, NULL, NULL, NULL, NULL, NULL),
(255, 10000103, 'French Exchange CLub', 'AI', '6', 1, 4, 5, NULL, NULL, NULL, NULL, NULL),
(256, 10000104, 'Model UN', 'AL', '1', 3, 5, 5, NULL, NULL, NULL, NULL, NULL),
(257, 10000105, 'Quiz Bowl', 'AK', NULL, 5, 2, 3, NULL, NULL, NULL, NULL, NULL),
(258, 10000105, 'Model UN', 'AL', NULL, 5, NULL, NULL, NULL, NULL, NULL, NULL, NULL),
(259, 10000106, 'Science Club', 'AS', '10', 4, 3, 6, NULL, NULL, NULL, NULL, NULL),
(260, 10000106, 'Glee Club', 'AV', NULL, 5, 3, 4, NULL, NULL, NULL, NULL, NULL),
(261, 10000107, 'French Club', 'AJ', '6', 3, 2, 7, NULL, NULL, NULL, NULL, NULL),
(262, 10000107, 'Model UN', 'AL', '1', 2, 5, 6, NULL, NULL, NULL, NULL, NULL),
(263, 10000108, 'Investment Club', 'AC', '13', 1, 4, 6, NULL, NULL, NULL, NULL, NULL),
(264, 10000108, 'Quiz Bowl', 'AK', '13', 2, 7, 7, NULL, NULL, NULL, NULL, NULL),
(265, 10000108, 'Recycling Club', 'AH', '5', 5, 3, 7, NULL, NULL, NULL, NULL, NULL),
(266, 10000109, 'French Club', 'AJ', NULL, 2, 7, 7, NULL, NULL, NULL, NULL, NULL),
(267, 10000110, 'Model UN', 'AL', '11', 3, 5, 7, NULL, NULL, NULL, NULL, NULL),
(268, 10000111, 'Debate Club', 'AF', '8', 3, 3, 5, NULL, NULL, NULL, NULL, NULL),
(269, 10000111, 'Model UN', 'AL', '4', 2, NULL, NULL, NULL, NULL, NULL, NULL, NULL),
(270, 10000111, 'French Exchange CLub', 'AI', '1', 1, 1, 2, NULL, NULL, NULL, NULL, NULL),
(271, 10000111, 'Recycling Club', 'AH', NULL, 2, 6, 7, NULL, NULL, NULL, NULL, NULL),
(272, 10000111, 'Italian Club', 'AG', NULL, 4, 5, 5, NULL, NULL, NULL, NULL, NULL),
(273, 10000112, 'Science Club', 'AS', NULL, 3, 6, 6, NULL, NULL, NULL, NULL, NULL),
(274, 10000112, 'Model UN', 'AL', '9', 4, 2, 3, NULL, NULL, NULL, NULL, NULL),
(275, 10000112, 'Investment Club', 'AC', '8', 3, 3, 3, NULL, NULL, NULL, NULL, NULL),
(276, 10000113, 'Honor Society', 'AA', '7', 5, 3, 4, NULL, NULL, NULL, NULL, NULL),
(277, 10000114, 'French Exchange CLub', 'AI', '8', NULL, 5, 7, NULL, NULL, NULL, NULL, NULL),
(278, 10000114, 'French Club', 'AJ', '11', 1, 7, 7, NULL, NULL, NULL, NULL, NULL),
(279, 10000114, 'TV Studio', 'AP', '11', 5, 6, 6, NULL, NULL, NULL, NULL, NULL),
(280, 10000114, 'Quiz Bowl', 'AK', NULL, 5, 2, 4, NULL, NULL, NULL, NULL, NULL),
(281, 10000114, 'Christian Club', 'AR', NULL, 1, 1, 4, NULL, NULL, NULL, NULL, NULL),
(282, 10000115, 'French Club', 'AJ', NULL, 5, 7, 7, NULL, NULL, NULL, NULL, NULL),
(283, 10000115, 'Italian Club', 'AG', NULL, 3, 5, 5, NULL, NULL, NULL, NULL, NULL),
(284, 10000115, 'Model UN', 'AL', '2', 1, 4, 4, NULL, NULL, NULL, NULL, NULL),
(285, 10000115, 'Recycling Club', 'AH', '10', 2, 4, 7, NULL, NULL, NULL, NULL, NULL),
(286, 10000116, 'French Exchange CLub', 'AI', '12', 5, 6, 6, NULL, NULL, NULL, NULL, NULL),
(287, 10000116, 'French Club', 'AJ', '9', 2, 1, 6, NULL, NULL, NULL, NULL, NULL),
(288, 10000117, 'Recycling Club', 'AH', '9', 3, 1, 3, NULL, NULL, NULL, NULL, NULL),
(289, 10000117, 'Science Club', 'AS', '12', 3, 7, 7, NULL, NULL, NULL, NULL, NULL),
(290, 10000118, 'Investment Club', 'AC', '5', 1, 7, 7, NULL, NULL, NULL, NULL, NULL),
(291, 10000121, 'Recycling Club', 'AH', NULL, 5, 7, 7, NULL, NULL, NULL, NULL, NULL),
(292, 10000121, 'Christian Club', 'AR', '7', 4, 4, 7, NULL, NULL, NULL, NULL, NULL),
(293, 10000121, 'Debate Club', 'AF', '9', 1, 5, 7, NULL, NULL, NULL, NULL, NULL),
(294, 10000122, 'Christian Club', 'AR', '7', 4, 7, 7, NULL, NULL, NULL, NULL, NULL),
(295, 10000123, 'Honor Society', 'AA', NULL, 3, NULL, NULL, NULL, NULL, NULL, NULL, NULL),
(296, 10000123, 'Model UN', 'AL', NULL, 4, 2, 4, NULL, NULL, NULL, NULL, NULL),
(297, 10000123, 'Glee Club', 'AV', '11', 1, 3, 6, NULL, NULL, NULL, NULL, NULL),
(298, 10000123, 'Science Club', 'AS', '8', 3, NULL, NULL, NULL, NULL, NULL, NULL, NULL),
(299, 10000123, 'TV Studio', 'AP', '1', 2, 1, 1, NULL, NULL, NULL, NULL, NULL),
(300, 10000124, 'French Club', 'AJ', NULL, 3, 5, 6, NULL, NULL, NULL, NULL, NULL),
(301, 10000124, 'Italian Club', 'AG', NULL, 2, 6, 6, NULL, NULL, NULL, NULL, NULL),
(302, 10000124, 'Christian Club', 'AR', '11', 2, 6, 6, NULL, NULL, NULL, NULL, NULL),
(303, 10000124, 'Model UN', 'AL', '8', 3, 2, 2, NULL, NULL, NULL, NULL, NULL),
(304, 10000125, 'French Club', 'AJ', '5', 2, 7, 7, NULL, NULL, NULL, NULL, NULL),
(305, 10000125, 'Investment Club', 'AC', '4', NULL, 7, 7, NULL, NULL, NULL, NULL, NULL),
(306, 10000125, 'French Exchange CLub', 'AI', '8', 3, 3, 3, NULL, NULL, NULL, NULL, NULL),
(307, 10000125, 'Italian Club', 'AG', '12', 1, 6, 7, NULL, NULL, NULL, NULL, NULL),
(308, 10000126, 'Debate Club', 'AF', '6', 5, 4, 5, NULL, NULL, NULL, NULL, NULL),
(309, 10000126, 'Science Club', 'AS', NULL, 2, 1, 4, NULL, NULL, NULL, NULL, NULL),
(310, 10000126, 'Recycling Club', 'AH', '4', NULL, 7, 7, NULL, NULL, NULL, NULL, NULL),
(311, 10000128, 'Christian Club', 'AR', '4', 2, 3, 4, NULL, NULL, NULL, NULL, NULL),
(312, 10000128, 'Investment Club', 'AC', '12', 3, 7, 7, NULL, NULL, NULL, NULL, NULL),
(313, 10000128, 'French Club', 'AJ', NULL, 4, 6, 7, NULL, NULL, NULL, NULL, NULL),
(314, 10000128, 'Science Club', 'AS', '8', 2, 2, 4, NULL, NULL, NULL, NULL, NULL),
(315, 10000128, 'French Exchange CLub', 'AI', NULL, 4, 2, 2, NULL, NULL, NULL, NULL, NULL),
(316, 10000129, 'Investment Club', 'AC', '13', NULL, 5, 6, NULL, NULL, NULL, NULL, NULL),
(317, 10000129, 'Italian Club', 'AG', NULL, 2, 2, 7, NULL, NULL, NULL, NULL, NULL),
(318, 10000129, 'TV Studio', 'AP', NULL, 3, 5, 5, NULL, NULL, NULL, NULL, NULL),
(319, 10000129, 'Quiz Bowl', 'AK', NULL, 3, 3, 3, NULL, NULL, NULL, NULL, NULL),
(320, 10000130, 'Science Club', 'AS', '6', 4, 1, 6, NULL, NULL, NULL, NULL, NULL),
(321, 10000130, 'Investment Club', 'AC', '7', 5, 7, 7, NULL, NULL, NULL, NULL, NULL),
(322, 10000130, 'Honor Society', 'AA', '8', 3, 3, 4, NULL, NULL, NULL, NULL, NULL),
(323, 10000130, 'Glee Club', 'AV', NULL, 2, 3, 4, NULL, NULL, NULL, NULL, NULL),
(324, 10000130, 'Model UN', 'AL', '9', 1, 2, 5, NULL, NULL, NULL, NULL, NULL),
(325, 10000131, 'Quiz Bowl', 'AK', NULL, NULL, 2, 2, NULL, NULL, NULL, NULL, NULL),
(326, 10000132, 'Science Club', 'AS', '11', 3, 7, 7, NULL, NULL, NULL, NULL, NULL),
(327, 10000133, 'Science Club', 'AS', NULL, NULL, 7, 7, NULL, NULL, NULL, NULL, NULL),
(328, 10000134, 'Science Club', 'AS', NULL, 1, 4, 7, NULL, NULL, NULL, NULL, NULL),
(329, 10000134, 'Recycling Club', 'AH', '7', 2, NULL, NULL, NULL, NULL, NULL, NULL, NULL),
(330, 10000134, 'French Exchange CLub', 'AI', NULL, 3, 3, 5, NULL, NULL, NULL, NULL, NULL),
(331, 10000134, 'Glee Club', 'AV', '13', 1, NULL, NULL, NULL, NULL, NULL, NULL, NULL),
(332, 10000134, 'Debate Club', 'AF', NULL, 1, 5, 5, NULL, NULL, NULL, NULL, NULL),
(333, 10000135, 'Science Club', 'AS', NULL, 2, 1, 2, NULL, NULL, NULL, NULL, NULL),
(334, 10000136, 'Debate Club', 'AF', '3', 5, NULL, NULL, NULL, NULL, NULL, NULL, NULL),
(335, 10000136, 'French Exchange CLub', 'AI', '5', NULL, 6, 6, NULL, NULL, NULL, NULL, NULL),
(336, 10000136, 'TV Studio', 'AP', '7', 2, 6, 7, NULL, NULL, NULL, NULL, NULL),
(337, 10000137, 'French Club', 'AJ', NULL, 2, 4, 4, NULL, NULL, NULL, NULL, NULL),
(338, 10000137, 'Italian Club', 'AG', '5', 2, 2, 4, NULL, NULL, NULL, NULL, NULL),
(339, 10000137, 'Glee Club', 'AV', '8', 5, 7, 7, NULL, NULL, NULL, NULL, NULL),
(340, 10000137, 'French Exchange CLub', 'AI', NULL, 2, 2, 6, NULL, NULL, NULL, NULL, NULL),
(341, 10000137, 'Debate Club', 'AF', NULL, 4, 1, 5, NULL, NULL, NULL, NULL, NULL),
(342, 10000138, 'TV Studio', 'AP', NULL, 3, 2, 4, NULL, NULL, NULL, NULL, NULL),
(343, 10000138, 'Science Club', 'AS', NULL, 2, 4, 5, NULL, NULL, NULL, NULL, NULL),
(344, 10000140, 'Italian Club', 'AG', '4', 1, NULL, NULL, NULL, NULL, NULL, NULL, NULL),
(345, 10000140, 'French Exchange CLub', 'AI', '9', 1, 3, 5, NULL, NULL, NULL, NULL, NULL),
(346, 10000140, 'Model UN', 'AL', '7', 5, 3, 7, NULL, NULL, NULL, NULL, NULL),
(347, 10000140, 'Science Club', 'AS', '8', 5, 4, 7, NULL, NULL, NULL, NULL, NULL),
(348, 10000140, 'TV Studio', 'AP', '2', 1, 5, 7, NULL, NULL, NULL, NULL, NULL),
(349, 10000141, 'TV Studio', 'AP', '8', 5, 2, 3, NULL, NULL, NULL, NULL, NULL),
(350, 10000141, 'Italian Club', 'AG', NULL, 5, 6, 6, NULL, NULL, NULL, NULL, NULL),
(351, 10000141, 'French Club', 'AJ', '13', 5, 7, 7, NULL, NULL, NULL, NULL, NULL),
(352, 10000141, 'Model UN', 'AL', '4', 2, 1, 3, NULL, NULL, NULL, NULL, NULL),
(354, 102, 'test', 'AQ', '', NULL, 2, 6, 'test comment', '2012-03-25 21:39:06', 102, '2012-03-25 21:39:06', 102);

-- --------------------------------------------------------

--
-- Table structure for table `tbl_activity_type`
--

CREATE TABLE IF NOT EXISTS `tbl_activity_type` (
  `id` char(2) NOT NULL,
  `name` varchar(40) NOT NULL,
  PRIMARY KEY (`id`)
) ENGINE=InnoDB DEFAULT CHARSET=latin1;

--
-- Dumping data for table `tbl_activity_type`
--

INSERT INTO `tbl_activity_type` (`id`, `name`) VALUES
('AA', 'Academic Honor Society'),
('AB', 'Art Club/Activity'),
('AC', 'Business Club'),
('AD', 'Computer Club'),
('AE', 'Dance Activity/Group'),
('AF', 'Debate/Public Speaking'),
('AG', 'Ethnic Organization'),
('AH', 'Environmental Club'),
('AI', 'Foreign Exchange Program'),
('AJ', 'Foreign Language'),
('AK', 'Game Club'),
('AL', 'Government/Political Club'),
('AM', 'Journalism / Newspaper'),
('AN', 'Literary Club'),
('AO', 'Math Club'),
('AP', 'Media / AudioVisual'),
('AQ', 'Quiz Bowl'),
('AR', 'Religious Club'),
('AS', 'Science Club'),
('AT', 'School Spirit Activity'),
('AU', 'Student Government'),
('AV', 'Theater Activity'),
('AW', 'Other Club');

-- --------------------------------------------------------

--
-- Table structure for table `tbl_adminuser`
--

CREATE TABLE IF NOT EXISTS `tbl_adminuser` (
  `id` int(11) NOT NULL AUTO_INCREMENT,
  `username` varchar(50) DEFAULT NULL,
  `password` varchar(200) DEFAULT NULL,
  `status` tinyint(2) DEFAULT '1',
  PRIMARY KEY (`id`)
) ENGINE=MyISAM DEFAULT CHARSET=latin1 AUTO_INCREMENT=1 ;

--
-- Dumping data for table `tbl_adminuser`
--


-- --------------------------------------------------------

--
-- Table structure for table `tbl_ap_profile`
--

CREATE TABLE IF NOT EXISTS `tbl_ap_profile` (
  `id` int(10) unsigned NOT NULL AUTO_INCREMENT,
  `user_id` int(10) unsigned NOT NULL,
  `ap_id` char(2) NOT NULL,
  `score` int(1) unsigned DEFAULT NULL,
  `date_taken` date DEFAULT NULL,
  `create_time` datetime DEFAULT NULL,
  `create_user_id` int(10) unsigned DEFAULT NULL,
  `update_time` datetime DEFAULT NULL,
  `update_user_id` int(10) unsigned DEFAULT NULL,
  PRIMARY KEY (`id`),
  KEY `USER` (`user_id`),
  KEY `TYPE` (`ap_id`)
) ENGINE=InnoDB  DEFAULT CHARSET=latin1 AUTO_INCREMENT=380 ;

--
-- Dumping data for table `tbl_ap_profile`
--

INSERT INTO `tbl_ap_profile` (`id`, `user_id`, `ap_id`, `score`, `date_taken`, `create_time`, `create_user_id`, `update_time`, `update_user_id`) VALUES
(15, 68, 'FL', 2, NULL, '2011-11-07 22:56:54', 68, '2011-11-07 22:56:54', 68),
(16, 72, 'CH', 4, NULL, '2011-11-08 13:44:16', 72, '2011-11-08 13:44:16', 72),
(17, 76, 'AB', 4, NULL, '2011-11-08 20:42:14', 76, '2011-11-08 20:42:14', 76),
(18, 76, 'CH', 5, NULL, '2011-11-08 20:42:18', 76, '2011-11-08 20:42:18', 76),
(19, 76, 'BI', 5, NULL, '2011-11-08 20:42:25', 76, '2011-11-08 20:42:25', 76),
(20, 80, 'UH', 3, NULL, '2011-11-08 22:30:47', 80, '2011-11-08 22:30:47', 80),
(21, 82, 'EL', 4, NULL, '2011-11-08 22:38:56', 82, '2011-11-08 22:38:56', 82),
(22, 83, 'AB', 4, NULL, '2011-11-09 11:49:38', 83, '2011-11-09 11:49:38', 83),
(26, 10000000, 'ES', 3, NULL, NULL, NULL, NULL, NULL),
(27, 10000000, 'UG', 1, NULL, NULL, NULL, NULL, NULL),
(28, 10000000, 'SA', 2, NULL, NULL, NULL, NULL, NULL),
(29, 10000001, 'UH', 5, NULL, NULL, NULL, NULL, NULL),
(30, 10000001, 'MI', 5, NULL, NULL, NULL, NULL, NULL),
(31, 10000001, 'LV', 2, NULL, NULL, NULL, NULL, NULL),
(32, 10000001, 'MT', 4, NULL, NULL, NULL, NULL, NULL),
(33, 10000001, 'EN', 2, NULL, NULL, NULL, NULL, NULL),
(34, 10000002, 'SP', 4, NULL, NULL, NULL, NULL, NULL),
(35, 10000002, 'AH', 4, NULL, NULL, NULL, NULL, NULL),
(36, 10000002, 'HG', 3, NULL, NULL, NULL, NULL, NULL),
(37, 10000002, 'EL', 2, NULL, NULL, NULL, NULL, NULL),
(38, 10000003, 'SP', 2, NULL, NULL, NULL, NULL, NULL),
(39, 10000003, 'CH', 4, NULL, NULL, NULL, NULL, NULL),
(40, 10000003, 'BC', 1, NULL, NULL, NULL, NULL, NULL),
(41, 10000003, 'FL', 2, NULL, NULL, NULL, NULL, NULL),
(42, 10000003, 'UG', 4, NULL, NULL, NULL, NULL, NULL),
(43, 10000004, 'GL', 4, NULL, NULL, NULL, NULL, NULL),
(44, 10000005, 'PB', 4, NULL, NULL, NULL, NULL, NULL),
(45, 10000005, 'SP', 3, NULL, NULL, NULL, NULL, NULL),
(46, 10000005, 'GL', 3, NULL, NULL, NULL, NULL, NULL),
(47, 10000006, 'SP', 4, NULL, NULL, NULL, NULL, NULL),
(48, 10000006, 'SL', 3, NULL, NULL, NULL, NULL, NULL),
(49, 10000006, 'MA', 3, NULL, NULL, NULL, NULL, NULL),
(50, 10000006, 'MT', 3, NULL, NULL, NULL, NULL, NULL),
(51, 10000006, 'UG', 2, NULL, NULL, NULL, NULL, NULL),
(52, 10000007, 'EL', 1, NULL, NULL, NULL, NULL, NULL),
(53, 10000007, 'GL', 2, NULL, NULL, NULL, NULL, NULL),
(54, 10000007, 'FL', 4, NULL, NULL, NULL, NULL, NULL),
(55, 10000008, 'HG', 2, NULL, NULL, NULL, NULL, NULL),
(56, 10000008, 'AH', 1, NULL, NULL, NULL, NULL, NULL),
(57, 10000008, 'AB', 5, NULL, NULL, NULL, NULL, NULL),
(58, 10000008, 'BI', 3, NULL, NULL, NULL, NULL, NULL),
(59, 10000008, 'WH', 4, NULL, NULL, NULL, NULL, NULL),
(60, 10000009, 'ES', 1, NULL, NULL, NULL, NULL, NULL),
(61, 10000009, 'MA', 2, NULL, NULL, NULL, NULL, NULL),
(62, 10000009, 'CS', 3, NULL, NULL, NULL, NULL, NULL),
(63, 10000010, 'SL', 2, NULL, NULL, NULL, NULL, NULL),
(64, 10000010, 'SA', 2, NULL, NULL, NULL, NULL, NULL),
(65, 10000010, 'LV', 4, NULL, NULL, NULL, NULL, NULL),
(66, 10000010, 'WH', 3, NULL, NULL, NULL, NULL, NULL),
(67, 10000011, 'CG', 5, NULL, NULL, NULL, NULL, NULL),
(68, 10000011, 'GL', 5, NULL, NULL, NULL, NULL, NULL),
(69, 10000011, 'EL', 3, NULL, NULL, NULL, NULL, NULL),
(70, 10000011, 'UH', 4, NULL, NULL, NULL, NULL, NULL),
(71, 10000011, 'EN', 1, NULL, NULL, NULL, NULL, NULL),
(72, 10000012, 'HG', 4, NULL, NULL, NULL, NULL, NULL),
(73, 10000012, 'GL', 1, NULL, NULL, NULL, NULL, NULL),
(74, 10000012, 'UG', 3, NULL, NULL, NULL, NULL, NULL),
(75, 10000012, 'CS', 3, NULL, NULL, NULL, NULL, NULL),
(76, 10000013, 'BC', 1, NULL, NULL, NULL, NULL, NULL),
(77, 10000013, 'MI', 4, NULL, NULL, NULL, NULL, NULL),
(78, 10000013, 'AH', 4, NULL, NULL, NULL, NULL, NULL),
(79, 10000014, 'UG', 3, NULL, NULL, NULL, NULL, NULL),
(80, 10000015, 'MT', 5, NULL, NULL, NULL, NULL, NULL),
(81, 10000015, 'SL', 3, NULL, NULL, NULL, NULL, NULL),
(82, 10000015, 'AB', 5, NULL, NULL, NULL, NULL, NULL),
(83, 10000015, 'PB', 1, NULL, NULL, NULL, NULL, NULL),
(84, 10000015, 'PS', 5, NULL, NULL, NULL, NULL, NULL),
(85, 10000016, 'CL', 1, NULL, NULL, NULL, NULL, NULL),
(86, 10000016, 'LV', 1, NULL, NULL, NULL, NULL, NULL),
(87, 10000016, 'WH', 4, NULL, NULL, NULL, NULL, NULL),
(88, 10000017, 'WH', 5, NULL, NULL, NULL, NULL, NULL),
(89, 10000018, 'WH', 4, NULL, NULL, NULL, NULL, NULL),
(90, 10000018, 'SL', 4, NULL, NULL, NULL, NULL, NULL),
(91, 10000018, 'PS', 4, NULL, NULL, NULL, NULL, NULL),
(92, 10000018, 'LV', 2, NULL, NULL, NULL, NULL, NULL),
(93, 10000018, 'EH', 4, NULL, NULL, NULL, NULL, NULL),
(94, 10000019, 'SP', 3, NULL, NULL, NULL, NULL, NULL),
(95, 10000019, 'JL', 5, NULL, NULL, NULL, NULL, NULL),
(98, 10000020, 'CS', 1, NULL, NULL, NULL, NULL, NULL),
(99, 10000020, 'PS', 4, NULL, NULL, NULL, NULL, NULL),
(100, 10000020, 'BC', 2, NULL, NULL, NULL, NULL, NULL),
(101, 10000020, 'SP', 4, NULL, NULL, NULL, NULL, NULL),
(102, 10000021, 'AB', 3, NULL, NULL, NULL, NULL, NULL),
(103, 10000021, 'SL', 5, NULL, NULL, NULL, NULL, NULL),
(104, 10000021, 'MT', 4, NULL, NULL, NULL, NULL, NULL),
(105, 10000023, 'EL', 5, NULL, NULL, NULL, NULL, NULL),
(106, 10000023, 'CH', 5, NULL, NULL, NULL, NULL, NULL),
(107, 10000023, 'SA', 1, NULL, NULL, NULL, NULL, NULL),
(108, 10000023, 'AH', 1, NULL, NULL, NULL, NULL, NULL),
(109, 10000025, 'WH', 2, NULL, NULL, NULL, NULL, NULL),
(110, 10000025, 'MT', 2, NULL, NULL, NULL, NULL, NULL),
(111, 10000026, 'CS', 2, NULL, NULL, NULL, NULL, NULL),
(112, 10000026, 'PB', 1, NULL, NULL, NULL, NULL, NULL),
(113, 10000026, 'PC', 5, NULL, NULL, NULL, NULL, NULL),
(114, 10000026, 'HG', 5, NULL, NULL, NULL, NULL, NULL),
(115, 10000027, 'CH', 2, NULL, NULL, NULL, NULL, NULL),
(116, 10000027, 'HG', 5, NULL, NULL, NULL, NULL, NULL),
(117, 10000027, 'MA', 2, NULL, NULL, NULL, NULL, NULL),
(118, 10000027, 'PC', 5, NULL, NULL, NULL, NULL, NULL),
(119, 10000027, 'CS', 4, NULL, NULL, NULL, NULL, NULL),
(120, 10000028, 'UH', 4, NULL, NULL, NULL, NULL, NULL),
(121, 10000028, 'WH', 4, NULL, NULL, NULL, NULL, NULL),
(122, 10000029, 'EH', 4, NULL, NULL, NULL, NULL, NULL),
(123, 10000029, 'MI', 2, NULL, NULL, NULL, NULL, NULL),
(124, 10000031, 'MA', 1, NULL, NULL, NULL, NULL, NULL),
(125, 10000031, 'PB', 2, NULL, NULL, NULL, NULL, NULL),
(126, 10000031, 'WH', 5, NULL, NULL, NULL, NULL, NULL),
(127, 10000031, 'SA', 1, NULL, NULL, NULL, NULL, NULL),
(128, 10000031, 'FL', 5, NULL, NULL, NULL, NULL, NULL),
(129, 10000034, 'EL', 1, NULL, NULL, NULL, NULL, NULL),
(130, 10000034, 'BI', 4, NULL, NULL, NULL, NULL, NULL),
(131, 10000035, 'PC', 1, NULL, NULL, NULL, NULL, NULL),
(132, 10000035, 'AH', 2, NULL, NULL, NULL, NULL, NULL),
(133, 10000035, 'HG', 1, NULL, NULL, NULL, NULL, NULL),
(134, 10000035, 'UH', 4, NULL, NULL, NULL, NULL, NULL),
(135, 10000035, 'SL', 3, NULL, NULL, NULL, NULL, NULL),
(136, 10000036, 'SL', 4, NULL, NULL, NULL, NULL, NULL),
(137, 10000036, 'ST', 1, NULL, NULL, NULL, NULL, NULL),
(138, 10000036, 'CH', 1, NULL, NULL, NULL, NULL, NULL),
(139, 10000037, 'CG', 5, NULL, NULL, NULL, NULL, NULL),
(140, 10000037, 'CS', 5, NULL, NULL, NULL, NULL, NULL),
(141, 10000037, 'AB', 2, NULL, NULL, NULL, NULL, NULL),
(142, 10000038, 'ES', 4, NULL, NULL, NULL, NULL, NULL),
(143, 10000038, 'LV', 5, NULL, NULL, NULL, NULL, NULL),
(144, 10000038, 'CL', 1, NULL, NULL, NULL, NULL, NULL),
(145, 10000039, 'EH', 2, NULL, NULL, NULL, NULL, NULL),
(146, 10000039, 'UH', 1, NULL, NULL, NULL, NULL, NULL),
(147, 10000039, 'SP', 2, NULL, NULL, NULL, NULL, NULL),
(148, 10000039, 'SL', 3, NULL, NULL, NULL, NULL, NULL),
(149, 10000040, 'ST', 4, NULL, NULL, NULL, NULL, NULL),
(150, 10000041, 'ST', 1, NULL, NULL, NULL, NULL, NULL),
(151, 10000042, 'JL', 3, NULL, NULL, NULL, NULL, NULL),
(152, 10000042, 'BI', 4, NULL, NULL, NULL, NULL, NULL),
(153, 10000043, 'MI', 2, NULL, NULL, NULL, NULL, NULL),
(154, 10000043, 'CG', 3, NULL, NULL, NULL, NULL, NULL),
(155, 10000044, 'PS', 2, NULL, NULL, NULL, NULL, NULL),
(156, 10000044, 'UG', 4, NULL, NULL, NULL, NULL, NULL),
(157, 10000044, 'FL', 2, NULL, NULL, NULL, NULL, NULL),
(158, 10000047, 'CH', 2, NULL, NULL, NULL, NULL, NULL),
(159, 10000048, 'SA', 2, NULL, NULL, NULL, NULL, NULL),
(160, 10000048, 'UH', 2, NULL, NULL, NULL, NULL, NULL),
(161, 10000050, 'AB', 1, NULL, NULL, NULL, NULL, NULL),
(162, 10000050, 'PC', 3, NULL, NULL, NULL, NULL, NULL),
(163, 10000050, 'EL', 5, NULL, NULL, NULL, NULL, NULL),
(164, 10000050, 'HG', 1, NULL, NULL, NULL, NULL, NULL),
(165, 10000051, 'PC', 2, NULL, NULL, NULL, NULL, NULL),
(166, 10000051, 'AB', 2, NULL, NULL, NULL, NULL, NULL),
(167, 10000052, 'SL', 2, NULL, NULL, NULL, NULL, NULL),
(168, 10000052, 'PC', 4, NULL, NULL, NULL, NULL, NULL),
(169, 10000052, 'SA', 3, NULL, NULL, NULL, NULL, NULL),
(170, 10000052, 'UH', 5, NULL, NULL, NULL, NULL, NULL),
(171, 10000053, 'AB', 3, NULL, NULL, NULL, NULL, NULL),
(172, 10000053, 'EN', 1, NULL, NULL, NULL, NULL, NULL),
(173, 10000054, 'SL', 5, NULL, NULL, NULL, NULL, NULL),
(174, 10000054, 'MI', 2, NULL, NULL, NULL, NULL, NULL),
(175, 10000054, 'PS', 5, NULL, NULL, NULL, NULL, NULL),
(176, 10000054, 'BI', 3, NULL, NULL, NULL, NULL, NULL),
(177, 10000055, 'AB', 5, NULL, NULL, NULL, NULL, NULL),
(178, 10000056, 'ST', 1, NULL, NULL, NULL, NULL, NULL),
(179, 10000056, 'EN', 2, NULL, NULL, NULL, NULL, NULL),
(180, 10000056, 'EL', 2, NULL, NULL, NULL, NULL, NULL),
(181, 10000056, 'JL', 3, NULL, NULL, NULL, NULL, NULL),
(182, 10000057, 'UH', 4, NULL, NULL, NULL, NULL, NULL),
(183, 10000057, 'ES', 4, NULL, NULL, NULL, NULL, NULL),
(184, 10000057, 'HG', 1, NULL, NULL, NULL, NULL, NULL),
(185, 10000057, 'MA', 1, NULL, NULL, NULL, NULL, NULL),
(186, 10000058, 'MI', 2, NULL, NULL, NULL, NULL, NULL),
(187, 10000058, 'FL', 4, NULL, NULL, NULL, NULL, NULL),
(188, 10000058, 'MT', 2, NULL, NULL, NULL, NULL, NULL),
(189, 10000058, 'HG', 1, NULL, NULL, NULL, NULL, NULL),
(190, 10000058, 'AH', 5, NULL, NULL, NULL, NULL, NULL),
(191, 10000059, 'SA', 4, NULL, NULL, NULL, NULL, NULL),
(192, 10000059, 'HG', 2, NULL, NULL, NULL, NULL, NULL),
(193, 10000059, 'CH', 3, NULL, NULL, NULL, NULL, NULL),
(194, 10000060, 'MT', 2, NULL, NULL, NULL, NULL, NULL),
(195, 10000061, 'BI', 5, NULL, NULL, NULL, NULL, NULL),
(196, 10000061, 'WH', 5, NULL, NULL, NULL, NULL, NULL),
(197, 10000061, 'MA', 5, NULL, NULL, NULL, NULL, NULL),
(198, 10000063, 'PB', 2, NULL, NULL, NULL, NULL, NULL),
(199, 10000063, 'PC', 2, NULL, NULL, NULL, NULL, NULL),
(200, 10000063, 'GL', 3, NULL, NULL, NULL, NULL, NULL),
(201, 10000063, 'HG', 2, NULL, NULL, NULL, NULL, NULL),
(202, 10000063, 'AH', 2, NULL, NULL, NULL, NULL, NULL),
(203, 10000064, 'EN', 1, NULL, NULL, NULL, NULL, NULL),
(204, 10000064, 'ES', 4, NULL, NULL, NULL, NULL, NULL),
(205, 10000064, 'SL', 3, NULL, NULL, NULL, NULL, NULL),
(206, 10000064, 'MI', 5, NULL, NULL, NULL, NULL, NULL),
(207, 10000064, 'MT', 1, NULL, NULL, NULL, NULL, NULL),
(208, 10000066, 'ES', 5, NULL, NULL, NULL, NULL, NULL),
(209, 10000066, 'BC', 2, NULL, NULL, NULL, NULL, NULL),
(210, 10000066, 'CH', 1, NULL, NULL, NULL, NULL, NULL),
(211, 10000066, 'EN', 1, NULL, NULL, NULL, NULL, NULL),
(212, 10000066, 'JL', 2, NULL, NULL, NULL, NULL, NULL),
(213, 10000068, 'UG', 3, NULL, NULL, NULL, NULL, NULL),
(214, 10000068, 'HG', 1, NULL, NULL, NULL, NULL, NULL),
(215, 10000068, 'FL', 5, NULL, NULL, NULL, NULL, NULL),
(216, 10000069, 'GL', 2, NULL, NULL, NULL, NULL, NULL),
(217, 10000069, 'MA', 3, NULL, NULL, NULL, NULL, NULL),
(218, 10000070, 'FL', 2, NULL, NULL, NULL, NULL, NULL),
(219, 10000070, 'EN', 1, NULL, NULL, NULL, NULL, NULL),
(220, 10000070, 'PS', 1, NULL, NULL, NULL, NULL, NULL),
(221, 10000071, 'FL', 4, NULL, NULL, NULL, NULL, NULL),
(222, 10000072, 'JL', 3, NULL, NULL, NULL, NULL, NULL),
(223, 10000072, 'EL', 4, NULL, NULL, NULL, NULL, NULL),
(224, 10000072, 'CH', 1, NULL, NULL, NULL, NULL, NULL),
(225, 10000072, 'SA', 3, NULL, NULL, NULL, NULL, NULL),
(226, 10000073, 'LV', 1, NULL, NULL, NULL, NULL, NULL),
(227, 10000074, 'MT', 1, NULL, NULL, NULL, NULL, NULL),
(228, 10000074, 'ES', 1, NULL, NULL, NULL, NULL, NULL),
(229, 10000074, 'EN', 5, NULL, NULL, NULL, NULL, NULL),
(230, 10000074, 'CS', 3, NULL, NULL, NULL, NULL, NULL),
(231, 10000075, 'AH', 1, NULL, NULL, NULL, NULL, NULL),
(232, 10000075, 'ST', 1, NULL, NULL, NULL, NULL, NULL),
(233, 10000076, 'PS', 4, NULL, NULL, NULL, NULL, NULL),
(234, 10000076, 'ST', 2, NULL, NULL, NULL, NULL, NULL),
(235, 10000076, 'FL', 3, NULL, NULL, NULL, NULL, NULL),
(236, 10000077, 'FL', 1, NULL, NULL, NULL, NULL, NULL),
(237, 10000077, 'GL', 5, NULL, NULL, NULL, NULL, NULL),
(238, 10000077, 'EL', 5, NULL, NULL, NULL, NULL, NULL),
(239, 10000078, 'BC', 3, NULL, NULL, NULL, NULL, NULL),
(240, 10000078, 'ST', 3, NULL, NULL, NULL, NULL, NULL),
(241, 10000078, 'PC', 4, NULL, NULL, NULL, NULL, NULL),
(242, 10000085, 'SA', 4, NULL, NULL, NULL, NULL, NULL),
(243, 10000085, 'WH', 5, NULL, NULL, NULL, NULL, NULL),
(244, 10000085, 'PC', 3, NULL, NULL, NULL, NULL, NULL),
(245, 10000085, 'UH', 4, NULL, NULL, NULL, NULL, NULL),
(246, 10000086, 'PC', 2, NULL, NULL, NULL, NULL, NULL),
(247, 10000088, 'FL', 2, NULL, NULL, NULL, NULL, NULL),
(248, 10000089, 'AH', 3, NULL, NULL, NULL, NULL, NULL),
(249, 10000089, 'CH', 5, NULL, NULL, NULL, NULL, NULL),
(250, 10000092, 'LV', 3, NULL, NULL, NULL, NULL, NULL),
(251, 10000092, 'BI', 1, NULL, NULL, NULL, NULL, NULL),
(252, 10000092, 'ST', 5, NULL, NULL, NULL, NULL, NULL),
(253, 10000092, 'PB', 1, NULL, NULL, NULL, NULL, NULL),
(254, 10000092, 'CH', 4, NULL, NULL, NULL, NULL, NULL),
(255, 10000093, 'CL', 4, NULL, NULL, NULL, NULL, NULL),
(256, 10000093, 'UG', 1, NULL, NULL, NULL, NULL, NULL),
(257, 10000093, 'AB', 2, NULL, NULL, NULL, NULL, NULL),
(258, 10000093, 'MI', 3, NULL, NULL, NULL, NULL, NULL),
(259, 10000093, 'GL', 4, NULL, NULL, NULL, NULL, NULL),
(260, 10000094, 'HG', 3, NULL, NULL, NULL, NULL, NULL),
(261, 10000094, 'MT', 3, NULL, NULL, NULL, NULL, NULL),
(262, 10000094, 'UH', 4, NULL, NULL, NULL, NULL, NULL),
(263, 10000095, 'CL', 4, NULL, NULL, NULL, NULL, NULL),
(264, 10000095, 'UG', 2, NULL, NULL, NULL, NULL, NULL),
(265, 10000097, 'CL', 3, NULL, NULL, NULL, NULL, NULL),
(266, 10000097, 'GL', 2, NULL, NULL, NULL, NULL, NULL),
(267, 10000097, 'UG', 2, NULL, NULL, NULL, NULL, NULL),
(268, 10000098, 'HG', 3, NULL, NULL, NULL, NULL, NULL),
(269, 10000098, 'FL', 5, NULL, NULL, NULL, NULL, NULL),
(270, 10000098, 'ST', 3, NULL, NULL, NULL, NULL, NULL),
(271, 10000098, 'CL', 1, NULL, NULL, NULL, NULL, NULL),
(272, 10000099, 'EH', 1, NULL, NULL, NULL, NULL, NULL),
(273, 10000099, 'PB', 1, NULL, NULL, NULL, NULL, NULL),
(274, 10000099, 'ST', 4, NULL, NULL, NULL, NULL, NULL),
(275, 10000100, 'MI', 5, NULL, NULL, NULL, NULL, NULL),
(276, 10000100, 'JL', 1, NULL, NULL, NULL, NULL, NULL),
(277, 10000100, 'PS', 2, NULL, NULL, NULL, NULL, NULL),
(278, 10000101, 'FL', 4, NULL, NULL, NULL, NULL, NULL),
(279, 10000101, 'BI', 3, NULL, NULL, NULL, NULL, NULL),
(280, 10000101, 'WH', 4, NULL, NULL, NULL, NULL, NULL),
(281, 10000101, 'UH', 3, NULL, NULL, NULL, NULL, NULL),
(282, 10000102, 'PC', 3, NULL, NULL, NULL, NULL, NULL),
(283, 10000102, 'ES', 4, NULL, NULL, NULL, NULL, NULL),
(284, 10000102, 'LV', 5, NULL, NULL, NULL, NULL, NULL),
(285, 10000102, 'MA', 1, NULL, NULL, NULL, NULL, NULL),
(286, 10000103, 'JL', 5, NULL, NULL, NULL, NULL, NULL),
(287, 10000103, 'EL', 2, NULL, NULL, NULL, NULL, NULL),
(288, 10000105, 'BI', 1, NULL, NULL, NULL, NULL, NULL),
(289, 10000105, 'HG', 5, NULL, NULL, NULL, NULL, NULL),
(290, 10000105, 'BC', 2, NULL, NULL, NULL, NULL, NULL),
(291, 10000105, 'SA', 3, NULL, NULL, NULL, NULL, NULL),
(292, 10000106, 'ST', 1, NULL, NULL, NULL, NULL, NULL),
(293, 10000108, 'PB', 2, NULL, NULL, NULL, NULL, NULL),
(294, 10000108, 'PC', 2, NULL, NULL, NULL, NULL, NULL),
(295, 10000108, 'EH', 2, NULL, NULL, NULL, NULL, NULL),
(296, 10000108, 'LV', 5, NULL, NULL, NULL, NULL, NULL),
(297, 10000109, 'ES', 3, NULL, NULL, NULL, NULL, NULL),
(298, 10000110, 'SL', 1, NULL, NULL, NULL, NULL, NULL),
(299, 10000111, 'EL', 2, NULL, NULL, NULL, NULL, NULL),
(300, 10000111, 'EN', 2, NULL, NULL, NULL, NULL, NULL),
(301, 10000111, 'UH', 2, NULL, NULL, NULL, NULL, NULL),
(302, 10000111, 'SP', 5, NULL, NULL, NULL, NULL, NULL),
(303, 10000111, 'SA', 5, NULL, NULL, NULL, NULL, NULL),
(304, 10000112, 'PC', 4, NULL, NULL, NULL, NULL, NULL),
(305, 10000113, 'SP', 3, NULL, NULL, NULL, NULL, NULL),
(306, 10000113, 'LV', 4, NULL, NULL, NULL, NULL, NULL),
(307, 10000113, 'PC', 2, NULL, NULL, NULL, NULL, NULL),
(308, 10000113, 'UH', 1, NULL, NULL, NULL, NULL, NULL),
(309, 10000114, 'BC', 5, NULL, NULL, NULL, NULL, NULL),
(310, 10000114, 'FL', 3, NULL, NULL, NULL, NULL, NULL),
(311, 10000114, 'AH', 5, NULL, NULL, NULL, NULL, NULL),
(312, 10000114, 'EH', 2, NULL, NULL, NULL, NULL, NULL),
(313, 10000115, 'SA', 2, NULL, NULL, NULL, NULL, NULL),
(314, 10000115, 'AH', 4, NULL, NULL, NULL, NULL, NULL),
(315, 10000115, 'WH', 5, NULL, NULL, NULL, NULL, NULL),
(316, 10000115, 'HG', 1, NULL, NULL, NULL, NULL, NULL),
(317, 10000116, 'EH', 5, NULL, NULL, NULL, NULL, NULL),
(318, 10000116, 'LV', 5, NULL, NULL, NULL, NULL, NULL),
(319, 10000116, 'ST', 4, NULL, NULL, NULL, NULL, NULL),
(320, 10000117, 'BI', 3, NULL, NULL, NULL, NULL, NULL),
(321, 10000119, 'CL', 4, NULL, NULL, NULL, NULL, NULL),
(322, 10000119, 'AB', 1, NULL, NULL, NULL, NULL, NULL),
(323, 10000120, 'UG', 1, NULL, NULL, NULL, NULL, NULL),
(324, 10000121, 'BI', 2, NULL, NULL, NULL, NULL, NULL),
(325, 10000121, 'AH', 4, NULL, NULL, NULL, NULL, NULL),
(326, 10000121, 'SP', 5, NULL, NULL, NULL, NULL, NULL),
(327, 10000121, 'MT', 4, NULL, NULL, NULL, NULL, NULL),
(328, 10000121, 'EN', 5, NULL, NULL, NULL, NULL, NULL),
(329, 10000122, 'FL', 1, NULL, NULL, NULL, NULL, NULL),
(330, 10000122, 'SP', 5, NULL, NULL, NULL, NULL, NULL),
(331, 10000123, 'SP', 3, NULL, NULL, NULL, NULL, NULL),
(332, 10000123, 'GL', 1, NULL, NULL, NULL, NULL, NULL),
(333, 10000123, 'MA', 3, NULL, NULL, NULL, NULL, NULL),
(334, 10000125, 'EL', 1, NULL, NULL, NULL, NULL, NULL),
(335, 10000125, 'CH', 3, NULL, NULL, NULL, NULL, NULL),
(336, 10000125, 'SA', 4, NULL, NULL, NULL, NULL, NULL),
(337, 10000125, 'PC', 3, NULL, NULL, NULL, NULL, NULL),
(338, 10000126, 'AH', 5, NULL, NULL, NULL, NULL, NULL),
(339, 10000126, 'MI', 5, NULL, NULL, NULL, NULL, NULL),
(340, 10000126, 'UH', 3, NULL, NULL, NULL, NULL, NULL),
(341, 10000126, 'PC', 2, NULL, NULL, NULL, NULL, NULL),
(342, 10000127, 'GL', 4, NULL, NULL, NULL, NULL, NULL),
(343, 10000128, 'JL', 1, NULL, NULL, NULL, NULL, NULL),
(344, 10000131, 'CS', 5, NULL, NULL, NULL, NULL, NULL),
(345, 10000132, 'SA', 1, NULL, NULL, NULL, NULL, NULL),
(346, 10000133, 'ES', 1, NULL, NULL, NULL, NULL, NULL),
(347, 10000133, 'AB', 2, NULL, NULL, NULL, NULL, NULL),
(348, 10000133, 'LV', 2, NULL, NULL, NULL, NULL, NULL),
(349, 10000133, 'BC', 5, NULL, NULL, NULL, NULL, NULL),
(350, 10000134, 'PC', 5, NULL, NULL, NULL, NULL, NULL),
(351, 10000134, 'PS', 1, NULL, NULL, NULL, NULL, NULL),
(352, 10000134, 'LV', 2, NULL, NULL, NULL, NULL, NULL),
(353, 10000134, 'CH', 5, NULL, NULL, NULL, NULL, NULL),
(354, 10000134, 'GL', 1, NULL, NULL, NULL, NULL, NULL),
(355, 10000135, 'SA', 3, NULL, NULL, NULL, NULL, NULL),
(356, 10000135, 'WH', 3, NULL, NULL, NULL, NULL, NULL),
(357, 10000135, 'PC', 5, NULL, NULL, NULL, NULL, NULL),
(358, 10000135, 'EL', 2, NULL, NULL, NULL, NULL, NULL),
(359, 10000135, 'EN', 5, NULL, NULL, NULL, NULL, NULL),
(360, 10000136, 'LV', 4, NULL, NULL, NULL, NULL, NULL),
(361, 10000136, 'CL', 4, NULL, NULL, NULL, NULL, NULL),
(362, 10000136, 'JL', 2, NULL, NULL, NULL, NULL, NULL),
(363, 10000137, 'AB', 3, NULL, NULL, NULL, NULL, NULL),
(364, 10000137, 'UH', 2, NULL, NULL, NULL, NULL, NULL),
(365, 10000138, 'BC', 5, NULL, NULL, NULL, NULL, NULL),
(366, 10000138, 'MI', 2, NULL, NULL, NULL, NULL, NULL),
(367, 10000138, 'CH', 2, NULL, NULL, NULL, NULL, NULL),
(368, 10000138, 'ST', 2, NULL, NULL, NULL, NULL, NULL),
(369, 10000139, 'ES', 3, NULL, NULL, NULL, NULL, NULL),
(370, 10000139, 'CG', 5, NULL, NULL, NULL, NULL, NULL),
(371, 10000139, 'MT', 5, NULL, NULL, NULL, NULL, NULL),
(372, 10000139, 'JL', 4, NULL, NULL, NULL, NULL, NULL),
(373, 10000141, 'CL', 4, NULL, NULL, NULL, NULL, NULL),
(379, 102, 'CG', 4, NULL, '2012-03-25 21:37:42', 102, '2012-03-25 21:37:42', 102);

-- --------------------------------------------------------

--
-- Table structure for table `tbl_ap_type`
--

CREATE TABLE IF NOT EXISTS `tbl_ap_type` (
  `id` char(2) NOT NULL,
  `name` varchar(40) NOT NULL,
  PRIMARY KEY (`id`)
) ENGINE=InnoDB DEFAULT CHARSET=latin1;

--
-- Dumping data for table `tbl_ap_type`
--

INSERT INTO `tbl_ap_type` (`id`, `name`) VALUES
('AB', 'Calculus AB'),
('AH', 'Art History'),
('BC', 'Calculus BC'),
('BI', 'Biology'),
('CG', 'Comp Government and Politics'),
('CH', 'Chemistry'),
('CL', 'Chinese Language and Culture'),
('CS', 'Computer Science A'),
('EH', 'European History'),
('EL', 'English Literature'),
('EN', 'English Language'),
('ES', 'Environmental Science'),
('FL', 'French Language and Culture'),
('GL', 'German'),
('HG', 'Human Geography'),
('JL', 'Japanese Language and Culture'),
('LV', 'Latin: Vergil'),
('MA', 'Macroeconomics'),
('MI', 'Microeconomics'),
('MT', 'Music Theory'),
('PB', 'Physics B'),
('PC', 'Physics C'),
('PS', 'Psychology'),
('SA', 'Studio Art'),
('SL', 'Spanish Literature'),
('SP', 'Spanish Language'),
('ST', 'Statistics'),
('UG', 'U.S. Government and Politics'),
('UH', 'U.S. History'),
('WH', 'World History');

-- --------------------------------------------------------

--
-- Table structure for table `tbl_award_profile`
--

CREATE TABLE IF NOT EXISTS `tbl_award_profile` (
  `id` int(10) unsigned NOT NULL AUTO_INCREMENT,
  `user_id` int(10) unsigned NOT NULL,
  `year` tinyint(4) DEFAULT NULL,
  `award_name` varchar(30) DEFAULT NULL,
  `comments` varchar(50) DEFAULT NULL,
  `region` char(1) DEFAULT NULL,
  `create_time` datetime DEFAULT NULL,
  `create_user_id` int(10) unsigned DEFAULT NULL,
  `update_time` datetime DEFAULT NULL,
  `update_user_id` int(10) unsigned DEFAULT NULL,
  PRIMARY KEY (`id`),
  KEY `USER` (`user_id`)
) ENGINE=InnoDB  DEFAULT CHARSET=latin1 AUTO_INCREMENT=357 ;

--
-- Dumping data for table `tbl_award_profile`
--

INSERT INTO `tbl_award_profile` (`id`, `user_id`, `year`, `award_name`, `comments`, `region`, `create_time`, `create_user_id`, `update_time`, `update_user_id`) VALUES
(3, 28, 4, 'National Latin Exam', 'exam', '6', '2011-10-27 23:18:09', 28, '2011-10-27 23:18:09', 28),
(4, 98, 3, 'df', '', '2', '2011-11-25 23:38:50', 98, '2011-11-25 23:38:50', 98),
(7, 104, 6, 'test', '', '2', '2011-12-05 17:07:29', 104, '2011-12-05 17:07:29', 104),
(8, 10000000, 5, 'F Award', NULL, '8', NULL, NULL, NULL, NULL),
(9, 10000000, 5, 'Future Leaders of America', NULL, '7', NULL, NULL, NULL, NULL),
(10, 10000000, 7, 'G Award', NULL, '7', NULL, NULL, NULL, NULL),
(11, 10000000, 1, 'D Award', NULL, '6', NULL, NULL, NULL, NULL),
(12, 10000000, 5, 'USAToday AllUSA Academic Team', NULL, '3', NULL, NULL, NULL, NULL),
(13, 10000002, 5, 'E Award', NULL, '8', NULL, NULL, NULL, NULL),
(14, 10000005, 1, 'F Award', NULL, '2', NULL, NULL, NULL, NULL),
(15, 10000005, 3, 'C Award', NULL, '2', NULL, NULL, NULL, NULL),
(16, 10000006, 4, 'B Award', NULL, '4', NULL, NULL, NULL, NULL),
(17, 10000006, 3, 'Future Leaders of America', NULL, '7', NULL, NULL, NULL, NULL),
(18, 10000007, 7, 'A Award', NULL, '6', NULL, NULL, NULL, NULL),
(19, 10000007, 4, 'G Award', NULL, '5', NULL, NULL, NULL, NULL),
(20, 10000007, 2, 'D Award', NULL, '2', NULL, NULL, NULL, NULL),
(21, 10000007, 6, 'Book Award', NULL, '1', NULL, NULL, NULL, NULL),
(22, 10000008, 1, 'A Award', NULL, '7', NULL, NULL, NULL, NULL),
(23, 10000009, 6, 'C Award', NULL, '8', NULL, NULL, NULL, NULL),
(24, 10000009, 7, 'Future Leaders of America', NULL, '6', NULL, NULL, NULL, NULL),
(25, 10000010, 5, 'D Award', NULL, '1', NULL, NULL, NULL, NULL),
(26, 10000010, 3, 'B Award', NULL, '3', NULL, NULL, NULL, NULL),
(27, 10000010, 1, 'C Award', NULL, '7', NULL, NULL, NULL, NULL),
(28, 10000010, 1, 'Book Award', NULL, '5', NULL, NULL, NULL, NULL),
(29, 10000010, 5, 'USAToday AllUSA Academic Team', NULL, '3', NULL, NULL, NULL, NULL),
(30, 10000011, 7, 'USAToday AllUSA Academic Team', NULL, '2', NULL, NULL, NULL, NULL),
(31, 10000011, 5, 'C Award', NULL, '3', NULL, NULL, NULL, NULL),
(32, 10000011, 2, 'G Award', NULL, '2', NULL, NULL, NULL, NULL),
(33, 10000012, 6, 'D Award', NULL, '4', NULL, NULL, NULL, NULL),
(34, 10000012, 3, 'H Award', NULL, '8', NULL, NULL, NULL, NULL),
(35, 10000014, 4, 'D Award', NULL, '6', NULL, NULL, NULL, NULL),
(36, 10000014, 1, 'G Award', NULL, '7', NULL, NULL, NULL, NULL),
(37, 10000014, 4, 'Community Service Award', NULL, '5', NULL, NULL, NULL, NULL),
(38, 10000014, 4, 'C Award', NULL, '4', NULL, NULL, NULL, NULL),
(39, 10000015, 6, 'Future Leaders of America', NULL, '5', NULL, NULL, NULL, NULL),
(40, 10000015, 7, 'Community Service Award', NULL, '1', NULL, NULL, NULL, NULL),
(41, 10000016, 5, 'C Award', NULL, '7', NULL, NULL, NULL, NULL),
(42, 10000016, 5, 'Future Leaders of America', NULL, '3', NULL, NULL, NULL, NULL),
(43, 10000016, 2, 'D Award', NULL, '3', NULL, NULL, NULL, NULL),
(44, 10000017, 3, 'B Award', NULL, '7', NULL, NULL, NULL, NULL),
(45, 10000017, 1, 'D Award', NULL, '1', NULL, NULL, NULL, NULL),
(46, 10000018, 2, 'G Award', NULL, '4', NULL, NULL, NULL, NULL),
(47, 10000018, 7, 'Community Service Award', NULL, '6', NULL, NULL, NULL, NULL),
(48, 10000018, 2, 'C Award', NULL, '8', NULL, NULL, NULL, NULL),
(49, 10000018, 4, 'D Award', NULL, '2', NULL, NULL, NULL, NULL),
(50, 10000018, 5, 'H Award', NULL, '6', NULL, NULL, NULL, NULL),
(51, 10000019, 5, 'Future Leaders of America', NULL, '2', NULL, NULL, NULL, NULL),
(55, 10000020, 7, 'A Award', NULL, '1', NULL, NULL, NULL, NULL),
(56, 10000020, 1, 'B Award', NULL, '1', NULL, NULL, NULL, NULL),
(57, 10000022, 7, 'Future Leaders of America', NULL, '3', NULL, NULL, NULL, NULL),
(58, 10000022, 4, 'Community Service Award', NULL, '2', NULL, NULL, NULL, NULL),
(59, 10000024, 7, 'G Award', NULL, '7', NULL, NULL, NULL, NULL),
(60, 10000024, 3, 'D Award', NULL, '2', NULL, NULL, NULL, NULL),
(61, 10000024, 3, 'C Award', NULL, '6', NULL, NULL, NULL, NULL),
(62, 10000024, 1, 'Community Service Award', NULL, '2', NULL, NULL, NULL, NULL),
(63, 10000025, 5, 'C Award', NULL, '2', NULL, NULL, NULL, NULL),
(64, 10000025, 6, 'E Award', NULL, '1', NULL, NULL, NULL, NULL),
(65, 10000025, 6, 'G Award', NULL, '5', NULL, NULL, NULL, NULL),
(66, 10000025, 5, 'Future Leaders of America', NULL, '5', NULL, NULL, NULL, NULL),
(67, 10000025, 4, 'Book Award', NULL, '1', NULL, NULL, NULL, NULL),
(68, 10000026, 4, 'A Award', NULL, '6', NULL, NULL, NULL, NULL),
(69, 10000026, 7, 'Book Award', NULL, '5', NULL, NULL, NULL, NULL),
(70, 10000026, 7, 'B Award', NULL, '7', NULL, NULL, NULL, NULL),
(71, 10000026, 5, 'G Award', NULL, '7', NULL, NULL, NULL, NULL),
(72, 10000026, 6, 'Future Leaders of America', NULL, '4', NULL, NULL, NULL, NULL),
(73, 10000027, 5, 'A Award', NULL, '7', NULL, NULL, NULL, NULL),
(74, 10000028, 2, 'C Award', NULL, '4', NULL, NULL, NULL, NULL),
(75, 10000028, 3, 'USAToday AllUSA Academic Team', NULL, '1', NULL, NULL, NULL, NULL),
(76, 10000029, 1, 'G Award', NULL, '4', NULL, NULL, NULL, NULL),
(77, 10000029, 2, 'B Award', NULL, '4', NULL, NULL, NULL, NULL),
(78, 10000031, 7, 'A Award', NULL, '5', NULL, NULL, NULL, NULL),
(79, 10000031, 4, 'Book Award', NULL, '1', NULL, NULL, NULL, NULL),
(80, 10000031, 2, 'Community Service Award', NULL, '2', NULL, NULL, NULL, NULL),
(81, 10000031, 3, 'E Award', NULL, '6', NULL, NULL, NULL, NULL),
(82, 10000032, 3, 'C Award', NULL, '1', NULL, NULL, NULL, NULL),
(83, 10000034, 2, 'USAToday AllUSA Academic Team', NULL, '3', NULL, NULL, NULL, NULL),
(84, 10000034, 1, 'C Award', NULL, '4', NULL, NULL, NULL, NULL),
(85, 10000035, 4, 'E Award', NULL, '7', NULL, NULL, NULL, NULL),
(86, 10000037, 1, 'A Award', NULL, '8', NULL, NULL, NULL, NULL),
(87, 10000037, 1, 'F Award', NULL, '4', NULL, NULL, NULL, NULL),
(88, 10000037, 2, 'B Award', NULL, '2', NULL, NULL, NULL, NULL),
(89, 10000037, 1, 'Book Award', NULL, '4', NULL, NULL, NULL, NULL),
(90, 10000038, 1, 'Book Award', NULL, '6', NULL, NULL, NULL, NULL),
(91, 10000038, 1, 'H Award', NULL, '4', NULL, NULL, NULL, NULL),
(92, 10000038, 6, 'C Award', NULL, '4', NULL, NULL, NULL, NULL),
(93, 10000039, 7, 'C Award', NULL, '1', NULL, NULL, NULL, NULL),
(94, 10000039, 5, 'A Award', NULL, '8', NULL, NULL, NULL, NULL),
(95, 10000041, 4, 'B Award', NULL, '8', NULL, NULL, NULL, NULL),
(96, 10000041, 6, 'G Award', NULL, '2', NULL, NULL, NULL, NULL),
(97, 10000041, 7, 'E Award', NULL, '8', NULL, NULL, NULL, NULL),
(98, 10000042, 7, 'D Award', NULL, '8', NULL, NULL, NULL, NULL),
(99, 10000042, 4, 'F Award', NULL, '7', NULL, NULL, NULL, NULL),
(100, 10000043, 7, 'Book Award', NULL, '6', NULL, NULL, NULL, NULL),
(101, 10000043, 4, 'D Award', NULL, '7', NULL, NULL, NULL, NULL),
(102, 10000043, 5, 'F Award', NULL, '6', NULL, NULL, NULL, NULL),
(103, 10000044, 7, 'C Award', NULL, '3', NULL, NULL, NULL, NULL),
(104, 10000045, 7, 'USAToday AllUSA Academic Team', NULL, '4', NULL, NULL, NULL, NULL),
(105, 10000045, 1, 'A Award', NULL, '3', NULL, NULL, NULL, NULL),
(106, 10000045, 7, 'G Award', NULL, '7', NULL, NULL, NULL, NULL),
(107, 10000045, 6, 'H Award', NULL, '4', NULL, NULL, NULL, NULL),
(108, 10000046, 1, 'D Award', NULL, '7', NULL, NULL, NULL, NULL),
(109, 10000046, 6, 'B Award', NULL, '1', NULL, NULL, NULL, NULL),
(110, 10000047, 1, 'G Award', NULL, '7', NULL, NULL, NULL, NULL),
(111, 10000048, 5, 'E Award', NULL, '6', NULL, NULL, NULL, NULL),
(112, 10000048, 7, 'C Award', NULL, '7', NULL, NULL, NULL, NULL),
(113, 10000048, 3, 'USAToday AllUSA Academic Team', NULL, '7', NULL, NULL, NULL, NULL),
(114, 10000048, 7, 'Future Leaders of America', NULL, '1', NULL, NULL, NULL, NULL),
(115, 10000049, 6, 'E Award', NULL, '2', NULL, NULL, NULL, NULL),
(116, 10000050, 2, 'C Award', NULL, '3', NULL, NULL, NULL, NULL),
(117, 10000050, 5, 'Book Award', NULL, '7', NULL, NULL, NULL, NULL),
(118, 10000050, 3, 'Future Leaders of America', NULL, '4', NULL, NULL, NULL, NULL),
(119, 10000050, 3, 'F Award', NULL, '4', NULL, NULL, NULL, NULL),
(120, 10000051, 6, 'USAToday AllUSA Academic Team', NULL, '4', NULL, NULL, NULL, NULL),
(121, 10000051, 5, 'B Award', NULL, '5', NULL, NULL, NULL, NULL),
(122, 10000051, 1, 'Community Service Award', NULL, '6', NULL, NULL, NULL, NULL),
(123, 10000051, 5, 'F Award', NULL, '1', NULL, NULL, NULL, NULL),
(124, 10000051, 3, 'Future Leaders of America', NULL, '3', NULL, NULL, NULL, NULL),
(125, 10000052, 6, 'C Award', NULL, '4', NULL, NULL, NULL, NULL),
(126, 10000052, 7, 'H Award', NULL, '4', NULL, NULL, NULL, NULL),
(127, 10000052, 5, 'E Award', NULL, '3', NULL, NULL, NULL, NULL),
(128, 10000052, 6, 'D Award', NULL, '6', NULL, NULL, NULL, NULL),
(129, 10000053, 7, 'D Award', NULL, '1', NULL, NULL, NULL, NULL),
(130, 10000056, 3, 'Community Service Award', NULL, '1', NULL, NULL, NULL, NULL),
(131, 10000057, 1, 'G Award', NULL, '6', NULL, NULL, NULL, NULL),
(132, 10000057, 3, 'E Award', NULL, '6', NULL, NULL, NULL, NULL),
(133, 10000057, 1, 'B Award', NULL, '6', NULL, NULL, NULL, NULL),
(134, 10000058, 3, 'Future Leaders of America', NULL, '4', NULL, NULL, NULL, NULL),
(135, 10000059, 7, 'G Award', NULL, '7', NULL, NULL, NULL, NULL),
(136, 10000059, 1, 'USAToday AllUSA Academic Team', NULL, '8', NULL, NULL, NULL, NULL),
(137, 10000059, 4, 'B Award', NULL, '6', NULL, NULL, NULL, NULL),
(138, 10000059, 5, 'Future Leaders of America', NULL, '5', NULL, NULL, NULL, NULL),
(139, 10000060, 2, 'USAToday AllUSA Academic Team', NULL, '2', NULL, NULL, NULL, NULL),
(140, 10000060, 3, 'Community Service Award', NULL, '6', NULL, NULL, NULL, NULL),
(141, 10000060, 7, 'F Award', NULL, '8', NULL, NULL, NULL, NULL),
(142, 10000061, 2, 'USAToday AllUSA Academic Team', NULL, '1', NULL, NULL, NULL, NULL),
(143, 10000061, 6, 'Book Award', NULL, '5', NULL, NULL, NULL, NULL),
(144, 10000061, 4, 'Community Service Award', NULL, '3', NULL, NULL, NULL, NULL),
(145, 10000061, 4, 'Future Leaders of America', NULL, '3', NULL, NULL, NULL, NULL),
(146, 10000062, 7, 'Future Leaders of America', NULL, '2', NULL, NULL, NULL, NULL),
(147, 10000062, 3, 'Book Award', NULL, '8', NULL, NULL, NULL, NULL),
(148, 10000062, 6, 'D Award', NULL, '5', NULL, NULL, NULL, NULL),
(149, 10000062, 3, 'H Award', NULL, '5', NULL, NULL, NULL, NULL),
(150, 10000063, 1, 'Future Leaders of America', NULL, '7', NULL, NULL, NULL, NULL),
(151, 10000063, 6, 'B Award', NULL, '7', NULL, NULL, NULL, NULL),
(152, 10000063, 2, 'G Award', NULL, '1', NULL, NULL, NULL, NULL),
(153, 10000063, 3, 'Book Award', NULL, '5', NULL, NULL, NULL, NULL),
(154, 10000064, 7, 'Book Award', NULL, '6', NULL, NULL, NULL, NULL),
(155, 10000064, 3, 'Community Service Award', NULL, '8', NULL, NULL, NULL, NULL),
(156, 10000064, 7, 'H Award', NULL, '5', NULL, NULL, NULL, NULL),
(157, 10000064, 6, 'E Award', NULL, '6', NULL, NULL, NULL, NULL),
(158, 10000064, 6, 'D Award', NULL, '3', NULL, NULL, NULL, NULL),
(159, 10000065, 2, 'D Award', NULL, '5', NULL, NULL, NULL, NULL),
(160, 10000065, 4, 'G Award', NULL, '3', NULL, NULL, NULL, NULL),
(161, 10000065, 5, 'E Award', NULL, '2', NULL, NULL, NULL, NULL),
(162, 10000066, 7, 'D Award', NULL, '8', NULL, NULL, NULL, NULL),
(163, 10000067, 6, 'A Award', NULL, '3', NULL, NULL, NULL, NULL),
(164, 10000068, 7, 'B Award', NULL, '6', NULL, NULL, NULL, NULL),
(165, 10000068, 5, 'USAToday AllUSA Academic Team', NULL, '8', NULL, NULL, NULL, NULL),
(166, 10000068, 1, 'H Award', NULL, '3', NULL, NULL, NULL, NULL),
(167, 10000068, 1, 'Community Service Award', NULL, '6', NULL, NULL, NULL, NULL),
(168, 10000069, 1, 'Book Award', NULL, '1', NULL, NULL, NULL, NULL),
(169, 10000069, 5, 'B Award', NULL, '4', NULL, NULL, NULL, NULL),
(170, 10000069, 3, 'Community Service Award', NULL, '6', NULL, NULL, NULL, NULL),
(171, 10000069, 1, 'E Award', NULL, '1', NULL, NULL, NULL, NULL),
(172, 10000069, 5, 'F Award', NULL, '8', NULL, NULL, NULL, NULL),
(173, 10000070, 5, 'F Award', NULL, '4', NULL, NULL, NULL, NULL),
(174, 10000071, 4, 'G Award', NULL, '5', NULL, NULL, NULL, NULL),
(175, 10000071, 7, 'Book Award', NULL, '2', NULL, NULL, NULL, NULL),
(176, 10000071, 4, 'E Award', NULL, '6', NULL, NULL, NULL, NULL),
(177, 10000072, 3, 'B Award', NULL, '4', NULL, NULL, NULL, NULL),
(178, 10000073, 1, 'F Award', NULL, '8', NULL, NULL, NULL, NULL),
(179, 10000073, 3, 'USAToday AllUSA Academic Team', NULL, '1', NULL, NULL, NULL, NULL),
(180, 10000073, 6, 'E Award', NULL, '2', NULL, NULL, NULL, NULL),
(181, 10000074, 4, 'F Award', NULL, '6', NULL, NULL, NULL, NULL),
(182, 10000074, 5, 'USAToday AllUSA Academic Team', NULL, '8', NULL, NULL, NULL, NULL),
(183, 10000074, 5, 'C Award', NULL, '5', NULL, NULL, NULL, NULL),
(184, 10000075, 4, 'E Award', NULL, '6', NULL, NULL, NULL, NULL),
(185, 10000075, 5, 'D Award', NULL, '3', NULL, NULL, NULL, NULL),
(186, 10000075, 5, 'G Award', NULL, '8', NULL, NULL, NULL, NULL),
(187, 10000076, 4, 'D Award', NULL, '4', NULL, NULL, NULL, NULL),
(188, 10000076, 4, 'G Award', NULL, '2', NULL, NULL, NULL, NULL),
(189, 10000078, 6, 'Book Award', NULL, '8', NULL, NULL, NULL, NULL),
(208, 10000085, 4, 'Future Leaders of America', NULL, '8', NULL, NULL, NULL, NULL),
(209, 10000085, 5, 'A Award', NULL, '5', NULL, NULL, NULL, NULL),
(210, 10000085, 5, 'D Award', NULL, '4', NULL, NULL, NULL, NULL),
(211, 10000085, 3, 'Community Service Award', NULL, '8', NULL, NULL, NULL, NULL),
(212, 10000086, 3, 'E Award', NULL, '6', NULL, NULL, NULL, NULL),
(213, 10000086, 1, 'A Award', NULL, '8', NULL, NULL, NULL, NULL),
(214, 10000086, 6, 'B Award', NULL, '1', NULL, NULL, NULL, NULL),
(215, 10000086, 4, 'Book Award', NULL, '6', NULL, NULL, NULL, NULL),
(216, 10000087, 5, 'A Award', NULL, '2', NULL, NULL, NULL, NULL),
(217, 10000087, 5, 'Book Award', NULL, '5', NULL, NULL, NULL, NULL),
(218, 10000087, 2, 'F Award', NULL, '8', NULL, NULL, NULL, NULL),
(219, 10000087, 6, 'B Award', NULL, '6', NULL, NULL, NULL, NULL),
(220, 10000087, 3, 'H Award', NULL, '4', NULL, NULL, NULL, NULL),
(221, 10000089, 5, 'E Award', NULL, '8', NULL, NULL, NULL, NULL),
(222, 10000090, 6, 'A Award', NULL, '3', NULL, NULL, NULL, NULL),
(223, 10000090, 5, 'F Award', NULL, '1', NULL, NULL, NULL, NULL),
(224, 10000090, 4, 'H Award', NULL, '4', NULL, NULL, NULL, NULL),
(225, 10000091, 3, 'Book Award', NULL, '3', NULL, NULL, NULL, NULL),
(226, 10000091, 2, 'G Award', NULL, '7', NULL, NULL, NULL, NULL),
(227, 10000092, 7, 'H Award', NULL, '3', NULL, NULL, NULL, NULL),
(228, 10000092, 2, 'Community Service Award', NULL, '1', NULL, NULL, NULL, NULL),
(229, 10000092, 6, 'Book Award', NULL, '6', NULL, NULL, NULL, NULL),
(230, 10000092, 7, 'Future Leaders of America', NULL, '1', NULL, NULL, NULL, NULL),
(231, 10000093, 4, 'Future Leaders of America', NULL, '8', NULL, NULL, NULL, NULL),
(232, 10000094, 5, 'F Award', NULL, '1', NULL, NULL, NULL, NULL),
(233, 10000094, 6, 'Book Award', NULL, '7', NULL, NULL, NULL, NULL),
(234, 10000094, 2, 'G Award', NULL, '6', NULL, NULL, NULL, NULL),
(235, 10000095, 6, 'C Award', NULL, '8', NULL, NULL, NULL, NULL),
(236, 10000095, 4, 'Future Leaders of America', NULL, '8', NULL, NULL, NULL, NULL),
(237, 10000095, 1, 'D Award', NULL, '5', NULL, NULL, NULL, NULL),
(238, 10000095, 2, 'G Award', NULL, '7', NULL, NULL, NULL, NULL),
(239, 10000095, 7, 'B Award', NULL, '7', NULL, NULL, NULL, NULL),
(240, 10000096, 3, 'E Award', NULL, '2', NULL, NULL, NULL, NULL),
(241, 10000097, 1, 'A Award', NULL, '7', NULL, NULL, NULL, NULL),
(242, 10000098, 2, 'G Award', NULL, '6', NULL, NULL, NULL, NULL),
(243, 10000098, 1, 'H Award', NULL, '2', NULL, NULL, NULL, NULL),
(244, 10000098, 5, 'E Award', NULL, '4', NULL, NULL, NULL, NULL),
(245, 10000101, 1, 'Book Award', NULL, '3', NULL, NULL, NULL, NULL),
(246, 10000102, 1, 'USAToday AllUSA Academic Team', NULL, '2', NULL, NULL, NULL, NULL),
(247, 10000102, 7, 'C Award', NULL, '5', NULL, NULL, NULL, NULL),
(248, 10000102, 3, 'Community Service Award', NULL, '5', NULL, NULL, NULL, NULL),
(249, 10000103, 7, 'Book Award', NULL, '4', NULL, NULL, NULL, NULL),
(250, 10000103, 2, 'Community Service Award', NULL, '4', NULL, NULL, NULL, NULL),
(251, 10000103, 7, 'B Award', NULL, '7', NULL, NULL, NULL, NULL),
(252, 10000105, 4, 'G Award', NULL, '3', NULL, NULL, NULL, NULL),
(253, 10000105, 4, 'H Award', NULL, '1', NULL, NULL, NULL, NULL),
(254, 10000106, 7, 'E Award', NULL, '4', NULL, NULL, NULL, NULL),
(255, 10000106, 2, 'USAToday AllUSA Academic Team', NULL, '8', NULL, NULL, NULL, NULL),
(256, 10000106, 2, 'F Award', NULL, '7', NULL, NULL, NULL, NULL),
(257, 10000106, 5, 'C Award', NULL, '7', NULL, NULL, NULL, NULL),
(258, 10000106, 4, 'D Award', NULL, '8', NULL, NULL, NULL, NULL),
(259, 10000107, 7, 'G Award', NULL, '7', NULL, NULL, NULL, NULL),
(260, 10000107, 3, 'F Award', NULL, '2', NULL, NULL, NULL, NULL),
(261, 10000107, 7, 'H Award', NULL, '3', NULL, NULL, NULL, NULL),
(262, 10000107, 5, 'D Award', NULL, '3', NULL, NULL, NULL, NULL),
(263, 10000108, 4, 'D Award', NULL, '3', NULL, NULL, NULL, NULL),
(264, 10000108, 2, 'Book Award', NULL, '5', NULL, NULL, NULL, NULL),
(265, 10000109, 2, 'C Award', NULL, '5', NULL, NULL, NULL, NULL),
(266, 10000109, 3, 'G Award', NULL, '5', NULL, NULL, NULL, NULL),
(267, 10000109, 4, 'D Award', NULL, '3', NULL, NULL, NULL, NULL),
(268, 10000109, 6, 'USAToday AllUSA Academic Team', NULL, '5', NULL, NULL, NULL, NULL),
(269, 10000109, 5, 'E Award', NULL, '8', NULL, NULL, NULL, NULL),
(270, 10000110, 7, 'USAToday AllUSA Academic Team', NULL, '4', NULL, NULL, NULL, NULL),
(271, 10000112, 1, 'USAToday AllUSA Academic Team', NULL, '4', NULL, NULL, NULL, NULL),
(272, 10000112, 1, 'Book Award', NULL, '4', NULL, NULL, NULL, NULL),
(273, 10000112, 6, 'D Award', NULL, '8', NULL, NULL, NULL, NULL),
(274, 10000113, 2, 'Community Service Award', NULL, '1', NULL, NULL, NULL, NULL),
(275, 10000113, 7, 'F Award', NULL, '3', NULL, NULL, NULL, NULL),
(276, 10000113, 6, 'G Award', NULL, '5', NULL, NULL, NULL, NULL),
(277, 10000113, 5, 'C Award', NULL, '8', NULL, NULL, NULL, NULL),
(278, 10000114, 6, 'B Award', NULL, '5', NULL, NULL, NULL, NULL),
(279, 10000114, 4, 'Future Leaders of America', NULL, '8', NULL, NULL, NULL, NULL),
(280, 10000114, 4, 'H Award', NULL, '4', NULL, NULL, NULL, NULL),
(281, 10000114, 6, 'E Award', NULL, '5', NULL, NULL, NULL, NULL),
(282, 10000115, 3, 'A Award', NULL, '8', NULL, NULL, NULL, NULL),
(283, 10000115, 5, 'G Award', NULL, '4', NULL, NULL, NULL, NULL),
(284, 10000115, 2, 'USAToday AllUSA Academic Team', NULL, '1', NULL, NULL, NULL, NULL),
(285, 10000115, 7, 'F Award', NULL, '2', NULL, NULL, NULL, NULL),
(286, 10000117, 6, 'Community Service Award', NULL, '5', NULL, NULL, NULL, NULL),
(287, 10000118, 3, 'F Award', NULL, '5', NULL, NULL, NULL, NULL),
(288, 10000118, 6, 'D Award', NULL, '8', NULL, NULL, NULL, NULL),
(289, 10000118, 6, 'B Award', NULL, '4', NULL, NULL, NULL, NULL),
(290, 10000118, 3, 'E Award', NULL, '1', NULL, NULL, NULL, NULL),
(291, 10000119, 2, 'USAToday AllUSA Academic Team', NULL, '6', NULL, NULL, NULL, NULL),
(292, 10000119, 2, 'D Award', NULL, '5', NULL, NULL, NULL, NULL),
(293, 10000120, 2, 'F Award', NULL, '2', NULL, NULL, NULL, NULL),
(294, 10000120, 5, 'D Award', NULL, '7', NULL, NULL, NULL, NULL),
(295, 10000120, 3, 'A Award', NULL, '4', NULL, NULL, NULL, NULL),
(296, 10000121, 2, 'Book Award', NULL, '4', NULL, NULL, NULL, NULL),
(297, 10000121, 5, 'E Award', NULL, '2', NULL, NULL, NULL, NULL),
(298, 10000121, 2, 'B Award', NULL, '1', NULL, NULL, NULL, NULL),
(299, 10000121, 1, 'G Award', NULL, '1', NULL, NULL, NULL, NULL),
(300, 10000122, 1, 'G Award', NULL, '1', NULL, NULL, NULL, NULL),
(301, 10000123, 7, 'Book Award', NULL, '3', NULL, NULL, NULL, NULL),
(302, 10000123, 5, 'C Award', NULL, '4', NULL, NULL, NULL, NULL),
(303, 10000123, 7, 'A Award', NULL, '5', NULL, NULL, NULL, NULL),
(304, 10000123, 7, 'Future Leaders of America', NULL, '1', NULL, NULL, NULL, NULL),
(305, 10000123, 3, 'E Award', NULL, '3', NULL, NULL, NULL, NULL),
(306, 10000124, 1, 'G Award', NULL, '4', NULL, NULL, NULL, NULL),
(307, 10000125, 1, 'H Award', NULL, '6', NULL, NULL, NULL, NULL),
(308, 10000125, 5, 'G Award', NULL, '7', NULL, NULL, NULL, NULL),
(309, 10000125, 3, 'Future Leaders of America', NULL, '7', NULL, NULL, NULL, NULL),
(310, 10000125, 7, 'D Award', NULL, '2', NULL, NULL, NULL, NULL),
(311, 10000126, 4, 'B Award', NULL, '1', NULL, NULL, NULL, NULL),
(312, 10000126, 2, 'USAToday AllUSA Academic Team', NULL, '5', NULL, NULL, NULL, NULL),
(313, 10000126, 7, 'G Award', NULL, '5', NULL, NULL, NULL, NULL),
(314, 10000126, 5, 'Book Award', NULL, '2', NULL, NULL, NULL, NULL),
(315, 10000127, 7, 'Community Service Award', NULL, '6', NULL, NULL, NULL, NULL),
(316, 10000127, 4, 'F Award', NULL, '5', NULL, NULL, NULL, NULL),
(317, 10000128, 2, 'E Award', NULL, '5', NULL, NULL, NULL, NULL),
(318, 10000129, 1, 'D Award', NULL, '3', NULL, NULL, NULL, NULL),
(319, 10000129, 4, 'F Award', NULL, '3', NULL, NULL, NULL, NULL),
(320, 10000129, 1, 'A Award', NULL, '3', NULL, NULL, NULL, NULL),
(321, 10000129, 6, 'Future Leaders of America', NULL, '2', NULL, NULL, NULL, NULL),
(322, 10000130, 2, 'F Award', NULL, '1', NULL, NULL, NULL, NULL),
(323, 10000130, 2, 'B Award', NULL, '4', NULL, NULL, NULL, NULL),
(324, 10000130, 6, 'Community Service Award', NULL, '2', NULL, NULL, NULL, NULL),
(325, 10000130, 6, 'Future Leaders of America', NULL, '6', NULL, NULL, NULL, NULL),
(326, 10000131, 3, 'Book Award', NULL, '1', NULL, NULL, NULL, NULL),
(327, 10000133, 6, 'E Award', NULL, '7', NULL, NULL, NULL, NULL),
(328, 10000133, 3, 'USAToday AllUSA Academic Team', NULL, '1', NULL, NULL, NULL, NULL),
(329, 10000133, 4, 'D Award', NULL, '7', NULL, NULL, NULL, NULL),
(330, 10000133, 5, 'B Award', NULL, '3', NULL, NULL, NULL, NULL),
(331, 10000134, 1, 'Future Leaders of America', NULL, '4', NULL, NULL, NULL, NULL),
(332, 10000134, 7, 'E Award', NULL, '6', NULL, NULL, NULL, NULL),
(333, 10000134, 4, 'Book Award', NULL, '1', NULL, NULL, NULL, NULL),
(334, 10000134, 3, 'F Award', NULL, '7', NULL, NULL, NULL, NULL),
(335, 10000135, 1, 'Community Service Award', NULL, '8', NULL, NULL, NULL, NULL),
(336, 10000136, 2, 'B Award', NULL, '4', NULL, NULL, NULL, NULL),
(337, 10000136, 1, 'USAToday AllUSA Academic Team', NULL, '4', NULL, NULL, NULL, NULL),
(338, 10000136, 3, 'F Award', NULL, '1', NULL, NULL, NULL, NULL),
(339, 10000137, 2, 'Community Service Award', NULL, '7', NULL, NULL, NULL, NULL),
(340, 10000137, 7, 'E Award', NULL, '1', NULL, NULL, NULL, NULL),
(341, 10000137, 4, 'A Award', NULL, '1', NULL, NULL, NULL, NULL),
(342, 10000137, 2, 'Book Award', NULL, '7', NULL, NULL, NULL, NULL),
(343, 10000138, 7, 'B Award', NULL, '1', NULL, NULL, NULL, NULL),
(344, 10000138, 5, 'Future Leaders of America', NULL, '5', NULL, NULL, NULL, NULL),
(345, 10000138, 5, 'H Award', NULL, '1', NULL, NULL, NULL, NULL),
(346, 10000138, 7, 'E Award', NULL, '1', NULL, NULL, NULL, NULL),
(347, 10000138, 1, 'F Award', NULL, '2', NULL, NULL, NULL, NULL),
(348, 10000139, 6, 'B Award', NULL, '7', NULL, NULL, NULL, NULL),
(349, 10000139, 7, 'A Award', NULL, '1', NULL, NULL, NULL, NULL),
(350, 10000140, 4, 'Community Service Award', NULL, '8', NULL, NULL, NULL, NULL),
(351, 10000140, 3, 'USAToday AllUSA Academic Team', NULL, '8', NULL, NULL, NULL, NULL),
(352, 10000141, 6, 'D Award', NULL, '5', NULL, NULL, NULL, NULL),
(353, 10000141, 3, 'Book Award', NULL, '4', NULL, NULL, NULL, NULL),
(354, 10000141, 3, 'F Award', NULL, '2', NULL, NULL, NULL, NULL),
(356, 102, 4, 'Science League', '', '2', '2012-03-25 21:38:40', 102, '2012-03-25 21:38:40', 102);

-- --------------------------------------------------------

--
-- Table structure for table `tbl_basic_profile`
--

CREATE TABLE IF NOT EXISTS `tbl_basic_profile` (
  `user_id` int(10) unsigned NOT NULL,
  `nickname` varchar(40) DEFAULT NULL,
  `first_university_id` smallint(10) unsigned DEFAULT NULL,
  `curr_university_id` smallint(10) unsigned DEFAULT NULL,
  `early_regular` tinyint(1) unsigned NOT NULL DEFAULT '1',
  `isTransfer` enum('','Y','N') DEFAULT NULL,
  `gender` enum('','M','F') DEFAULT NULL,
  `highschool_id` smallint(4) unsigned NOT NULL DEFAULT '0',
  `highSchoolType` enum('PUB','PRN','PRR','HOM','CHR','OTH','') DEFAULT NULL,
  `race_id` char(1) DEFAULT NULL,
  `sat_I_score_range` tinyint(1) unsigned DEFAULT NULL,
  `num_scores` tinyint(2) unsigned NOT NULL,
  `num_aps` tinyint(2) unsigned NOT NULL,
  `num_sat2s` tinyint(2) unsigned NOT NULL,
  `num_competitions` tinyint(2) unsigned NOT NULL,
  `num_sports` tinyint(2) unsigned NOT NULL,
  `num_academics` tinyint(3) unsigned NOT NULL,
  `num_extracurriculars` tinyint(3) unsigned NOT NULL,
  `num_essays` tinyint(3) unsigned NOT NULL,
  `num_other` tinyint(2) unsigned NOT NULL DEFAULT '0',
  `num_summer` tinyint(2) unsigned NOT NULL DEFAULT '0',
  `num_research` tinyint(2) unsigned NOT NULL DEFAULT '0',
  `num_work` tinyint(2) unsigned NOT NULL DEFAULT '0',
  `num_volunteer` tinyint(2) unsigned NOT NULL DEFAULT '0',
  `num_music` tinyint(2) unsigned NOT NULL DEFAULT '0',
  `num_activities` tinyint(2) unsigned NOT NULL DEFAULT '0',
  `num_awards` tinyint(2) unsigned NOT NULL DEFAULT '0',
  `num_subjects` tinyint(2) unsigned NOT NULL DEFAULT '0',
  `avg_profile_rating` float unsigned DEFAULT NULL,
  `l1ForSale` tinyint(1) NOT NULL DEFAULT '0',
  `l2ForSale` tinyint(1) NOT NULL DEFAULT '0',
  `l3ForSale` tinyint(1) NOT NULL DEFAULT '0',
  `l4ForSale` tinyint(1) NOT NULL DEFAULT '0',
  `verified` enum('Y','N') DEFAULT 'N',
  `musical_instrument_id` char(2) DEFAULT NULL,
  `profile_type` tinyint(2) unsigned NOT NULL,
  `create_time` datetime DEFAULT NULL,
  `create_user_id` int(10) unsigned DEFAULT NULL,
  `update_time` datetime DEFAULT NULL,
  `update_user_id` int(10) unsigned DEFAULT NULL,
  `focus_1` tinyint(5) unsigned NOT NULL DEFAULT '0',
  `focus_2` tinyint(1) unsigned NOT NULL DEFAULT '0',
  `focus_3` tinyint(1) unsigned NOT NULL DEFAULT '0',
  `focus_4` tinyint(1) unsigned NOT NULL DEFAULT '0',
  `focus_5` tinyint(1) unsigned NOT NULL DEFAULT '0',
  `focus_6` tinyint(1) unsigned NOT NULL DEFAULT '0',
  `focus_7` tinyint(1) unsigned NOT NULL DEFAULT '0',
  `focus_8` tinyint(1) unsigned NOT NULL DEFAULT '0',
  `focus_9` tinyint(1) unsigned NOT NULL DEFAULT '0',
  `focus_10` tinyint(1) unsigned NOT NULL DEFAULT '0',
  `focus_11` tinyint(1) unsigned NOT NULL DEFAULT '0',
  PRIMARY KEY (`user_id`),
  KEY `RACE` (`race_id`),
  KEY `FUNIV` (`first_university_id`),
  KEY `CUNIV` (`curr_university_id`)
) ENGINE=InnoDB DEFAULT CHARSET=latin1;

--
-- Dumping data for table `tbl_basic_profile`
--

INSERT INTO `tbl_basic_profile` (`user_id`, `nickname`, `first_university_id`, `curr_university_id`, `early_regular`, `isTransfer`, `gender`, `highschool_id`, `highSchoolType`, `race_id`, `sat_I_score_range`, `num_scores`, `num_aps`, `num_sat2s`, `num_competitions`, `num_sports`, `num_academics`, `num_extracurriculars`, `num_essays`, `num_other`, `num_summer`, `num_research`, `num_work`, `num_volunteer`, `num_music`, `num_activities`, `num_awards`, `num_subjects`, `avg_profile_rating`, `l1ForSale`, `l2ForSale`, `l3ForSale`, `l4ForSale`, `verified`, `musical_instrument_id`, `profile_type`, `create_time`, `create_user_id`, `update_time`, `update_user_id`, `focus_1`, `focus_2`, `focus_3`, `focus_4`, `focus_5`, `focus_6`, `focus_7`, `focus_8`, `focus_9`, `focus_10`, `focus_11`) VALUES
(66, 'testy', 407, 407, 1, 'N', 'M', 696, 'PUB', 'A', 3, 7, 0, 2, 0, 1, 0, 2, 0, 0, 0, 0, 0, 0, 0, 1, 0, 0, 4, 1, 1, 1, 0, 'N', NULL, 4, '2011-11-07 22:28:55', 66, '2012-03-18 20:00:04', 100, 0, 0, 0, 0, 0, 0, 0, 0, 0, 0, 0),
(67, 'tester2', 739, 739, 1, 'N', 'F', 366, 'PUB', 'E', 3, 11, 0, 1, 0, 0, 0, 3, 0, 0, 0, 0, 1, 0, 0, 2, 0, 0, 5, 1, 1, 1, 0, 'N', NULL, 7, '2011-11-07 22:39:34', 67, '2012-03-18 20:00:04', 100, 0, 0, 0, 0, 0, 0, 0, 0, 0, 0, 0),
(68, 'test3', 701, 701, 1, 'N', 'F', 364, 'PUB', 'A', 2, 7, 1, 2, 0, 0, 0, 3, 0, 0, 1, 0, 0, 1, 1, 0, 0, 0, 5, 1, 1, 1, 0, 'N', NULL, 10, '2011-11-07 22:54:44', 68, '2012-03-18 20:00:04', 100, 0, 0, 0, 0, 0, 0, 0, 0, 0, 0, 0),
(69, 'tester4', 256, 256, 1, 'N', 'M', 694, 'PUB', 'C', 3, 11, 0, 1, 0, 0, 0, 0, 0, 0, 0, 0, 0, 0, 0, 0, 0, 0, 4, 1, 1, 1, 0, 'N', NULL, 5, '2011-11-07 23:06:37', 69, '2012-03-18 20:00:04', 100, 0, 0, 0, 0, 0, 0, 0, 0, 0, 0, 0),
(70, 'tester5', 575, 575, 1, 'N', 'M', 6330, 'PUB', 'A', 2, 4, 0, 0, 0, 1, 0, 2, 0, 0, 0, 0, 0, 0, 0, 1, 0, 0, 4, 1, 1, 1, 0, 'N', NULL, 8, '2011-11-08 12:48:49', 70, '2012-03-18 20:00:04', 100, 0, 0, 0, 0, 0, 0, 0, 0, 0, 0, 0),
(71, 'tester6', 154, 154, 1, 'N', 'F', 22117, 'PRR', 'A', 0, 11, 0, 1, 0, 1, 0, 1, 0, 0, 0, 0, 0, 0, 0, 0, 0, 0, 4.2857, 1, 1, 1, 0, 'N', NULL, 2, '2011-11-08 13:26:48', 71, '2011-11-08 13:36:31', 71, 0, 0, 0, 0, 0, 0, 0, 0, 0, 0, 0),
(72, 'tester7', 57, 57, 1, 'N', 'F', 23184, 'PUB', 'B', 2, 13, 1, 2, 0, 1, 0, 3, 0, 0, 0, 0, 1, 0, 0, 1, 0, 0, 4, 1, 1, 1, 0, 'N', NULL, 3, '2011-11-08 13:39:24', 72, '2012-03-18 20:00:04', 100, 0, 0, 0, 0, 1, 0, 0, 1, 0, 1, 0),
(73, 'tester8', 212, 212, 1, 'N', 'M', 6626, 'PUB', 'A', 2, 6, 0, 2, 0, 1, 0, 2, 0, 0, 0, 0, 0, 0, 0, 1, 0, 0, 0, 1, 1, 1, 0, 'N', NULL, 6, '2011-11-08 13:56:29', 73, '2012-03-18 20:00:04', 100, 0, 0, 0, 0, 0, 0, 0, 0, 0, 0, 0),
(74, 'tester9', 182, 182, 1, 'N', 'F', 7988, 'PUB', 'A', 2, 4, 0, 0, 0, 0, 0, 2, 0, 0, 0, 0, 0, 1, 1, 0, 0, 0, 4, 1, 1, 1, 0, 'N', NULL, 6, '2011-11-08 20:15:59', 74, '2012-03-18 20:00:04', 100, 0, 0, 0, 0, 0, 0, 0, 0, 0, 0, 0),
(75, 'tester10', 207, 207, 1, 'N', 'M', 15657, 'PUB', 'D', 2, 12, 0, 2, 0, 0, 0, 1, 0, 0, 0, 0, 0, 0, 0, 1, 0, 0, 3, 1, 1, 1, 0, 'N', NULL, 1, '2011-11-08 20:22:08', 75, '2012-03-18 20:00:04', 100, 0, 0, 0, 0, 0, 0, 0, 0, 0, 0, 0),
(76, 'tester11', 781, 781, 1, 'N', 'M', 25352, 'PUB', 'B', 1, 13, 3, 3, 0, 0, 0, 1, 0, 0, 0, 0, 0, 0, 0, 1, 0, 0, 4, 1, 1, 1, 0, 'N', NULL, 1, '2011-11-08 20:38:04', 76, '2012-03-18 20:00:04', 100, 0, 0, 0, 0, 0, 0, 0, 0, 0, 0, 0),
(77, 'tester12', 330, 330, 1, '', 'M', 44, 'PUB', 'B', 2, 6, 0, 2, 0, 0, 0, 1, 0, 0, 0, 0, 0, 0, 0, 1, 0, 0, 0, 1, 1, 1, 0, 'N', NULL, 7, '2011-11-08 20:49:55', 77, '2012-03-18 20:00:04', 100, 0, 0, 0, 0, 0, 0, 0, 0, 0, 0, 0),
(78, 'tester13', 325, 325, 1, 'N', 'F', 4564, 'PUB', 'G', 2, 5, 0, 1, 0, 0, 0, 0, 0, 0, 0, 0, 0, 0, 0, 0, 0, 0, 0, 1, 1, 1, 0, 'N', NULL, 4, '2011-11-08 21:03:29', 78, '2012-03-18 20:00:04', 100, 0, 0, 0, 0, 0, 0, 0, 0, 0, 0, 0),
(79, 'tester14', 781, 781, 1, 'N', 'M', 16460, 'PUB', 'A', 3, 5, 0, 1, 0, 1, 0, 2, 0, 0, 0, 0, 0, 0, 0, 1, 0, 0, 2, 1, 1, 1, 0, 'N', NULL, 6, '2011-11-08 21:59:41', 79, '2012-03-18 20:00:04', 100, 0, 0, 0, 0, 0, 0, 0, 0, 0, 0, 0),
(80, 'tester15', 325, 325, 1, 'N', 'F', 20497, 'PRR', 'A', 2, 13, 1, 2, 0, 1, 0, 2, 0, 0, 0, 0, 0, 0, 0, 1, 0, 0, 5, 1, 1, 1, 0, 'N', NULL, 5, '2011-11-08 22:27:42', 80, '2012-03-18 20:00:04', 100, 0, 0, 0, 0, 0, 0, 0, 0, 0, 0, 0),
(81, 'tester16', 464, 886, 1, 'Y', 'F', 25533, 'PUB', 'C', 3, 4, 0, 0, 0, 0, 0, 1, 0, 0, 0, 0, 1, 0, 0, 0, 0, 0, 2, 1, 1, 1, 1, 'N', NULL, 2, '2011-11-08 22:32:29', 81, '2012-03-18 20:00:04', 100, 0, 0, 0, 0, 0, 0, 0, 0, 0, 0, 0),
(82, 'tester17', 781, 781, 1, 'N', 'F', 684, 'PRN', 'A', 1, 13, 1, 2, 0, 0, 0, 2, 0, 0, 0, 0, 0, 0, 1, 1, 0, 0, 0, 1, 1, 1, 0, 'N', NULL, 5, '2011-11-08 22:36:28', 82, '2012-03-18 20:00:04', 100, 0, 0, 0, 0, 0, 0, 0, 0, 0, 0, 0),
(83, 'tester18', 540, 540, 1, 'N', 'F', 12940, 'PRN', 'C', 1, 6, 1, 1, 0, 1, 0, 2, 0, 0, 0, 0, 0, 0, 0, 1, 0, 0, 0, 1, 1, 1, 0, 'N', NULL, 8, '2011-11-09 11:47:14', 83, '2012-03-18 20:00:04', 100, 0, 0, 0, 0, 0, 0, 0, 0, 0, 0, 0),
(84, 'tester19', 85, 85, 1, 'N', 'M', 9403, 'PRR', 'C', 3, 10, 0, 0, 0, 0, 0, 0, 0, 0, 0, 0, 0, 0, 0, 0, 0, 0, 0, 1, 1, 1, 0, 'N', NULL, 9, '2011-11-09 21:00:39', 84, '2012-03-18 20:00:04', 100, 0, 0, 0, 0, 0, 0, 0, 0, 0, 0, 0),
(93, 'tester33', 970, 805, 1, 'Y', 'M', 1, 'PUB', 'B', 0, 0, 0, 0, 0, 0, 0, 0, 0, 0, 0, 0, 0, 0, 0, 0, 0, 0, 0, 0, 0, 0, 0, 'N', NULL, 7, '2011-11-25 11:49:11', 93, '2011-11-25 23:00:05', 93, 0, 0, 0, 0, 0, 0, 0, 0, 0, 0, 0),
(100, 'tester99', 517, 517, 1, '', 'M', 1, 'PUB', 'A', 2, 6, 0, 2, 0, 0, 1, 0, 0, 0, 0, 0, 0, 0, 0, 0, 0, 1, 0, 1, 1, 1, 0, 'N', NULL, 4, '2011-11-29 16:03:31', 100, '2012-03-18 20:00:04', 100, 0, 0, 0, 0, 0, 0, 0, 0, 0, 0, 0),
(102, 'f', 40, 40, 1, 'N', 'F', 1, 'PUB', 'B', 1, 16, 1, 2, 0, 1, 3, 17, 1, 3, 2, 7, 1, 1, 1, 1, 1, 2, 4, 1, 1, 1, 1, 'Y', NULL, 1, '2011-11-29 22:38:29', 102, '2012-03-29 16:32:57', 102, 0, 0, 0, 1, 1, 1, 0, 0, 0, 0, 0),
(10000000, 'WCLYLEZXRO', 576, 576, 1, 'N', 'M', 14389, 'PUB', NULL, 4, 20, 3, 4, 0, 0, 5, 2, 0, 0, 0, 0, 0, 0, 0, 2, 5, 0, NULL, 1, 1, 1, 0, 'N', NULL, 4, NULL, NULL, '2012-03-18 20:00:04', 100, 0, 0, 0, 0, 0, 0, 0, 0, 0, 0, 0),
(10000001, 'HJEOGRTUBE', 781, 781, 1, 'N', 'M', 14335, 'OTH', 'C', 2, 19, 5, 1, 0, 0, 0, 3, 0, 0, 0, 0, 0, 0, 0, 3, 0, 0, NULL, 1, 1, 1, 0, 'N', NULL, 1, NULL, NULL, '2012-03-18 20:00:04', 100, 0, 0, 0, 0, 0, 0, 0, 0, 0, 0, 0),
(10000002, 'YMELJCNCWY', 1542, 1542, 1, 'N', 'M', 19595, 'PRR', 'F', 4, 10, 4, 2, 0, 0, 1, 4, 0, 0, 0, 0, 0, 0, 0, 4, 1, 0, NULL, 1, 1, 1, 0, 'N', NULL, 5, NULL, NULL, '2012-03-18 20:00:04', 100, 0, 0, 0, 0, 0, 0, 0, 0, 0, 0, 0),
(10000003, 'QMNHOZSQPI', 781, 781, 1, 'N', 'F', 3807, 'PUB', 'A', 3, 9, 5, 0, 0, 0, 0, 4, 0, 0, 0, 0, 0, 0, 0, 4, 0, 0, NULL, 1, 1, 1, 0, 'N', NULL, 4, NULL, NULL, '2012-03-18 20:00:04', 100, 0, 0, 0, 0, 0, 0, 0, 0, 0, 0, 0),
(10000004, 'FHAKHDIHME', 781, 781, 1, 'N', 'M', 10750, 'PRR', 'B', 3, 7, 1, 2, 0, 0, 0, 1, 0, 0, 0, 0, 0, 0, 0, 1, 0, 0, NULL, 1, 1, 1, 0, 'N', NULL, 5, NULL, NULL, '2012-03-18 20:00:04', 100, 0, 0, 0, 0, 0, 0, 0, 0, 0, 0, 0),
(10000005, 'JDODCPKPVF', 1570, 1570, 1, 'N', 'F', 5406, 'PRN', 'C', 3, 18, 3, 5, 0, 0, 2, 4, 0, 0, 0, 0, 0, 0, 0, 4, 2, 0, NULL, 1, 1, 1, 0, 'N', NULL, 6, NULL, NULL, '2012-03-18 20:00:04', 100, 0, 0, 0, 0, 0, 0, 0, 0, 0, 0, 0),
(10000006, 'SYSZYZNFPG', 781, 781, 1, 'N', 'F', 8251, 'PUB', 'A', 0, 11, 5, 0, 0, 0, 2, 3, 0, 0, 0, 0, 0, 0, 0, 3, 2, 0, NULL, 1, 1, 1, 0, 'N', NULL, 5, NULL, NULL, '2012-03-18 20:00:04', 100, 0, 0, 0, 0, 0, 0, 0, 0, 0, 0, 0),
(10000007, 'TBEIXGGQRI', 781, 781, 1, 'N', 'M', 15215, 'HOM', 'E', 5, 17, 3, 3, 0, 0, 4, 0, 0, 0, 0, 0, 0, 0, 0, 0, 4, 0, NULL, 1, 1, 1, 0, 'Y', NULL, 2, NULL, NULL, '2012-03-18 20:00:04', 100, 0, 0, 0, 0, 0, 0, 0, 0, 0, 0, 0),
(10000008, 'USQVIDGOAC', 781, 781, 1, 'N', 'F', 19185, 'CHR', 'I', 5, 17, 5, 5, 0, 0, 1, 0, 0, 0, 0, 0, 0, 0, 0, 0, 1, 0, 5, 1, 1, 1, 0, 'N', NULL, 3, NULL, NULL, '2012-03-18 20:00:04', 100, 0, 0, 0, 0, 0, 0, 0, 0, 0, 0, 0),
(10000009, 'PYHARTVSBC', 772, 772, 1, 'N', 'F', 4861, 'PRN', 'H', 3, 8, 3, 1, 0, 0, 2, 5, 0, 0, 0, 0, 0, 0, 0, 5, 2, 0, NULL, 1, 1, 1, 0, 'N', NULL, 2, NULL, NULL, '2012-03-18 20:00:04', 100, 0, 0, 0, 0, 0, 0, 0, 0, 0, 0, 0),
(10000010, 'LKPRBKHHTT', 781, 781, 1, 'N', 'M', 4725, 'OTH', 'D', 5, 14, 4, 5, 0, 0, 5, 0, 0, 0, 0, 0, 0, 0, 0, 0, 5, 0, NULL, 1, 1, 1, 0, 'N', NULL, 6, NULL, NULL, '2012-03-18 20:00:04', 100, 0, 0, 0, 0, 0, 0, 0, 0, 0, 0, 0),
(10000011, 'EBBQSKSUUR', 713, 713, 1, 'N', 'F', 9696, 'PUB', 'F', 5, 21, 5, 3, 0, 0, 3, 1, 0, 0, 0, 0, 0, 0, 0, 1, 3, 0, NULL, 1, 1, 1, 0, 'N', NULL, 4, NULL, NULL, '2012-03-18 20:00:04', 100, 0, 0, 0, 0, 0, 0, 0, 0, 0, 0, 0),
(10000012, 'AAHXIKLCKF', 682, 682, 1, 'N', 'M', 22538, 'PRR', 'E', 2, 9, 4, 1, 0, 0, 2, 0, 0, 0, 0, 0, 0, 0, 0, 0, 2, 0, NULL, 1, 1, 1, 0, 'N', NULL, 10, NULL, NULL, '2012-03-18 20:00:04', 100, 0, 0, 0, 0, 0, 0, 0, 0, 0, 0, 0),
(10000013, 'ZYTPXUDGXC', 781, 781, 1, 'N', 'F', 6069, 'HOM', 'I', 4, 7, 3, 0, 0, 0, 0, 3, 0, 0, 0, 0, 0, 0, 0, 3, 0, 0, NULL, 1, 1, 1, 0, 'N', NULL, 5, NULL, NULL, '2012-03-18 20:00:04', 100, 0, 0, 0, 0, 0, 0, 0, 0, 0, 0, 0),
(10000014, 'VLWPVIHDTB', 827, 827, 1, 'N', 'F', 3038, 'PRR', 'J', 5, 9, 1, 1, 0, 0, 4, 4, 0, 0, 0, 0, 0, 0, 0, 4, 4, 0, NULL, 1, 1, 1, 0, 'N', NULL, 3, NULL, NULL, '2012-03-18 20:00:04', 100, 0, 0, 0, 0, 0, 0, 0, 0, 0, 0, 0),
(10000015, 'RCUUQAXBHR', 1668, 1668, 1, 'N', 'M', 19951, 'HOM', 'D', 5, 14, 5, 5, 0, 0, 2, 2, 0, 0, 0, 0, 0, 0, 0, 2, 2, 0, NULL, 1, 1, 1, 0, 'N', NULL, 3, NULL, NULL, '2012-03-18 20:00:04', 100, 0, 0, 0, 0, 0, 0, 0, 0, 0, 0, 0),
(10000016, 'BZINFGQZLG', 1427, 1427, 1, 'N', 'F', 11980, 'PRR', 'I', 5, 9, 3, 2, 0, 0, 3, 2, 0, 0, 0, 0, 0, 0, 0, 2, 3, 0, NULL, 1, 1, 1, 0, 'N', NULL, 6, NULL, NULL, '2012-03-18 20:00:04', 100, 0, 0, 0, 0, 0, 0, 0, 0, 0, 0, 0),
(10000017, 'ZJFZQANLAK', 781, 781, 1, 'N', 'M', 15935, 'PUB', 'F', 2, 7, 1, 2, 0, 0, 2, 3, 0, 0, 0, 0, 0, 0, 0, 3, 2, 0, NULL, 1, 1, 1, 0, 'N', NULL, 1, NULL, NULL, '2012-03-18 20:00:04', 100, 0, 0, 0, 0, 0, 0, 0, 0, 0, 0, 0),
(10000018, 'WMQXKFBYBZ', 781, 781, 1, 'N', 'M', 429, 'PUB', 'A', 4, 14, 5, 5, 0, 0, 5, 1, 0, 0, 0, 0, 0, 0, 0, 1, 5, 0, NULL, 1, 1, 1, 0, 'N', NULL, 6, NULL, NULL, '2012-03-18 20:00:04', 100, 0, 0, 0, 0, 0, 0, 0, 0, 0, 0, 0),
(10000019, 'NIRAASVJYL', 781, 781, 1, 'N', 'F', 12694, 'PRN', 'E', 4, 8, 2, 2, 0, 0, 1, 0, 0, 0, 0, 0, 0, 0, 0, 0, 1, 0, 4, 1, 1, 1, 0, 'N', NULL, 2, NULL, NULL, '2012-03-18 20:00:04', 100, 0, 0, 0, 0, 0, 0, 0, 0, 0, 0, 0),
(10000020, 'DFDTWAFQPJ', 1025, 1025, 1, 'N', 'F', 22605, 'PRN', 'F', 3, 8, 4, 0, 1, 0, 3, 14, 0, 2, 6, 0, 5, 0, 0, 1, 2, 0, NULL, 1, 1, 1, 0, 'N', NULL, 8, NULL, NULL, '2012-03-18 20:00:04', 100, 0, 0, 0, 0, 0, 0, 0, 0, 0, 0, 0),
(10000021, 'TSBTEXJIQK', 839, 839, 1, 'N', 'M', 12738, 'HOM', NULL, 4, 10, 3, 3, 3, 2, 6, 22, 0, 1, 2, 3, 4, 4, 2, 4, 0, 3, NULL, 1, 1, 1, 0, 'Y', NULL, 8, NULL, NULL, '2012-03-18 20:00:04', 100, 0, 0, 0, 0, 0, 0, 0, 0, 0, 0, 0),
(10000022, 'SDRFAYZHYR', 2323, 2323, 1, 'N', 'M', 4880, 'HOM', 'H', 5, 5, 0, 1, 3, 0, 8, 19, 0, 0, 3, 3, 2, 5, 2, 4, 2, 3, NULL, 1, 1, 1, 0, 'N', NULL, 6, NULL, NULL, '2012-03-18 20:00:04', 100, 0, 0, 0, 0, 0, 0, 0, 0, 0, 0, 0),
(10000023, 'RSTZYZNCIZ', 2271, 2271, 1, 'N', 'M', 7262, 'PUB', 'A', 2, 15, 4, 3, 5, 1, 8, 14, 0, 0, 3, 3, 1, 4, 2, 0, 0, 3, NULL, 1, 1, 1, 0, 'N', NULL, 9, NULL, NULL, '2012-03-18 20:00:04', 100, 0, 0, 0, 0, 0, 0, 0, 0, 0, 0, 0),
(10000024, 'FXLHKIDPRB', 1985, 1985, 1, 'N', 'F', 3485, 'PUB', 'B', 4, 9, 0, 5, 3, 0, 8, 11, 0, 1, 0, 3, 5, 0, 2, 0, 4, 1, NULL, 1, 1, 1, 0, 'Y', NULL, 5, NULL, NULL, '2012-03-18 20:00:04', 100, 0, 0, 0, 0, 0, 0, 0, 0, 0, 0, 0),
(10000025, 'VCXRTRQMRD', 1592, 1009, 1, 'Y', 'F', 11473, 'PUB', 'F', 5, 10, 2, 4, 4, 0, 9, 13, 0, 0, 2, 1, 4, 4, 2, 0, 5, 0, NULL, 1, 1, 1, 0, 'N', NULL, 2, NULL, NULL, '2012-03-18 20:00:04', 100, 0, 0, 0, 0, 0, 0, 0, 0, 0, 0, 0),
(10000026, 'QEJXXLPZSJ', 1168, 1168, 1, 'N', 'M', 24882, 'HOM', 'E', 4, 12, 4, 4, 3, 0, 9, 10, 0, 2, 1, 3, 2, 1, 1, 0, 5, 1, NULL, 1, 1, 1, 0, 'N', NULL, 6, NULL, NULL, '2012-03-18 20:00:04', 100, 0, 0, 0, 0, 0, 0, 0, 0, 0, 0, 0),
(10000027, 'LOKMDBFRUW', 310, 310, 1, 'N', 'F', 1315, 'PRR', 'I', 2, 10, 5, 1, 1, 2, 6, 21, 0, 0, 6, 1, 2, 4, 1, 5, 1, 4, NULL, 1, 1, 1, 0, 'Y', NULL, 10, NULL, NULL, '2012-03-18 20:00:04', 100, 0, 0, 0, 0, 0, 0, 0, 0, 0, 0, 0),
(10000028, 'VUOECSBPMF', 2390, 2390, 1, 'N', 'M', 1672, 'PUB', 'H', 2, 8, 2, 2, 3, 0, 8, 8, 0, 0, 0, 0, 0, 4, 2, 2, 2, 3, NULL, 1, 1, 1, 0, 'Y', NULL, 1, NULL, NULL, '2012-03-18 20:00:04', 100, 0, 0, 0, 0, 0, 0, 0, 0, 0, 0, 0),
(10000029, 'YBKLMOUTVB', 1624, 1624, 1, 'N', 'M', 5065, 'HOM', NULL, 3, 7, 2, 1, 1, 1, 4, 11, 0, 0, 4, 0, 3, 0, 1, 2, 2, 1, NULL, 1, 1, 1, 0, 'Y', NULL, 6, NULL, NULL, '2012-03-18 20:00:04', 100, 0, 0, 0, 0, 0, 0, 0, 0, 0, 0, 0),
(10000030, 'KPDIWQVEHG', 800, 800, 1, 'N', 'M', 16166, 'PRN', 'A', 4, 5, 0, 1, 5, 2, 7, 12, 0, 1, 0, 3, 0, 0, 2, 4, 0, 2, NULL, 1, 1, 1, 0, 'Y', NULL, 10, NULL, NULL, '2012-03-18 20:00:04', 100, 0, 0, 0, 0, 0, 0, 0, 0, 0, 0, 0),
(10000031, 'ZJFPWDEQTZ', 2014, 2014, 1, 'N', 'F', 14536, 'PRN', 'I', 4, 12, 5, 0, 1, 0, 9, 15, 0, 1, 2, 2, 4, 5, 1, 0, 4, 4, NULL, 1, 1, 1, 0, 'Y', NULL, 3, NULL, NULL, '2012-03-18 20:00:04', 100, 0, 0, 0, 0, 0, 0, 0, 0, 0, 0, 0),
(10000032, 'UWAWSIQXDM', 2056, 2056, 1, 'N', 'M', 17366, 'PRR', 'E', 0, 8, 0, 2, 4, 2, 6, 18, 0, 1, 6, 1, 4, 0, 2, 2, 1, 1, NULL, 1, 1, 1, 0, 'N', NULL, 7, NULL, NULL, '2012-03-18 20:00:04', 100, 0, 0, 0, 0, 0, 0, 0, 0, 0, 0, 0),
(10000033, 'DSTIDDAXAF', 192, 192, 1, 'N', 'F', 12125, 'PUB', 'I', 0, 5, 0, 5, 0, 1, 1, 17, 0, 1, 5, 3, 2, 3, 2, 0, 0, 1, NULL, 1, 1, 1, 0, 'N', NULL, 2, NULL, NULL, '2012-03-18 20:00:04', 100, 0, 0, 0, 0, 0, 0, 0, 0, 0, 0, 0),
(10000034, 'YRMFHTBBNG', 1181, 1181, 1, 'N', 'M', 7376, 'PRR', 'I', 3, 7, 2, 1, 3, 2, 6, 22, 0, 2, 6, 2, 3, 3, 1, 3, 2, 1, NULL, 1, 1, 1, 0, 'N', NULL, 7, NULL, NULL, '2012-03-18 20:00:04', 100, 0, 0, 0, 0, 0, 0, 0, 0, 0, 0, 0),
(10000035, 'CVNLQSTANH', 1065, 1065, 1, 'N', 'M', 2466, 'PRR', 'E', 0, 6, 5, 1, 5, 3, 7, 24, 0, 0, 5, 3, 5, 4, 1, 3, 1, 1, NULL, 1, 1, 1, 0, 'N', NULL, 10, NULL, NULL, '2012-03-18 20:00:04', 100, 0, 0, 0, 0, 0, 0, 0, 0, 0, 0, 0),
(10000036, 'OICKBOQDLZ', 1583, 1583, 1, 'N', 'F', 25264, 'PUB', 'A', 3, 13, 3, 0, 4, 3, 4, 16, 0, 0, 1, 2, 5, 1, 0, 4, 0, 0, NULL, 1, 1, 1, 0, 'Y', NULL, 9, NULL, NULL, '2012-03-18 20:00:04', 100, 0, 0, 0, 0, 0, 0, 0, 0, 0, 0, 0),
(10000037, 'DNOSYLGGYL', 1017, 1017, 1, 'N', 'F', 22029, 'PRN', 'H', 3, 9, 3, 2, 5, 1, 13, 14, 0, 0, 2, 1, 4, 1, 0, 5, 4, 4, NULL, 1, 1, 1, 0, 'Y', NULL, 3, NULL, NULL, '2012-03-18 20:00:04', 100, 0, 0, 0, 0, 0, 0, 0, 0, 0, 0, 0),
(10000038, 'VIYKQEFGHY', 488, 488, 1, 'N', 'F', 645, 'PRR', 'A', 4, 11, 3, 4, 1, 0, 6, 10, 0, 0, 5, 3, 0, 1, 1, 0, 3, 2, NULL, 1, 1, 1, 0, 'Y', NULL, 5, NULL, NULL, '2012-03-18 20:00:04', 100, 0, 0, 0, 0, 0, 0, 0, 0, 0, 0, 0),
(10000039, 'GCGBJUOSZB', 2004, 2004, 1, 'N', 'F', 14650, 'PRN', NULL, 4, 23, 4, 5, 3, 3, 6, 21, 0, 1, 6, 0, 4, 2, 2, 3, 2, 1, NULL, 1, 1, 1, 0, 'N', NULL, 10, NULL, NULL, '2012-03-18 20:00:05', 100, 0, 0, 0, 0, 0, 0, 0, 0, 0, 0, 0),
(10000040, 'KIPQLACORJ', 1024, 1024, 1, 'N', 'F', 1499, 'PRN', 'I', 2, 12, 1, 4, 0, 3, 1, 10, 0, 1, 0, 0, 2, 2, 1, 1, 0, 1, NULL, 1, 1, 1, 0, 'N', NULL, 9, NULL, NULL, '2012-03-18 20:00:05', 100, 0, 0, 0, 0, 0, 0, 0, 0, 0, 0, 0),
(10000041, 'FSSFCVHERS', 2372, 2372, 1, 'N', 'M', 1107, 'PUB', NULL, 3, 5, 1, 0, 3, 1, 7, 17, 0, 0, 1, 3, 3, 4, 1, 4, 3, 1, NULL, 1, 1, 1, 0, 'N', NULL, 6, NULL, NULL, '2012-03-18 20:00:05', 100, 0, 0, 0, 0, 0, 0, 0, 0, 0, 0, 0),
(10000042, 'TJEOUSCVLF', 1974, 1974, 1, 'N', 'F', 15786, 'OTH', 'F', 4, 9, 2, 0, 0, 3, 6, 25, 0, 2, 3, 3, 4, 5, 1, 4, 2, 4, NULL, 1, 1, 1, 0, 'Y', NULL, 4, NULL, NULL, '2012-03-18 20:00:05', 100, 0, 0, 0, 0, 0, 0, 0, 0, 0, 0, 0),
(10000043, 'QJGIFWEEAB', 1795, 1795, 1, 'N', 'F', 22617, 'PRN', 'D', 0, 9, 2, 1, 3, 2, 10, 15, 0, 1, 1, 1, 3, 5, 1, 1, 3, 4, NULL, 1, 1, 1, 0, 'N', NULL, 4, NULL, NULL, '2012-03-18 20:00:05', 100, 0, 0, 0, 0, 0, 0, 0, 0, 0, 0, 0),
(10000044, 'KZLTYUNTBV', 337, 337, 1, 'N', 'F', 23798, 'CHR', NULL, 4, 8, 3, 0, 5, 3, 6, 21, 0, 0, 0, 3, 4, 4, 2, 5, 1, 0, NULL, 1, 1, 1, 0, 'N', NULL, 1, NULL, NULL, '2012-03-18 20:00:05', 100, 0, 0, 0, 0, 0, 0, 0, 0, 0, 0, 0),
(10000045, 'EQWPKOSSPS', 504, 504, 1, 'N', 'F', 16975, 'PUB', 'E', 4, 11, 0, 4, 4, 2, 12, 16, 0, 2, 5, 1, 2, 1, 2, 1, 4, 4, NULL, 1, 1, 1, 0, 'N', NULL, 9, NULL, NULL, '2012-03-18 20:00:05', 100, 0, 0, 0, 0, 0, 0, 0, 0, 0, 0, 0),
(10000046, 'BYGHRKKUBQ', 1130, 1130, 1, 'N', 'M', 11199, 'PRR', 'I', 4, 6, 0, 2, 2, 3, 8, 24, 0, 2, 3, 0, 4, 5, 2, 5, 2, 4, NULL, 1, 1, 1, 0, 'N', NULL, 6, NULL, NULL, '2012-03-18 20:00:05', 100, 0, 0, 0, 0, 0, 0, 0, 0, 0, 0, 0),
(10000047, 'JXPTQNTOGS', 200, 200, 1, 'N', 'M', 13375, 'HOM', 'I', 4, 7, 1, 2, 3, 3, 4, 17, 0, 2, 1, 0, 5, 5, 1, 0, 1, 0, NULL, 1, 1, 1, 0, 'Y', NULL, 10, NULL, NULL, '2012-03-18 20:00:05', 100, 0, 0, 0, 0, 0, 0, 0, 0, 0, 0, 0),
(10000048, 'DUBTGHPHLF', 505, 505, 1, 'N', 'F', 2066, 'PUB', 'B', 3, 19, 2, 4, 2, 2, 8, 21, 0, 1, 6, 2, 1, 5, 0, 4, 4, 2, NULL, 1, 1, 1, 0, 'Y', NULL, 6, NULL, NULL, '2012-03-18 20:00:05', 100, 0, 0, 0, 0, 0, 0, 0, 0, 0, 0, 0),
(10000049, 'EWPYKPLQJI', 1879, 1879, 1, 'N', 'M', 6298, 'CHR', 'C', 4, 14, 0, 1, 0, 1, 4, 14, 0, 0, 3, 2, 0, 4, 0, 4, 1, 3, NULL, 1, 1, 1, 0, 'N', NULL, 1, NULL, NULL, '2012-03-18 20:00:05', 100, 0, 0, 0, 0, 0, 0, 0, 0, 0, 0, 0),
(10000050, 'TXDAKWOUMD', 698, 698, 1, 'N', 'F', 24454, 'PRR', 'A', 5, 8, 4, 0, 5, 3, 9, 18, 0, 2, 4, 3, 0, 3, 1, 2, 4, 0, NULL, 1, 1, 1, 0, 'N', NULL, 2, NULL, NULL, '2012-03-18 20:00:05', 100, 0, 0, 0, 0, 0, 0, 0, 0, 0, 0, 0),
(10000051, 'OQBOOGLBRH', 400, 400, 1, 'N', 'F', 21032, 'PUB', NULL, 2, 7, 2, 1, 5, 0, 11, 18, 0, 1, 6, 3, 0, 4, 0, 4, 5, 1, NULL, 1, 1, 1, 0, 'Y', NULL, 4, NULL, NULL, '2012-03-18 20:00:05', 100, 0, 0, 0, 0, 0, 0, 0, 0, 0, 0, 0),
(10000052, 'OLSENTSUVL', 305, 305, 1, 'N', 'F', 20655, 'PRN', 'D', 3, 12, 4, 4, 1, 2, 7, 10, 0, 0, 1, 0, 5, 1, 0, 1, 4, 2, NULL, 1, 1, 1, 0, 'N', NULL, 7, NULL, NULL, '2012-03-18 20:00:05', 100, 0, 0, 0, 0, 0, 0, 0, 0, 0, 0, 0),
(10000053, 'NMTXCIPTTV', 214, 214, 1, 'N', 'M', 7727, 'PRN', 'F', 3, 14, 2, 5, 2, 1, 3, 21, 0, 2, 2, 3, 5, 5, 2, 1, 1, 0, NULL, 1, 1, 1, 0, 'N', NULL, 10, NULL, NULL, '2012-03-18 20:00:05', 100, 0, 0, 0, 0, 0, 0, 0, 0, 0, 0, 0),
(10000054, 'SIGYYBMBPM', 314, 314, 1, 'N', 'F', 15266, 'PUB', 'F', 0, 9, 4, 5, 2, 3, 6, 17, 0, 2, 3, 3, 2, 2, 1, 1, 0, 4, NULL, 1, 1, 1, 0, 'Y', NULL, 1, NULL, NULL, '2012-03-18 20:00:05', 100, 0, 0, 0, 0, 0, 0, 0, 0, 0, 0, 0),
(10000055, 'KDKXJLMIEB', 1507, 1833, 1, 'Y', 'M', 6450, 'PUB', 'I', 3, 9, 1, 1, 1, 2, 3, 15, 0, 2, 0, 2, 5, 3, 1, 0, 0, 2, NULL, 1, 1, 1, 0, 'N', NULL, 1, NULL, NULL, '2012-03-18 20:00:05', 100, 0, 0, 0, 0, 0, 0, 0, 0, 0, 0, 0),
(10000056, 'QWTAWPPTMS', 2310, 2310, 1, 'N', 'M', 11231, 'CHR', 'B', 0, 9, 4, 5, 4, 2, 9, 11, 0, 0, 5, 1, 0, 0, 0, 3, 1, 4, NULL, 1, 1, 1, 0, 'N', NULL, 7, NULL, NULL, '2012-03-18 20:00:05', 100, 0, 0, 0, 0, 0, 0, 0, 0, 0, 0, 0),
(10000057, 'PIOSRGXZBS', 1027, 1027, 1, 'N', 'M', 18152, 'CHR', 'E', 4, 15, 4, 4, 3, 3, 7, 21, 0, 1, 5, 0, 4, 2, 2, 4, 3, 1, NULL, 1, 1, 1, 0, 'Y', NULL, 1, NULL, NULL, '2012-03-18 20:00:05', 100, 0, 0, 0, 0, 0, 0, 0, 0, 0, 0, 0),
(10000058, 'QANBYJNVRW', 947, 947, 1, 'N', 'F', 22979, 'OTH', 'H', 3, 16, 5, 4, 1, 3, 2, 16, 0, 1, 4, 1, 2, 2, 1, 2, 1, 0, NULL, 1, 1, 1, 0, 'Y', NULL, 10, NULL, NULL, '2012-03-18 20:00:05', 100, 0, 0, 0, 0, 0, 0, 0, 0, 0, 0, 0),
(10000059, 'OZROQQKUKL', 315, 315, 1, 'N', 'F', 22811, 'PRR', 'B', 3, 18, 3, 5, 5, 0, 12, 13, 0, 2, 1, 1, 0, 4, 2, 3, 4, 3, NULL, 1, 1, 1, 0, 'Y', NULL, 3, NULL, NULL, '2012-03-18 20:00:05', 100, 0, 0, 0, 0, 0, 0, 0, 0, 0, 0, 0),
(10000060, 'DOAPLGUZZZ', 2077, 2077, 1, 'N', 'F', 11030, 'PRR', 'H', 3, 12, 1, 1, 2, 1, 9, 11, 0, 2, 3, 2, 1, 0, 2, 0, 3, 4, NULL, 1, 1, 1, 0, 'Y', NULL, 7, NULL, NULL, '2012-03-18 20:00:05', 100, 0, 0, 0, 0, 0, 0, 0, 0, 0, 0, 0),
(10000061, 'AKPLFJLJIV', 9, 9, 1, 'N', 'F', 17631, 'PUB', 'A', 0, 6, 3, 3, 3, 0, 11, 14, 0, 0, 2, 1, 5, 3, 2, 1, 4, 4, 4, 1, 1, 1, 0, 'Y', NULL, 2, NULL, NULL, '2012-03-18 20:00:05', 100, 0, 0, 0, 0, 0, 0, 0, 0, 0, 0, 0),
(10000062, 'GZYAQSWRVT', 2509, 2509, 1, 'N', 'F', 8735, 'OTH', 'I', 4, 7, 0, 3, 5, 2, 11, 19, 0, 0, 5, 2, 4, 0, 1, 5, 4, 2, NULL, 1, 1, 1, 0, 'N', NULL, 6, NULL, NULL, '2012-03-18 20:00:05', 100, 0, 0, 0, 0, 0, 0, 0, 0, 0, 0, 0),
(10000063, 'GPXWSKRPTR', 879, 879, 1, 'N', 'F', 4747, 'OTH', 'I', 2, 9, 5, 0, 2, 1, 8, 9, 0, 2, 1, 1, 0, 1, 1, 2, 4, 2, NULL, 1, 1, 1, 0, 'N', NULL, 12, NULL, NULL, '2012-03-18 20:00:05', 100, 0, 0, 0, 0, 0, 0, 0, 0, 0, 0, 0),
(10000064, 'BAHTQABJBL', 1895, 1895, 1, 'N', 'M', 17647, 'OTH', 'H', 3, 14, 5, 5, 5, 0, 12, 10, 0, 1, 0, 0, 0, 3, 2, 4, 5, 2, NULL, 1, 1, 1, 0, 'Y', NULL, 5, NULL, NULL, '2012-03-18 20:00:05', 100, 0, 0, 0, 0, 0, 0, 0, 0, 0, 0, 0),
(10000065, 'VFYQFTIZSR', 176, 176, 1, 'N', 'M', 19865, 'PUB', 'I', 3, 15, 0, 5, 5, 0, 12, 19, 0, 0, 5, 1, 2, 4, 2, 5, 3, 4, NULL, 1, 1, 1, 0, 'Y', NULL, 1, NULL, NULL, '2012-03-18 20:00:05', 100, 0, 0, 0, 0, 0, 0, 0, 0, 0, 0, 0),
(10000066, 'IBPJXYDNFO', 775, 775, 1, 'N', 'M', 16758, 'PRN', 'F', 4, 9, 5, 0, 4, 1, 7, 17, 0, 2, 3, 3, 1, 3, 0, 4, 1, 2, NULL, 1, 1, 1, 0, 'Y', NULL, 1, NULL, NULL, '2012-03-18 20:00:05', 100, 0, 0, 0, 0, 0, 0, 0, 0, 0, 0, 0),
(10000067, 'JTHXFGUHAP', 44, 44, 1, 'N', 'M', 6315, 'HOM', 'B', 3, 14, 0, 3, 2, 2, 7, 16, 0, 1, 4, 1, 2, 3, 2, 1, 1, 4, 4, 1, 1, 1, 0, 'N', NULL, 7, NULL, NULL, '2012-03-18 20:00:05', 100, 0, 0, 0, 0, 0, 0, 0, 0, 0, 0, 0),
(10000068, 'LPKXPGCJVT', 975, 975, 1, 'N', 'F', 3035, 'HOM', 'A', 5, 8, 3, 1, 5, 1, 13, 14, 0, 0, 4, 1, 2, 0, 1, 5, 4, 4, NULL, 1, 1, 1, 0, 'N', NULL, 3, NULL, NULL, '2012-03-18 20:00:05', 100, 0, 0, 0, 0, 0, 0, 0, 0, 0, 0, 0),
(10000069, 'GSCJQEBHJY', 2433, 2433, 1, 'N', 'M', 15831, 'PRR', NULL, 3, 13, 2, 4, 4, 2, 9, 11, 0, 0, 0, 1, 3, 0, 2, 3, 5, 0, NULL, 1, 1, 1, 0, 'N', NULL, 7, NULL, NULL, '2012-03-18 20:00:05', 100, 0, 0, 0, 0, 0, 0, 0, 0, 0, 0, 0),
(10000070, 'CMHCEYOOJE', 757, 757, 1, 'N', 'M', 20727, 'PRR', 'F', 4, 11, 3, 4, 5, 1, 10, 6, 0, 2, 1, 0, 1, 1, 0, 0, 1, 4, NULL, 1, 1, 1, 0, 'N', NULL, 4, NULL, NULL, '2012-03-18 20:00:05', 100, 0, 0, 0, 0, 0, 0, 0, 0, 0, 0, 0),
(10000071, 'WMLKHSDXOM', 987, 987, 1, 'N', 'F', 23534, 'PRN', 'D', 0, 13, 1, 5, 4, 1, 8, 8, 0, 0, 0, 0, 2, 0, 1, 4, 3, 1, NULL, 1, 1, 1, 0, 'Y', NULL, 4, NULL, NULL, '2012-03-18 20:00:05', 100, 0, 0, 0, 0, 0, 0, 0, 0, 0, 0, 0),
(10000072, 'PHKBCIIQPT', 296, 296, 1, 'N', 'M', 14759, 'PUB', 'A', 4, 13, 4, 5, 5, 3, 10, 18, 0, 2, 1, 3, 4, 2, 1, 2, 1, 4, NULL, 1, 1, 1, 0, 'Y', NULL, 2, NULL, NULL, '2012-03-18 20:00:05', 100, 0, 0, 0, 0, 0, 0, 0, 0, 0, 0, 0),
(10000073, 'LIEFSPCTXY', 2151, 2151, 1, 'N', 'M', 20960, 'PUB', 'E', 3, 9, 1, 1, 1, 1, 7, 18, 0, 2, 5, 3, 3, 3, 1, 0, 3, 3, NULL, 1, 1, 1, 0, 'N', NULL, 6, NULL, NULL, '2012-03-18 20:00:05', 100, 0, 0, 0, 0, 0, 0, 0, 0, 0, 0, 0),
(10000074, 'NFAOXICOVK', 780, 780, 1, 'N', 'M', 22943, 'PUB', 'F', 0, 6, 4, 2, 1, 3, 6, 15, 0, 2, 0, 3, 0, 2, 2, 3, 3, 2, NULL, 1, 1, 1, 0, 'Y', NULL, 1, NULL, NULL, '2012-03-18 20:00:05', 100, 0, 0, 0, 0, 0, 0, 0, 0, 0, 0, 0),
(10000075, 'MPTQNLSTKF', 662, 662, 1, 'N', 'M', 25338, 'PUB', 'H', 4, 7, 2, 0, 1, 0, 8, 8, 0, 1, 2, 1, 0, 1, 0, 3, 3, 4, NULL, 1, 1, 1, 0, 'Y', NULL, 3, NULL, NULL, '2012-03-18 20:00:05', 100, 0, 0, 0, 0, 0, 0, 0, 0, 0, 0, 0),
(10000076, 'NAAEIHXUHZ', 169, 169, 1, 'N', 'M', 12363, 'PUB', 'C', 3, 17, 3, 1, 3, 1, 5, 19, 0, 2, 6, 1, 2, 5, 1, 1, 2, 0, NULL, 1, 1, 1, 0, 'Y', NULL, 3, NULL, NULL, '2012-03-18 20:00:05', 100, 0, 0, 0, 0, 0, 0, 0, 0, 0, 0, 0),
(10000077, 'CONFVNAQFZ', 557, 557, 1, 'N', 'M', 3445, 'OTH', 'B', 4, 9, 3, 2, 2, 3, 6, 17, 0, 0, 2, 3, 2, 0, 2, 5, 0, 4, NULL, 1, 1, 1, 0, 'N', NULL, 8, NULL, NULL, '2012-03-18 20:00:05', 100, 0, 0, 0, 0, 0, 0, 0, 0, 0, 0, 0),
(10000078, 'ZUYNWYPYCZ', 656, 656, 1, 'N', 'M', 16493, 'PUB', 'B', 5, 12, 3, 5, 2, 3, 6, 20, 0, 1, 3, 3, 5, 3, 0, 2, 1, 3, NULL, 1, 1, 1, 0, 'N', NULL, 10, NULL, NULL, '2012-03-18 20:00:05', 100, 0, 0, 0, 0, 0, 0, 0, 0, 0, 0, 0),
(10000080, 'tester999', 781, 781, 1, 'N', 'M', 0, 'PUB', 'C', 0, 7, 0, 1, 0, 0, 0, 0, 0, 0, 0, 0, 0, 0, 0, 0, 0, 0, NULL, 1, 1, 1, 0, 'N', NULL, 1, '2012-03-03 23:54:44', 10000080, '2012-03-08 00:19:10', 10000080, 0, 0, 0, 0, 0, 0, 0, 0, 0, 0, 0),
(10000083, 'tester9999', 781, 781, 1, 'N', 'M', 0, 'PUB', 'A', 0, 5, 0, 0, 0, 0, 0, 0, 0, 0, 0, 0, 0, 0, 0, 0, 0, 0, NULL, 0, 0, 0, 0, 'N', NULL, 6, '2012-03-11 16:04:02', 10000083, '2012-03-11 19:07:29', 10000083, 0, 0, 0, 0, 0, 0, 0, 0, 0, 0, 0),
(10000084, 'tester3339', 1555, 1555, 1, 'N', 'M', 0, 'PUB', 'B', NULL, 0, 0, 0, 0, 0, 0, 0, 0, 0, 0, 0, 0, 0, 0, 0, 0, 0, NULL, 0, 0, 0, 0, 'N', NULL, 6, '2012-03-11 19:58:01', 10000084, '2012-03-11 19:59:30', 10000084, 0, 0, 0, 0, 0, 0, 0, 0, 0, 0, 0),
(10000085, 'IYLXFHIVER', 474, 474, 1, 'N', 'M', 1888, 'PUB', 'H', 4, 16, 4, 2, 1, 0, 7, 21, 0, 1, 5, 3, 5, 2, 2, 3, 4, 2, NULL, 1, 1, 1, 0, 'Y', NULL, 4, NULL, NULL, '2012-03-18 20:00:05', 100, 0, 0, 0, 0, 0, 0, 0, 0, 0, 0, 0),
(10000086, 'ASNVHAACTE', 2224, 2224, 1, 'N', 'M', 12007, 'PRN', 'B', 3, 10, 1, 4, 3, 3, 11, 12, 0, 0, 3, 3, 1, 1, 1, 0, 4, 4, NULL, 1, 1, 1, 0, 'Y', NULL, 8, NULL, NULL, '2012-03-18 20:00:05', 100, 0, 0, 0, 0, 0, 0, 0, 0, 0, 0, 0),
(10000087, 'ONJFASOIVP', 118, 118, 1, 'N', 'F', 17875, 'OTH', 'E', 0, 5, 0, 5, 2, 2, 10, 14, 0, 1, 1, 2, 3, 3, 1, 1, 5, 3, NULL, 1, 1, 1, 0, 'Y', NULL, 7, NULL, NULL, '2012-03-18 20:00:05', 100, 0, 0, 0, 0, 0, 0, 0, 0, 0, 0, 0),
(10000088, 'ZHJAMGNOXI', 1588, 1588, 1, 'N', 'M', 4905, 'PRR', 'F', 4, 8, 1, 0, 0, 3, 4, 14, 0, 1, 2, 1, 4, 0, 2, 1, 0, 4, NULL, 1, 1, 1, 0, 'N', NULL, 6, NULL, NULL, '2012-03-18 20:00:05', 100, 0, 0, 0, 0, 0, 0, 0, 0, 0, 0, 0),
(10000089, 'WPERBGQZOF', 973, 973, 1, 'N', 'F', 17488, 'PUB', 'F', 3, 8, 2, 2, 2, 1, 5, 8, 0, 0, 0, 1, 0, 4, 1, 1, 1, 2, NULL, 1, 1, 1, 0, 'Y', NULL, 2, NULL, NULL, '2012-03-18 20:00:05', 100, 0, 0, 0, 0, 0, 0, 0, 0, 0, 0, 0),
(10000090, 'TCLAVPSTUU', 377, 377, 1, 'N', 'F', 12310, 'PUB', 'B', 3, 8, 0, 3, 0, 2, 6, 20, 0, 2, 2, 2, 5, 2, 1, 4, 3, 3, NULL, 1, 1, 1, 0, 'N', NULL, 10, NULL, NULL, '2012-03-18 20:00:05', 100, 0, 0, 0, 0, 0, 0, 0, 0, 0, 0, 0),
(10000091, 'IUJPBMSQZW', 2303, 2303, 1, 'N', 'M', 758, 'PRR', 'E', 4, 8, 0, 4, 2, 2, 6, 17, 0, 2, 3, 0, 2, 3, 0, 5, 2, 2, NULL, 1, 1, 1, 0, 'N', NULL, 3, NULL, NULL, '2012-03-18 20:00:05', 100, 0, 0, 0, 0, 0, 0, 0, 0, 0, 0, 0),
(10000092, 'NXKNUPJTHU', 1296, 1296, 1, 'N', 'F', 765, 'CHR', 'D', 4, 12, 5, 3, 2, 1, 6, 18, 0, 0, 6, 2, 3, 1, 1, 4, 4, 0, NULL, 1, 1, 1, 0, 'N', NULL, 2, NULL, NULL, '2012-03-18 20:00:05', 100, 0, 0, 0, 0, 0, 0, 0, 0, 0, 0, 0),
(10000093, 'WMVGFIUYHW', 605, 605, 1, 'N', 'M', 24269, 'PRN', 'I', 4, 12, 5, 0, 3, 2, 7, 11, 0, 1, 1, 0, 0, 2, 2, 3, 1, 3, NULL, 1, 1, 1, 0, 'Y', NULL, 5, NULL, NULL, '2012-03-18 20:00:05', 100, 0, 0, 0, 0, 0, 0, 0, 0, 0, 0, 0),
(10000094, 'ORPANBQNUY', 1232, 1232, 1, 'N', 'M', 21882, 'OTH', 'D', 2, 10, 3, 3, 0, 1, 5, 15, 0, 1, 1, 1, 5, 3, 2, 1, 3, 2, NULL, 1, 1, 1, 0, 'Y', NULL, 2, NULL, NULL, '2012-03-18 20:00:05', 100, 0, 0, 0, 0, 0, 0, 0, 0, 0, 0, 0),
(10000095, 'TINQXIQQWX', 744, 744, 1, 'N', 'M', 14951, 'PUB', 'A', 3, 12, 2, 3, 2, 1, 9, 16, 0, 2, 3, 3, 2, 3, 2, 0, 5, 2, NULL, 1, 1, 1, 0, 'N', NULL, 6, NULL, NULL, '2012-03-18 20:00:05', 100, 0, 0, 0, 0, 0, 0, 0, 0, 0, 0, 0),
(10000096, 'EMBFNIDDYB', 1208, 1208, 1, 'N', 'M', 17373, 'PUB', 'I', 2, 9, 0, 5, 5, 0, 8, 18, 0, 2, 5, 3, 4, 2, 2, 0, 1, 2, NULL, 1, 1, 1, 0, 'N', NULL, 7, NULL, NULL, '2012-03-18 20:00:05', 100, 0, 0, 0, 0, 0, 0, 0, 0, 0, 0, 0),
(10000097, 'JFULVQWKTN', 386, 386, 1, 'N', 'F', 18788, 'OTH', 'C', 4, 11, 3, 1, 3, 0, 8, 8, 0, 1, 3, 0, 3, 0, 1, 0, 1, 4, NULL, 1, 1, 1, 0, 'Y', NULL, 3, NULL, NULL, '2012-03-18 20:00:05', 100, 0, 0, 0, 0, 0, 0, 0, 0, 0, 0, 0),
(10000098, 'DQFHPJDPMR', 434, 434, 1, 'N', 'F', 7066, 'PUB', 'A', 3, 9, 4, 1, 4, 1, 11, 14, 0, 2, 6, 0, 0, 2, 0, 3, 3, 4, NULL, 1, 1, 1, 0, 'N', NULL, 9, NULL, NULL, '2012-03-18 20:00:05', 100, 0, 0, 0, 0, 0, 0, 0, 0, 0, 0, 0),
(10000099, 'KOLZJDLPXF', 1062, 1062, 1, 'N', 'F', 1524, 'PUB', NULL, 3, 8, 3, 1, 3, 1, 5, 15, 0, 0, 1, 3, 5, 0, 2, 3, 0, 2, NULL, 1, 1, 1, 0, 'N', NULL, 1, NULL, NULL, '2012-03-18 20:00:05', 100, 0, 0, 0, 0, 0, 0, 0, 0, 0, 0, 0),
(10000100, 'CVPCTIYZHK', 1080, 1080, 1, 'N', 'F', 25329, 'CHR', 'H', 3, 10, 3, 3, 5, 2, 7, 13, 0, 2, 4, 3, 0, 0, 2, 0, 0, 2, NULL, 1, 1, 1, 0, 'N', NULL, 5, NULL, NULL, '2012-03-18 20:00:05', 100, 0, 0, 0, 0, 0, 0, 0, 0, 0, 0, 0),
(10000101, 'MWYKSPGMAL', 1264, 1264, 1, 'N', 'F', 15327, 'PUB', 'C', 4, 12, 4, 4, 5, 3, 6, 17, 0, 1, 4, 2, 0, 4, 0, 3, 1, 0, NULL, 1, 1, 1, 0, 'Y', NULL, 10, NULL, NULL, '2012-03-18 20:00:05', 100, 0, 0, 0, 0, 0, 0, 0, 0, 0, 0, 0),
(10000102, 'MOCOKQSRDA', 362, 362, 1, 'N', 'F', 10208, 'HOM', 'C', 3, 11, 4, 0, 4, 0, 8, 7, 0, 2, 0, 1, 0, 0, 2, 2, 3, 1, NULL, 1, 1, 1, 0, 'Y', NULL, 5, NULL, NULL, '2012-03-18 20:00:05', 100, 0, 0, 0, 0, 0, 0, 0, 0, 0, 0, 0),
(10000103, 'AODEEOWUQP', 2294, 2294, 1, 'N', 'F', 10534, 'PUB', 'F', 5, 11, 2, 5, 1, 0, 4, 15, 0, 0, 3, 0, 4, 3, 0, 5, 3, 0, NULL, 1, 1, 1, 0, 'Y', NULL, 5, NULL, NULL, '2012-03-18 20:00:05', 100, 0, 0, 0, 0, 0, 0, 0, 0, 0, 0, 0),
(10000104, 'FIMBYMQDTH', 542, 542, 1, 'N', 'F', 17635, 'CHR', 'C', 0, 13, 0, 4, 2, 3, 5, 13, 0, 0, 5, 0, 2, 1, 1, 1, 0, 3, NULL, 1, 1, 1, 0, 'N', NULL, 7, NULL, NULL, '2012-03-18 20:00:05', 100, 0, 0, 0, 0, 0, 0, 0, 0, 0, 0, 0),
(10000105, 'FABBPJUFLH', 681, 681, 1, 'N', 'F', 565, 'HOM', 'A', 0, 17, 4, 4, 4, 0, 10, 9, 0, 2, 0, 3, 0, 2, 0, 2, 2, 4, NULL, 1, 1, 1, 0, 'Y', NULL, 3, NULL, NULL, '2012-03-18 20:00:05', 100, 0, 0, 0, 0, 0, 0, 0, 0, 0, 0, 0),
(10000106, 'KNBUGDCOIJ', 1392, 1392, 1, 'N', 'F', 5962, 'PUB', 'D', 3, 8, 1, 3, 5, 3, 14, 18, 0, 2, 1, 3, 3, 3, 1, 2, 5, 4, NULL, 1, 1, 1, 0, 'Y', NULL, 2, NULL, NULL, '2012-03-18 20:00:05', 100, 0, 0, 0, 0, 0, 0, 0, 0, 0, 0, 0),
(10000107, 'RHMYBIMVJO', 776, 776, 1, 'N', 'M', 3679, 'PUB', 'D', 5, 8, 0, 4, 3, 2, 8, 16, 0, 1, 1, 2, 2, 5, 1, 2, 4, 1, NULL, 1, 1, 1, 0, 'N', NULL, 7, NULL, NULL, '2012-03-18 20:00:05', 100, 0, 0, 0, 0, 0, 0, 0, 0, 0, 0, 0),
(10000108, 'MGBDBUNUPD', 2193, 2193, 1, 'N', 'F', 6835, 'CHR', 'I', 0, 7, 4, 3, 3, 2, 7, 14, 0, 1, 0, 2, 4, 1, 1, 3, 2, 2, NULL, 1, 1, 1, 0, 'Y', NULL, 4, NULL, NULL, '2012-03-18 20:00:05', 100, 0, 0, 0, 0, 0, 0, 0, 0, 0, 0, 0),
(10000109, 'GEGAJEECWI', 609, 609, 1, 'N', 'F', 7632, 'PUB', 'C', 3, 10, 1, 5, 1, 0, 7, 11, 0, 0, 4, 0, 3, 3, 0, 1, 5, 1, NULL, 1, 1, 1, 0, 'Y', NULL, 1, NULL, NULL, '2012-03-18 20:00:05', 100, 0, 0, 0, 0, 0, 0, 0, 0, 0, 0, 0),
(10000110, 'ABVHJHNIMO', 242, 242, 1, 'N', 'M', 26247, 'PRN', 'B', 5, 9, 1, 4, 0, 3, 3, 14, 0, 0, 3, 2, 4, 1, 0, 1, 1, 2, NULL, 1, 1, 1, 0, 'Y', NULL, 10, NULL, NULL, '2012-03-18 20:00:05', 100, 0, 0, 0, 0, 0, 0, 0, 0, 0, 0, 0),
(10000111, 'BVYTAZQMAP', 2082, 2082, 1, 'N', 'M', 25201, 'PRN', 'E', 4, 13, 5, 4, 4, 2, 6, 16, 0, 1, 0, 1, 1, 4, 2, 5, 0, 2, NULL, 1, 1, 1, 0, 'Y', NULL, 3, NULL, NULL, '2012-03-18 20:00:05', 100, 0, 0, 0, 0, 0, 0, 0, 0, 0, 0, 0),
(10000112, 'DEEXOZSZUH', 1009, 1009, 1, 'N', 'F', 4656, 'CHR', 'A', 3, 7, 1, 2, 4, 0, 7, 11, 0, 0, 1, 0, 2, 3, 2, 3, 3, 0, NULL, 1, 1, 1, 0, 'Y', NULL, 3, NULL, NULL, '2012-03-18 20:00:05', 100, 0, 0, 0, 0, 0, 0, 0, 0, 0, 0, 0),
(10000113, 'MECJIUAKPA', 1663, 1663, 1, 'N', 'F', 4976, 'PUB', 'I', 2, 12, 4, 4, 3, 3, 9, 19, 0, 2, 3, 2, 3, 4, 1, 1, 4, 2, NULL, 1, 1, 1, 0, 'N', NULL, 5, NULL, NULL, '2012-03-18 20:00:05', 100, 0, 0, 0, 0, 0, 0, 0, 0, 0, 0, 0),
(10000114, 'ZLXSTNNCJW', 610, 610, 1, 'N', 'M', 9789, 'PUB', 'H', 4, 11, 4, 3, 5, 0, 10, 10, 0, 1, 1, 1, 0, 2, 0, 5, 4, 1, NULL, 1, 1, 1, 0, 'N', NULL, 4, NULL, NULL, '2012-03-18 20:00:05', 100, 0, 0, 0, 0, 0, 0, 0, 0, 0, 0, 0),
(10000115, 'DMEWLZQSBG', 1348, 398, 1, 'Y', 'F', 12169, 'OTH', 'C', 2, 16, 4, 5, 4, 2, 8, 14, 0, 0, 4, 1, 1, 2, 0, 4, 4, 0, NULL, 1, 1, 1, 0, 'Y', NULL, 6, NULL, NULL, '2012-03-18 20:00:05', 100, 0, 0, 0, 0, 0, 0, 0, 0, 0, 0, 0),
(10000116, 'KMUIWSUSTU', 705, 705, 1, 'N', 'M', 288, 'PUB', 'A', 4, 11, 3, 4, 2, 3, 2, 20, 0, 2, 1, 3, 2, 5, 2, 2, 0, 0, NULL, 1, 1, 1, 0, 'N', NULL, 8, NULL, NULL, '2012-03-18 20:00:05', 100, 0, 0, 0, 0, 0, 0, 0, 0, 0, 0, 0),
(10000117, 'DIWYFYFNCU', 2490, 2490, 1, 'N', 'F', 12623, 'PRR', 'H', 3, 10, 1, 5, 4, 1, 7, 15, 0, 0, 4, 0, 3, 4, 1, 2, 1, 2, NULL, 1, 1, 1, 0, 'N', NULL, 5, NULL, NULL, '2012-03-18 20:00:05', 100, 0, 0, 0, 0, 0, 0, 0, 0, 0, 0, 0),
(10000118, 'DTILMRTDFQ', 1733, 1733, 1, 'N', 'M', 22599, 'CHR', 'A', 3, 10, 0, 2, 3, 1, 10, 17, 0, 2, 5, 3, 0, 5, 0, 1, 4, 3, NULL, 1, 1, 1, 0, 'Y', NULL, 8, NULL, NULL, '2012-03-18 20:00:05', 100, 0, 0, 0, 0, 0, 0, 0, 0, 0, 0, 0),
(10000119, 'EQNQDXRJSF', 804, 804, 1, 'N', 'M', 15448, 'OTH', NULL, 2, 15, 2, 3, 4, 1, 6, 12, 0, 1, 4, 2, 3, 0, 1, 0, 2, 0, NULL, 1, 1, 1, 0, 'N', NULL, 3, NULL, NULL, '2012-03-18 20:00:05', 100, 0, 0, 0, 0, 0, 0, 0, 0, 0, 0, 0),
(10000120, 'USEFMNDLFS', 769, 769, 1, 'N', 'M', 24609, 'CHR', 'E', 0, 1, 1, 0, 1, 3, 8, 10, 0, 0, 3, 0, 3, 0, 1, 0, 3, 4, NULL, 1, 1, 1, 0, 'N', NULL, 4, NULL, NULL, '2012-03-18 20:00:05', 100, 0, 0, 0, 0, 0, 0, 0, 0, 0, 0, 0),
(10000121, 'UAQIPQNRTO', 2210, 2210, 1, 'N', 'M', 4673, 'PRN', 'E', 2, 15, 5, 3, 3, 0, 11, 13, 0, 0, 4, 0, 4, 2, 0, 3, 4, 4, NULL, 1, 1, 1, 0, 'Y', NULL, 4, NULL, NULL, '2012-03-18 20:00:05', 100, 0, 0, 0, 0, 0, 0, 0, 0, 0, 0, 0),
(10000122, 'SRCJMLSXRD', 1206, 1206, 1, 'N', 'F', 22735, 'PUB', 'C', 3, 10, 2, 4, 1, 0, 4, 10, 0, 0, 2, 0, 5, 2, 0, 1, 1, 2, NULL, 1, 1, 1, 0, 'Y', NULL, 1, NULL, NULL, '2012-03-18 20:00:05', 100, 0, 0, 0, 0, 0, 0, 0, 0, 0, 0, 0),
(10000123, 'ARJZOPFLMO', 868, 1742, 1, 'Y', 'F', 979, 'PUB', 'I', 5, 12, 3, 5, 2, 2, 8, 18, 0, 2, 0, 1, 5, 3, 0, 5, 5, 1, NULL, 1, 1, 1, 0, 'N', NULL, 5, NULL, NULL, '2012-03-18 20:00:05', 100, 0, 0, 0, 0, 0, 0, 0, 0, 0, 0, 0),
(10000124, 'TDSKGGSYTP', 1201, 1201, 1, 'N', 'F', 20025, 'PRR', 'F', 4, 18, 0, 5, 0, 0, 5, 20, 0, 2, 5, 3, 0, 4, 2, 4, 1, 4, NULL, 1, 1, 1, 0, 'Y', NULL, 5, NULL, NULL, '2012-03-18 20:00:05', 100, 0, 0, 0, 0, 0, 0, 0, 0, 0, 0, 0),
(10000125, 'DNJRFWFBQH', 1091, 1091, 1, 'N', 'F', 9170, 'CHR', 'H', 1, 11, 4, 2, 4, 0, 8, 19, 0, 0, 6, 0, 3, 4, 2, 4, 4, 0, NULL, 1, 1, 1, 0, 'N', NULL, 2, NULL, NULL, '2012-03-18 20:00:05', 100, 0, 0, 0, 0, 0, 0, 0, 0, 0, 0, 0),
(10000126, 'BQGFROUFEM', 1550, 1550, 1, 'N', 'M', 25342, 'PUB', NULL, 4, 11, 4, 3, 0, 2, 8, 16, 0, 0, 3, 2, 0, 4, 2, 3, 4, 4, NULL, 1, 1, 1, 0, 'Y', NULL, 6, NULL, NULL, '2012-03-18 20:00:05', 100, 0, 0, 0, 0, 0, 0, 0, 0, 0, 0, 0),
(10000127, 'OZXJJPTLDJ', 592, 592, 1, 'N', 'M', 9418, 'PRN', 'E', 3, 9, 1, 1, 1, 0, 3, 10, 0, 1, 0, 3, 0, 5, 1, 0, 2, 0, NULL, 1, 1, 1, 0, 'Y', NULL, 5, NULL, NULL, '2012-03-18 20:00:05', 100, 0, 0, 0, 0, 0, 0, 0, 0, 0, 0, 0),
(10000128, 'GGCZAYIOZD', 1464, 1464, 1, 'N', 'F', 5809, 'PUB', NULL, 4, 13, 1, 5, 5, 1, 9, 26, 0, 2, 6, 3, 4, 5, 0, 5, 1, 3, NULL, 1, 1, 1, 0, 'N', NULL, 1, NULL, NULL, '2012-03-18 20:00:05', 100, 0, 0, 0, 0, 0, 0, 0, 0, 0, 0, 0),
(10000129, 'QUWYUYUECV', 2314, 2314, 1, 'N', 'F', 14378, 'CHR', 'D', 5, 13, 0, 3, 4, 0, 12, 16, 0, 2, 2, 2, 1, 3, 2, 4, 4, 4, NULL, 1, 1, 1, 0, 'N', NULL, 6, NULL, NULL, '2012-03-18 20:00:05', 100, 0, 0, 0, 0, 0, 0, 0, 0, 0, 0, 0),
(10000130, 'WEBLEYPNJA', 2115, 1612, 1, 'Y', 'M', 25037, 'PRR', 'D', 3, 7, 0, 0, 5, 2, 10, 11, 0, 0, 1, 0, 1, 2, 0, 5, 4, 1, NULL, 1, 1, 1, 0, 'N', NULL, 1, NULL, NULL, '2012-03-18 20:00:05', 100, 0, 0, 0, 0, 0, 0, 0, 0, 0, 0, 0),
(10000131, 'DZWQGFORHJ', 1088, 1088, 1, 'N', 'M', 22606, 'PUB', 'F', 3, 7, 1, 2, 0, 0, 4, 12, 0, 2, 4, 0, 2, 1, 2, 1, 1, 3, NULL, 1, 1, 1, 0, 'N', NULL, 6, NULL, NULL, '2012-03-18 20:00:05', 100, 0, 0, 0, 0, 0, 0, 0, 0, 0, 0, 0),
(10000132, 'NWYUWDODAU', 1360, 1360, 1, 'N', 'M', 13041, 'PRN', 'E', 5, 11, 1, 0, 2, 1, 5, 12, 0, 1, 3, 2, 4, 0, 0, 1, 0, 3, NULL, 1, 1, 1, 0, 'Y', NULL, 6, NULL, NULL, '2012-03-18 20:00:05', 100, 0, 0, 0, 0, 0, 0, 0, 0, 0, 0, 0),
(10000133, 'YBLHTRGUJQ', 1000, 1000, 1, 'N', 'F', 14600, 'PRR', 'B', 4, 11, 4, 3, 1, 0, 5, 17, 0, 1, 5, 1, 4, 5, 0, 1, 4, 0, NULL, 1, 1, 1, 0, 'N', NULL, 4, NULL, NULL, '2012-03-18 20:00:05', 100, 0, 0, 0, 0, 0, 0, 0, 0, 0, 0, 0),
(10000134, 'LNHWHSGOJN', 1123, 1123, 1, 'N', 'M', 26273, 'PRR', 'F', 2, 12, 5, 0, 2, 3, 7, 21, 0, 1, 2, 3, 4, 1, 2, 5, 4, 1, NULL, 1, 1, 1, 0, 'Y', NULL, 9, NULL, NULL, '2012-03-18 20:00:05', 100, 0, 0, 0, 0, 0, 0, 0, 0, 0, 0, 0),
(10000135, 'KFZZMTGMWX', 801, 801, 1, 'N', 'M', 17664, 'CHR', 'C', 1, 9, 5, 0, 1, 3, 4, 15, 0, 0, 1, 3, 3, 2, 2, 1, 1, 2, NULL, 1, 1, 1, 0, 'Y', NULL, 2, NULL, NULL, '2012-03-18 20:00:05', 100, 0, 0, 0, 0, 0, 0, 0, 0, 0, 0, 0),
(10000136, 'GKBYFAZMTJ', 485, 2099, 1, 'Y', 'F', 9768, 'PRN', NULL, 4, 9, 3, 2, 4, 1, 9, 17, 0, 2, 5, 0, 5, 0, 1, 3, 3, 2, NULL, 1, 1, 1, 0, 'N', NULL, 6, NULL, NULL, '2012-03-18 20:00:05', 100, 0, 0, 0, 0, 0, 0, 0, 0, 0, 0, 0),
(10000137, 'RLPABRJKVP', 844, 844, 1, 'N', 'M', 5620, 'PUB', 'E', 4, 16, 2, 4, 1, 2, 8, 23, 0, 1, 5, 3, 3, 3, 1, 5, 4, 3, NULL, 1, 1, 1, 0, 'Y', NULL, 5, NULL, NULL, '2012-03-18 20:00:05', 100, 0, 0, 0, 0, 0, 0, 0, 0, 0, 0, 0),
(10000138, 'FKCTNDTBWX', 1068, 1068, 1, 'N', 'F', 276, 'PRN', 'B', 2, 13, 4, 5, 2, 3, 11, 10, 0, 0, 2, 1, 0, 1, 1, 2, 5, 4, NULL, 1, 1, 1, 0, 'N', NULL, 3, NULL, NULL, '2012-03-18 20:00:05', 100, 0, 0, 0, 0, 0, 0, 0, 0, 0, 0, 0),
(10000139, 'KWJYLLARSZ', 1465, 1465, 1, 'N', 'M', 1130, 'PRR', 'B', 4, 11, 4, 3, 3, 1, 9, 12, 0, 0, 3, 1, 1, 5, 1, 0, 2, 4, NULL, 1, 1, 1, 0, 'N', NULL, 1, NULL, NULL, '2012-03-18 20:00:05', 100, 0, 0, 0, 0, 0, 0, 0, 0, 0, 0, 0),
(10000140, 'LTUFRCUIRA', 602, 602, 1, 'N', 'F', 1792, 'HOM', 'A', 3, 16, 0, 5, 4, 0, 7, 20, 0, 2, 3, 0, 4, 5, 1, 5, 2, 1, NULL, 1, 1, 1, 0, 'N', NULL, 5, NULL, NULL, '2012-03-18 20:00:05', 100, 0, 0, 0, 0, 0, 0, 0, 0, 0, 0, 0),
(10000141, 'ZJCIZRFBOV', 1605, 1605, 1, 'N', 'F', 13278, 'PRR', 'E', 3, 12, 1, 4, 3, 3, 7, 16, 0, 0, 1, 1, 3, 2, 2, 4, 3, 1, NULL, 1, 1, 1, 0, 'Y', NULL, 5, NULL, NULL, '2012-03-18 20:00:05', 100, 0, 0, 0, 0, 0, 0, 0, 0, 0, 0, 0);

-- --------------------------------------------------------

--
-- Table structure for table `tbl_citizen_type`
--

CREATE TABLE IF NOT EXISTS `tbl_citizen_type` (
  `id` tinyint(3) unsigned NOT NULL AUTO_INCREMENT,
  `name` varchar(60) CHARACTER SET utf8 COLLATE utf8_unicode_ci DEFAULT NULL,
  PRIMARY KEY (`id`)
) ENGINE=InnoDB  DEFAULT CHARSET=utf8 COLLATE=utf8_bin AUTO_INCREMENT=181 ;

--
-- Dumping data for table `tbl_citizen_type`
--

INSERT INTO `tbl_citizen_type` (`id`, `name`) VALUES
(1, 'United States'),
(2, 'Afghanistan'),
(3, 'Albania'),
(4, 'Algeria'),
(5, 'Andorra'),
(6, 'Angola'),
(7, 'Argentina'),
(8, 'Armenia'),
(9, 'Australia'),
(10, 'Austria'),
(11, 'Azerbaijan'),
(12, 'Bahamas'),
(13, 'Bahrain'),
(14, 'Bangladesh'),
(15, 'Barbados'),
(16, 'Belarus'),
(17, 'Belgium'),
(18, 'Belize'),
(19, 'Benin'),
(20, 'Bhutan'),
(21, 'Bolivia'),
(22, 'Bosnia-Herzegovina'),
(23, 'Botswana'),
(24, 'Brazil'),
(25, 'Britain'),
(26, 'Brunei'),
(27, 'Bulgaria'),
(28, 'Burkina'),
(29, 'Burma'),
(30, 'Burundi'),
(31, 'Cambodia'),
(32, 'Cameroon'),
(33, 'Canada'),
(34, 'Cape Verde Islands'),
(35, 'Chad'),
(36, 'Chile'),
(37, 'China'),
(38, 'Colombia'),
(39, 'Congo'),
(40, 'Costa Rica'),
(41, 'Croatia'),
(42, 'Cuba'),
(43, 'Cyprus'),
(44, 'Czech Republic'),
(45, 'Denmark'),
(46, 'Djibouti'),
(47, 'Dominica'),
(48, 'Dominican Republic'),
(49, 'Ecuador'),
(50, 'Egypt'),
(51, 'El Salvador'),
(52, 'England'),
(53, 'Eritrea'),
(54, 'Estonia'),
(55, 'Ethiopia'),
(56, 'Fiji'),
(57, 'Finland'),
(58, 'France'),
(59, 'Gabon'),
(60, 'Gambia, the'),
(61, 'Georgia'),
(62, 'Germany'),
(63, 'Ghana'),
(64, 'Greece'),
(65, 'Grenada'),
(66, 'Guatemala'),
(67, 'Guinea'),
(68, 'Guyana'),
(69, 'Haiti'),
(70, 'Netherlands'),
(71, 'Honduras'),
(72, 'Hungary'),
(73, 'Iceland'),
(74, 'India'),
(75, 'Indonesia'),
(76, 'Iran'),
(77, 'Iraq'),
(78, 'Ireland, Republic of'),
(79, 'Israel'),
(80, 'Italy'),
(81, 'Jamaica'),
(82, 'Japan'),
(83, 'Jordan'),
(84, 'Kazakhstan'),
(85, 'Kenya'),
(86, 'Kuwait'),
(87, 'Laos'),
(88, 'Latvia'),
(89, 'Lebanon'),
(90, 'Liberia'),
(91, 'Libya'),
(92, 'Liechtenstein'),
(93, 'Lithuania'),
(94, 'Luxembourg'),
(95, 'Macedonia'),
(96, 'Madagascar'),
(97, 'Malawi'),
(98, 'Malaysia'),
(99, 'Maldives'),
(100, 'Mali'),
(101, 'Malta'),
(102, 'Mauritania'),
(103, 'Mauritius'),
(104, 'Mexico'),
(105, 'Moldova'),
(106, 'Monaco'),
(107, 'Mongolia'),
(108, 'Montenegro'),
(109, 'Morocco'),
(110, 'Mozambique'),
(111, 'Myanmar see Burma'),
(112, 'Namibia'),
(113, 'Nepal'),
(114, 'New Zealand'),
(115, 'Nicaragua'),
(116, 'Niger'),
(117, 'Nigeria'),
(118, 'North Korea'),
(119, 'Norway'),
(120, 'Oman'),
(121, 'Pakistan'),
(122, 'Panama'),
(123, 'Papua New Guinea'),
(124, 'Paraguay'),
(125, 'Peru'),
(126, 'Philippines'),
(127, 'Poland'),
(128, 'Portugal'),
(129, 'Qatar'),
(130, 'Romania'),
(131, 'Russia'),
(132, 'Rwanda'),
(133, 'Saudi Arabia'),
(134, 'Scotland'),
(135, 'Senegal'),
(136, 'Serbia'),
(137, 'Seychelles, the'),
(138, 'Sierra Leone'),
(139, 'Singapore'),
(140, 'Slovakia'),
(141, 'Slovenia'),
(142, 'Solomon Islands'),
(143, 'Somalia'),
(144, 'South Africa'),
(145, 'South Korea'),
(146, 'Spain'),
(147, 'Sri Lanka'),
(148, 'Sudan'),
(149, 'Suriname'),
(150, 'Swaziland'),
(151, 'Sweden'),
(152, 'Switzerland'),
(153, 'Syria'),
(154, 'Taiwan'),
(155, 'Tajikistan'),
(156, 'Tanzania'),
(157, 'Thailand'),
(158, 'Togo'),
(159, 'Trinidad and Tobago'),
(160, 'Tunisia'),
(161, 'Turkey'),
(162, 'Turkmenistan'),
(163, 'Tuvali'),
(164, 'Uganda'),
(165, 'Ukraine'),
(166, 'United Arab Emirates '),
(167, 'United Kingdom'),
(168, 'Uruguay'),
(169, 'Uzbekistan'),
(170, 'Vanuata'),
(171, 'Vatican City'),
(172, 'Venezuela'),
(173, 'Vietnam'),
(174, 'Wales'),
(175, 'Western Samoa'),
(176, 'Yemen'),
(177, 'Yugoslavia'),
(178, 'Zaire'),
(179, 'Zambia'),
(180, 'Zimbabwe');

-- --------------------------------------------------------

--
-- Table structure for table `tbl_competition_profile`
--

CREATE TABLE IF NOT EXISTS `tbl_competition_profile` (
  `id` int(10) unsigned NOT NULL AUTO_INCREMENT,
  `user_id` int(10) unsigned NOT NULL,
  `year` tinyint(1) DEFAULT NULL,
  `name_of_competition` varchar(20) DEFAULT NULL,
  `rank_or_score` varchar(10) DEFAULT NULL,
  `num_competitors` mediumint(6) unsigned DEFAULT NULL,
  `region` tinyint(1) DEFAULT NULL,
  `comments` text,
  `create_time` datetime DEFAULT NULL,
  `create_user_id` int(10) unsigned DEFAULT NULL,
  `update_time` datetime DEFAULT NULL,
  `update_user_id` int(10) unsigned DEFAULT NULL,
  PRIMARY KEY (`id`),
  KEY `USER` (`user_id`)
) ENGINE=InnoDB  DEFAULT CHARSET=latin1 AUTO_INCREMENT=356 ;

--
-- Dumping data for table `tbl_competition_profile`
--

INSERT INTO `tbl_competition_profile` (`id`, `user_id`, `year`, `name_of_competition`, `rank_or_score`, `num_competitors`, `region`, `comments`, `create_time`, `create_user_id`, `update_time`, `update_user_id`) VALUES
(8, 10000020, 7, 'G Competition', '2nd Place', NULL, 7, NULL, NULL, NULL, NULL, NULL),
(9, 10000021, 1, 'B Competition', '4th Place', 100, 7, NULL, NULL, NULL, NULL, NULL),
(10, 10000021, 3, 'D Competition', NULL, 25, 2, NULL, NULL, NULL, NULL, NULL),
(11, 10000021, 5, 'E Competition', '2nd Place', 41, 2, NULL, NULL, NULL, NULL, NULL),
(12, 10000022, 4, 'G Competition', '3rd Place', 54, 2, NULL, NULL, NULL, NULL, NULL),
(13, 10000022, 7, 'B Competition', '5th Place', 157, 1, NULL, NULL, NULL, NULL, NULL),
(14, 10000022, 7, 'E Competition', '2nd Place', 256, 3, NULL, NULL, NULL, NULL, NULL),
(15, 10000023, 7, 'C Competition', '3rd Place', 162, 2, NULL, NULL, NULL, NULL, NULL),
(16, 10000023, 7, 'E Competition', '4th Place', NULL, 7, NULL, NULL, NULL, NULL, NULL),
(17, 10000023, 6, 'G Competition', '3rd Place', 216, 5, NULL, NULL, NULL, NULL, NULL),
(18, 10000023, 1, 'H Competition', '2nd Place', 140, 2, NULL, NULL, NULL, NULL, NULL),
(19, 10000023, 7, 'D Competition', NULL, 473, 3, NULL, NULL, NULL, NULL, NULL),
(20, 10000024, 5, 'F Competition', NULL, 381, 6, NULL, NULL, NULL, NULL, NULL),
(21, 10000024, 5, 'B Competition', '2nd Place', 366, 2, NULL, NULL, NULL, NULL, NULL),
(22, 10000024, 3, 'H Competition', '4th Place', 332, 8, NULL, NULL, NULL, NULL, NULL),
(23, 10000025, 6, 'E Competition', '5th Place', NULL, 2, NULL, NULL, NULL, NULL, NULL),
(24, 10000025, 7, 'H Competition', NULL, 149, 4, NULL, NULL, NULL, NULL, NULL),
(25, 10000025, 5, 'C Competition', '5th Place', 138, 1, NULL, NULL, NULL, NULL, NULL),
(26, 10000025, 4, 'D Competition', '5th Place', 392, 2, NULL, NULL, NULL, NULL, NULL),
(27, 10000026, 2, 'E Competition', '2nd Place', 247, 7, NULL, NULL, NULL, NULL, NULL),
(28, 10000026, 6, 'F Competition', '2nd Place', 366, 5, NULL, NULL, NULL, NULL, NULL),
(29, 10000026, 7, 'G Competition', NULL, 141, 2, NULL, NULL, NULL, NULL, NULL),
(30, 10000027, 3, 'A Competition', '3rd Place', 481, 3, NULL, NULL, NULL, NULL, NULL),
(31, 10000028, 3, 'F Competition', NULL, NULL, 3, NULL, NULL, NULL, NULL, NULL),
(32, 10000028, 1, 'D Competition', '4th Place', 457, 4, NULL, NULL, NULL, NULL, NULL),
(33, 10000028, 5, 'C Competition', NULL, NULL, 3, NULL, NULL, NULL, NULL, NULL),
(34, 10000029, 4, 'G Competition', NULL, NULL, 4, NULL, NULL, NULL, NULL, NULL),
(35, 10000030, 1, 'F Competition', '5th Place', 276, 5, NULL, NULL, NULL, NULL, NULL),
(36, 10000030, 7, 'H Competition', '4th Place', 122, 4, NULL, NULL, NULL, NULL, NULL),
(37, 10000030, 5, 'G Competition', '5th Place', 187, 7, NULL, NULL, NULL, NULL, NULL),
(38, 10000030, 3, 'A Competition', '2nd Place', NULL, 7, NULL, NULL, NULL, NULL, NULL),
(39, 10000030, 3, 'D Competition', '2nd Place', 332, 6, NULL, NULL, NULL, NULL, NULL),
(40, 10000031, 5, 'E Competition', '3rd Place', 354, 3, NULL, NULL, NULL, NULL, NULL),
(41, 10000032, 7, 'E Competition', '5th Place', 231, 7, NULL, NULL, NULL, NULL, NULL),
(42, 10000032, 3, 'F Competition', '3rd Place', 352, 2, NULL, NULL, NULL, NULL, NULL),
(43, 10000032, 7, 'C Competition', NULL, 321, 3, NULL, NULL, NULL, NULL, NULL),
(44, 10000032, 6, 'H Competition', '5th Place', 400, 8, NULL, NULL, NULL, NULL, NULL),
(45, 10000034, 3, 'G Competition', NULL, 283, 3, NULL, NULL, NULL, NULL, NULL),
(46, 10000034, 6, 'C Competition', '2nd Place', 493, 3, NULL, NULL, NULL, NULL, NULL),
(47, 10000034, 4, 'E Competition', NULL, 333, 1, NULL, NULL, NULL, NULL, NULL),
(48, 10000035, 6, 'F Competition', '5th Place', NULL, 1, NULL, NULL, NULL, NULL, NULL),
(49, 10000035, 4, 'D Competition', NULL, 420, 1, NULL, NULL, NULL, NULL, NULL),
(50, 10000035, 6, 'C Competition', '3rd Place', 315, 6, NULL, NULL, NULL, NULL, NULL),
(51, 10000035, 1, 'A Competition', '4th Place', 445, 2, NULL, NULL, NULL, NULL, NULL),
(52, 10000035, 7, 'B Competition', NULL, NULL, 7, NULL, NULL, NULL, NULL, NULL),
(53, 10000036, 7, 'D Competition', '5th Place', 89, 8, NULL, NULL, NULL, NULL, NULL),
(54, 10000036, 5, 'G Competition', '5th Place', 28, 4, NULL, NULL, NULL, NULL, NULL),
(55, 10000036, 4, 'H Competition', '3rd Place', 486, 6, NULL, NULL, NULL, NULL, NULL),
(56, 10000036, 7, 'E Competition', NULL, 491, 7, NULL, NULL, NULL, NULL, NULL),
(57, 10000037, 7, 'F Competition', NULL, NULL, 4, NULL, NULL, NULL, NULL, NULL),
(58, 10000037, 7, 'H Competition', NULL, 410, 8, NULL, NULL, NULL, NULL, NULL),
(59, 10000037, 2, 'E Competition', '4th Place', 213, 2, NULL, NULL, NULL, NULL, NULL),
(60, 10000037, 3, 'C Competition', '2nd Place', 154, 8, NULL, NULL, NULL, NULL, NULL),
(61, 10000037, 5, 'B Competition', '3rd Place', 357, 7, NULL, NULL, NULL, NULL, NULL),
(62, 10000038, 7, 'C Competition', '5th Place', NULL, 2, NULL, NULL, NULL, NULL, NULL),
(63, 10000039, 2, 'B Competition', '5th Place', 320, 3, NULL, NULL, NULL, NULL, NULL),
(64, 10000039, 1, 'D Competition', '2nd Place', 219, 1, NULL, NULL, NULL, NULL, NULL),
(65, 10000039, 3, 'A Competition', '3rd Place', NULL, 3, NULL, NULL, NULL, NULL, NULL),
(66, 10000041, 4, 'C Competition', NULL, 129, 2, NULL, NULL, NULL, NULL, NULL),
(67, 10000041, 6, 'A Competition', NULL, 402, 8, NULL, NULL, NULL, NULL, NULL),
(68, 10000041, 3, 'F Competition', '2nd Place', 86, 4, NULL, NULL, NULL, NULL, NULL),
(69, 10000043, 4, 'A Competition', NULL, 356, 2, NULL, NULL, NULL, NULL, NULL),
(70, 10000043, 5, 'F Competition', NULL, 27, 6, NULL, NULL, NULL, NULL, NULL),
(71, 10000043, 4, 'D Competition', NULL, 217, 4, NULL, NULL, NULL, NULL, NULL),
(72, 10000044, 4, 'E Competition', NULL, 204, 2, NULL, NULL, NULL, NULL, NULL),
(73, 10000044, 4, 'A Competition', '5th Place', 243, 6, NULL, NULL, NULL, NULL, NULL),
(74, 10000044, 1, 'H Competition', NULL, 48, 1, NULL, NULL, NULL, NULL, NULL),
(75, 10000044, 5, 'C Competition', '5th Place', NULL, 1, NULL, NULL, NULL, NULL, NULL),
(76, 10000044, 4, 'F Competition', '5th Place', 20, 6, NULL, NULL, NULL, NULL, NULL),
(77, 10000045, 5, 'D Competition', '2nd Place', NULL, 8, NULL, NULL, NULL, NULL, NULL),
(78, 10000045, 5, 'B Competition', '5th Place', NULL, 2, NULL, NULL, NULL, NULL, NULL),
(79, 10000045, 7, 'F Competition', '4th Place', 266, 2, NULL, NULL, NULL, NULL, NULL),
(80, 10000045, 2, 'H Competition', '3rd Place', NULL, 6, NULL, NULL, NULL, NULL, NULL),
(81, 10000046, 4, 'E Competition', '2nd Place', 464, 1, NULL, NULL, NULL, NULL, NULL),
(82, 10000046, 6, 'F Competition', NULL, 231, 1, NULL, NULL, NULL, NULL, NULL),
(83, 10000047, 6, 'E Competition', '5th Place', 63, 3, NULL, NULL, NULL, NULL, NULL),
(84, 10000047, 7, 'B Competition', '4th Place', 407, 7, NULL, NULL, NULL, NULL, NULL),
(85, 10000047, 7, 'C Competition', '3rd Place', 165, 2, NULL, NULL, NULL, NULL, NULL),
(86, 10000048, 6, 'F Competition', '2nd Place', 373, 6, NULL, NULL, NULL, NULL, NULL),
(87, 10000048, 2, 'E Competition', '2nd Place', 163, 3, NULL, NULL, NULL, NULL, NULL),
(88, 10000050, 6, 'G Competition', '2nd Place', 450, 3, NULL, NULL, NULL, NULL, NULL),
(89, 10000050, 2, 'F Competition', NULL, NULL, 1, NULL, NULL, NULL, NULL, NULL),
(90, 10000050, 2, 'C Competition', '3rd Place', NULL, 1, NULL, NULL, NULL, NULL, NULL),
(91, 10000050, 6, 'H Competition', '5th Place', NULL, 5, NULL, NULL, NULL, NULL, NULL),
(92, 10000050, 4, 'D Competition', '4th Place', NULL, 7, NULL, NULL, NULL, NULL, NULL),
(93, 10000051, 7, 'E Competition', NULL, 349, 3, NULL, NULL, NULL, NULL, NULL),
(94, 10000051, 6, 'D Competition', '3rd Place', 139, 2, NULL, NULL, NULL, NULL, NULL),
(95, 10000051, 5, 'C Competition', '2nd Place', NULL, 5, NULL, NULL, NULL, NULL, NULL),
(96, 10000051, 7, 'H Competition', NULL, 150, 8, NULL, NULL, NULL, NULL, NULL),
(97, 10000051, 5, 'F Competition', '2nd Place', 214, 1, NULL, NULL, NULL, NULL, NULL),
(98, 10000052, 2, 'A Competition', NULL, 235, 7, NULL, NULL, NULL, NULL, NULL),
(99, 10000053, 1, 'B Competition', '3rd Place', 204, 4, NULL, NULL, NULL, NULL, NULL),
(100, 10000053, 6, 'F Competition', '3rd Place', NULL, 6, NULL, NULL, NULL, NULL, NULL),
(101, 10000054, 5, 'B Competition', NULL, 383, 2, NULL, NULL, NULL, NULL, NULL),
(102, 10000054, 4, 'D Competition', NULL, 241, 1, NULL, NULL, NULL, NULL, NULL),
(103, 10000055, 7, 'B Competition', '3rd Place', 437, 3, NULL, NULL, NULL, NULL, NULL),
(104, 10000056, 5, 'H Competition', '2nd Place', 222, 1, NULL, NULL, NULL, NULL, NULL),
(105, 10000056, 2, 'D Competition', '4th Place', 157, 6, NULL, NULL, NULL, NULL, NULL),
(106, 10000056, 6, 'A Competition', '3rd Place', NULL, 8, NULL, NULL, NULL, NULL, NULL),
(107, 10000056, 1, 'C Competition', '3rd Place', NULL, 3, NULL, NULL, NULL, NULL, NULL),
(108, 10000057, 6, 'B Competition', '5th Place', 376, 3, NULL, NULL, NULL, NULL, NULL),
(109, 10000057, 4, 'F Competition', '4th Place', 327, 2, NULL, NULL, NULL, NULL, NULL),
(110, 10000057, 2, 'D Competition', NULL, NULL, 1, NULL, NULL, NULL, NULL, NULL),
(111, 10000058, 4, 'D Competition', '5th Place', 428, 4, NULL, NULL, NULL, NULL, NULL),
(112, 10000059, 6, 'E Competition', NULL, NULL, 7, NULL, NULL, NULL, NULL, NULL),
(113, 10000059, 5, 'B Competition', '2nd Place', NULL, 1, NULL, NULL, NULL, NULL, NULL),
(114, 10000059, 2, 'A Competition', NULL, NULL, 8, NULL, NULL, NULL, NULL, NULL),
(115, 10000059, 5, 'F Competition', NULL, 352, 8, NULL, NULL, NULL, NULL, NULL),
(116, 10000059, 5, 'G Competition', '4th Place', NULL, 1, NULL, NULL, NULL, NULL, NULL),
(117, 10000060, 5, 'A Competition', '2nd Place', NULL, 5, NULL, NULL, NULL, NULL, NULL),
(118, 10000060, 2, 'E Competition', '5th Place', 72, 2, NULL, NULL, NULL, NULL, NULL),
(119, 10000061, 1, 'C Competition', NULL, 333, 3, NULL, NULL, NULL, NULL, NULL),
(120, 10000061, 1, 'B Competition', NULL, NULL, 3, NULL, NULL, NULL, NULL, NULL),
(121, 10000061, 3, 'E Competition', NULL, 135, 8, NULL, NULL, NULL, NULL, NULL),
(122, 10000062, 4, 'E Competition', NULL, 252, 1, NULL, NULL, NULL, NULL, NULL),
(123, 10000062, 4, 'G Competition', '3rd Place', 444, 4, NULL, NULL, NULL, NULL, NULL),
(124, 10000062, 2, 'F Competition', '5th Place', 182, 1, NULL, NULL, NULL, NULL, NULL),
(125, 10000062, 2, 'D Competition', NULL, NULL, 6, NULL, NULL, NULL, NULL, NULL),
(126, 10000062, 4, 'B Competition', '3rd Place', 479, 7, NULL, NULL, NULL, NULL, NULL),
(127, 10000063, 7, 'D Competition', '3rd Place', 299, 5, NULL, NULL, NULL, NULL, NULL),
(128, 10000063, 3, 'G Competition', '3rd Place', 454, 5, NULL, NULL, NULL, NULL, NULL),
(129, 10000064, 3, 'E Competition', '5th Place', 422, 6, NULL, NULL, NULL, NULL, NULL),
(130, 10000064, 4, 'H Competition', NULL, 378, 5, NULL, NULL, NULL, NULL, NULL),
(131, 10000064, 1, 'C Competition', '2nd Place', 36, 4, NULL, NULL, NULL, NULL, NULL),
(132, 10000064, 4, 'A Competition', '2nd Place', 134, 4, NULL, NULL, NULL, NULL, NULL),
(133, 10000064, 5, 'G Competition', '3rd Place', 400, 7, NULL, NULL, NULL, NULL, NULL),
(134, 10000065, 2, 'D Competition', '4th Place', 324, 8, NULL, NULL, NULL, NULL, NULL),
(135, 10000065, 6, 'C Competition', '2nd Place', 111, 7, NULL, NULL, NULL, NULL, NULL),
(136, 10000065, 4, 'F Competition', '5th Place', 422, 5, NULL, NULL, NULL, NULL, NULL),
(137, 10000065, 2, 'E Competition', '5th Place', 39, 7, NULL, NULL, NULL, NULL, NULL),
(138, 10000065, 5, 'G Competition', NULL, 470, 7, NULL, NULL, NULL, NULL, NULL),
(139, 10000066, 3, 'C Competition', NULL, 246, 5, NULL, NULL, NULL, NULL, NULL),
(140, 10000066, 4, 'B Competition', NULL, 293, 2, NULL, NULL, NULL, NULL, NULL),
(141, 10000066, 3, 'G Competition', '4th Place', NULL, 6, NULL, NULL, NULL, NULL, NULL),
(142, 10000066, 5, 'F Competition', '5th Place', 419, 2, NULL, NULL, NULL, NULL, NULL),
(143, 10000067, 2, 'F Competition', '3rd Place', 465, 4, NULL, NULL, NULL, NULL, NULL),
(144, 10000067, 5, 'E Competition', '3rd Place', 231, 3, NULL, NULL, NULL, NULL, NULL),
(145, 10000068, 5, 'B Competition', '2nd Place', 163, 5, NULL, NULL, NULL, NULL, NULL),
(146, 10000068, 3, 'G Competition', '3rd Place', 217, 8, NULL, NULL, NULL, NULL, NULL),
(147, 10000068, 3, 'A Competition', '5th Place', 286, 7, NULL, NULL, NULL, NULL, NULL),
(148, 10000068, 5, 'F Competition', '4th Place', 458, 7, NULL, NULL, NULL, NULL, NULL),
(149, 10000068, 1, 'D Competition', '2nd Place', 454, 1, NULL, NULL, NULL, NULL, NULL),
(150, 10000069, 1, 'B Competition', '5th Place', NULL, 1, NULL, NULL, NULL, NULL, NULL),
(151, 10000069, 6, 'A Competition', NULL, 492, 2, NULL, NULL, NULL, NULL, NULL),
(152, 10000069, 3, 'D Competition', '5th Place', 177, 3, NULL, NULL, NULL, NULL, NULL),
(153, 10000069, 4, 'F Competition', '5th Place', 219, 1, NULL, NULL, NULL, NULL, NULL),
(154, 10000070, 6, 'E Competition', NULL, 469, 6, NULL, NULL, NULL, NULL, NULL),
(155, 10000070, 1, 'A Competition', '3rd Place', NULL, 1, NULL, NULL, NULL, NULL, NULL),
(156, 10000070, 7, 'C Competition', '3rd Place', 172, 1, NULL, NULL, NULL, NULL, NULL),
(157, 10000070, 6, 'F Competition', '5th Place', 384, 4, NULL, NULL, NULL, NULL, NULL),
(158, 10000070, 6, 'G Competition', '5th Place', 121, 2, NULL, NULL, NULL, NULL, NULL),
(159, 10000071, 7, 'B Competition', '3rd Place', 318, 2, NULL, NULL, NULL, NULL, NULL),
(160, 10000071, 3, 'F Competition', '5th Place', NULL, 7, NULL, NULL, NULL, NULL, NULL),
(161, 10000071, 1, 'H Competition', '2nd Place', 76, 1, NULL, NULL, NULL, NULL, NULL),
(162, 10000071, 3, 'G Competition', NULL, 333, 6, NULL, NULL, NULL, NULL, NULL),
(163, 10000072, 4, 'A Competition', NULL, NULL, 3, NULL, NULL, NULL, NULL, NULL),
(164, 10000072, 1, 'D Competition', '3rd Place', 381, 2, NULL, NULL, NULL, NULL, NULL),
(165, 10000072, 3, 'G Competition', NULL, 36, 4, NULL, NULL, NULL, NULL, NULL),
(166, 10000072, 2, 'H Competition', '3rd Place', 256, 5, NULL, NULL, NULL, NULL, NULL),
(167, 10000072, 5, 'E Competition', NULL, 404, 3, NULL, NULL, NULL, NULL, NULL),
(168, 10000073, 1, 'A Competition', '5th Place', NULL, 2, NULL, NULL, NULL, NULL, NULL),
(169, 10000074, 1, 'H Competition', '3rd Place', NULL, 2, NULL, NULL, NULL, NULL, NULL),
(170, 10000075, 7, 'F Competition', NULL, NULL, 1, NULL, NULL, NULL, NULL, NULL),
(171, 10000076, 2, 'F Competition', NULL, NULL, 3, NULL, NULL, NULL, NULL, NULL),
(172, 10000076, 6, 'C Competition', '5th Place', 231, 2, NULL, NULL, NULL, NULL, NULL),
(173, 10000076, 2, 'A Competition', '5th Place', 360, 3, NULL, NULL, NULL, NULL, NULL),
(174, 10000077, 6, 'H Competition', '3rd Place', NULL, 6, NULL, NULL, NULL, NULL, NULL),
(175, 10000077, 2, 'F Competition', NULL, 380, 3, NULL, NULL, NULL, NULL, NULL),
(176, 10000078, 7, 'F Competition', '3rd Place', 77, 5, NULL, NULL, NULL, NULL, NULL),
(177, 10000078, 6, 'H Competition', '5th Place', 52, 8, NULL, NULL, NULL, NULL, NULL),
(209, 10000085, 4, 'F Competition', '2nd Place', NULL, 8, NULL, NULL, NULL, NULL, NULL),
(210, 10000086, 7, 'F Competition', '3rd Place', 239, 8, NULL, NULL, NULL, NULL, NULL),
(211, 10000086, 1, 'A Competition', '5th Place', NULL, 6, NULL, NULL, NULL, NULL, NULL),
(212, 10000086, 3, 'G Competition', '2nd Place', NULL, 8, NULL, NULL, NULL, NULL, NULL),
(213, 10000087, 1, 'D Competition', '3rd Place', NULL, 3, NULL, NULL, NULL, NULL, NULL),
(214, 10000087, 1, 'A Competition', '3rd Place', 295, 6, NULL, NULL, NULL, NULL, NULL),
(215, 10000089, 2, 'B Competition', '2nd Place', NULL, 2, NULL, NULL, NULL, NULL, NULL),
(216, 10000089, 7, 'D Competition', '2nd Place', 441, 2, NULL, NULL, NULL, NULL, NULL),
(217, 10000091, 2, 'A Competition', '5th Place', 348, 2, NULL, NULL, NULL, NULL, NULL),
(218, 10000091, 2, 'H Competition', NULL, 65, 1, NULL, NULL, NULL, NULL, NULL),
(219, 10000092, 5, 'D Competition', '5th Place', 95, 5, NULL, NULL, NULL, NULL, NULL),
(220, 10000092, 3, 'A Competition', '4th Place', 300, 8, NULL, NULL, NULL, NULL, NULL),
(221, 10000093, 1, 'C Competition', '5th Place', 116, 3, NULL, NULL, NULL, NULL, NULL),
(222, 10000093, 2, 'A Competition', '4th Place', 137, 1, NULL, NULL, NULL, NULL, NULL),
(223, 10000093, 5, 'G Competition', '3rd Place', 462, 8, NULL, NULL, NULL, NULL, NULL),
(224, 10000095, 6, 'D Competition', '5th Place', 210, 6, NULL, NULL, NULL, NULL, NULL),
(225, 10000095, 7, 'A Competition', '3rd Place', NULL, 6, NULL, NULL, NULL, NULL, NULL),
(226, 10000096, 7, 'D Competition', '3rd Place', NULL, 5, NULL, NULL, NULL, NULL, NULL),
(227, 10000096, 7, 'G Competition', NULL, 486, 4, NULL, NULL, NULL, NULL, NULL),
(228, 10000096, 2, 'B Competition', '2nd Place', 443, 3, NULL, NULL, NULL, NULL, NULL),
(229, 10000096, 4, 'C Competition', '3rd Place', 367, 8, NULL, NULL, NULL, NULL, NULL),
(230, 10000096, 2, 'H Competition', '3rd Place', NULL, 6, NULL, NULL, NULL, NULL, NULL),
(231, 10000097, 3, 'A Competition', '3rd Place', 438, 3, NULL, NULL, NULL, NULL, NULL),
(232, 10000097, 4, 'B Competition', NULL, 382, 1, NULL, NULL, NULL, NULL, NULL),
(233, 10000097, 4, 'E Competition', '4th Place', 471, 6, NULL, NULL, NULL, NULL, NULL),
(234, 10000098, 3, 'G Competition', '3rd Place', 492, 4, NULL, NULL, NULL, NULL, NULL),
(235, 10000098, 4, 'C Competition', NULL, NULL, 1, NULL, NULL, NULL, NULL, NULL),
(236, 10000098, 1, 'F Competition', NULL, 46, 1, NULL, NULL, NULL, NULL, NULL),
(237, 10000098, 6, 'H Competition', '3rd Place', 256, 6, NULL, NULL, NULL, NULL, NULL),
(238, 10000099, 3, 'G Competition', '2nd Place', 42, 6, NULL, NULL, NULL, NULL, NULL),
(239, 10000099, 5, 'C Competition', '5th Place', 417, 2, NULL, NULL, NULL, NULL, NULL),
(240, 10000099, 3, 'B Competition', NULL, 48, 8, NULL, NULL, NULL, NULL, NULL),
(241, 10000100, 2, 'D Competition', '3rd Place', 177, 6, NULL, NULL, NULL, NULL, NULL),
(242, 10000100, 1, 'G Competition', '2nd Place', 491, 6, NULL, NULL, NULL, NULL, NULL),
(243, 10000100, 4, 'E Competition', '5th Place', 494, 3, NULL, NULL, NULL, NULL, NULL),
(244, 10000100, 1, 'H Competition', '2nd Place', 123, 7, NULL, NULL, NULL, NULL, NULL),
(245, 10000100, 7, 'F Competition', '4th Place', NULL, 6, NULL, NULL, NULL, NULL, NULL),
(246, 10000101, 5, 'G Competition', '3rd Place', NULL, 6, NULL, NULL, NULL, NULL, NULL),
(247, 10000101, 6, 'F Competition', '4th Place', NULL, 7, NULL, NULL, NULL, NULL, NULL),
(248, 10000101, 5, 'C Competition', '3rd Place', 481, 8, NULL, NULL, NULL, NULL, NULL),
(249, 10000101, 6, 'E Competition', NULL, NULL, 4, NULL, NULL, NULL, NULL, NULL),
(250, 10000101, 7, 'A Competition', NULL, 41, 5, NULL, NULL, NULL, NULL, NULL),
(251, 10000102, 4, 'H Competition', '2nd Place', 438, 6, NULL, NULL, NULL, NULL, NULL),
(252, 10000102, 5, 'F Competition', '3rd Place', NULL, 3, NULL, NULL, NULL, NULL, NULL),
(253, 10000102, 7, 'A Competition', '3rd Place', 129, 5, NULL, NULL, NULL, NULL, NULL),
(254, 10000102, 2, 'D Competition', '5th Place', 366, 8, NULL, NULL, NULL, NULL, NULL),
(255, 10000103, 3, 'C Competition', NULL, 264, 7, NULL, NULL, NULL, NULL, NULL),
(256, 10000104, 2, 'C Competition', '2nd Place', 411, 3, NULL, NULL, NULL, NULL, NULL),
(257, 10000104, 4, 'B Competition', '5th Place', 458, 7, NULL, NULL, NULL, NULL, NULL),
(258, 10000105, 6, 'F Competition', NULL, 27, 1, NULL, NULL, NULL, NULL, NULL),
(259, 10000105, 4, 'C Competition', '2nd Place', NULL, 2, NULL, NULL, NULL, NULL, NULL),
(260, 10000105, 2, 'B Competition', '3rd Place', NULL, 1, NULL, NULL, NULL, NULL, NULL),
(261, 10000105, 1, 'H Competition', '4th Place', NULL, 8, NULL, NULL, NULL, NULL, NULL),
(262, 10000106, 1, 'E Competition', NULL, 73, 7, NULL, NULL, NULL, NULL, NULL),
(263, 10000106, 3, 'H Competition', '2nd Place', 170, 2, NULL, NULL, NULL, NULL, NULL),
(264, 10000106, 3, 'D Competition', '4th Place', 286, 2, NULL, NULL, NULL, NULL, NULL),
(265, 10000106, 6, 'A Competition', '5th Place', 330, 2, NULL, NULL, NULL, NULL, NULL),
(266, 10000106, 6, 'G Competition', '5th Place', 325, 2, NULL, NULL, NULL, NULL, NULL),
(267, 10000107, 5, 'E Competition', '3rd Place', NULL, 6, NULL, NULL, NULL, NULL, NULL),
(268, 10000107, 5, 'G Competition', '3rd Place', 459, 2, NULL, NULL, NULL, NULL, NULL),
(269, 10000107, 1, 'A Competition', NULL, 466, 4, NULL, NULL, NULL, NULL, NULL),
(270, 10000108, 6, 'F Competition', NULL, NULL, 5, NULL, NULL, NULL, NULL, NULL),
(271, 10000108, 5, 'H Competition', '4th Place', NULL, 5, NULL, NULL, NULL, NULL, NULL),
(272, 10000108, 1, 'G Competition', NULL, 296, 3, NULL, NULL, NULL, NULL, NULL),
(273, 10000109, 7, 'C Competition', '2nd Place', 112, 6, NULL, NULL, NULL, NULL, NULL),
(274, 10000111, 3, 'G Competition', '5th Place', 294, 1, NULL, NULL, NULL, NULL, NULL),
(275, 10000111, 1, 'F Competition', NULL, 246, 7, NULL, NULL, NULL, NULL, NULL),
(276, 10000111, 6, 'C Competition', NULL, 488, 5, NULL, NULL, NULL, NULL, NULL),
(277, 10000111, 4, 'A Competition', '3rd Place', NULL, 7, NULL, NULL, NULL, NULL, NULL),
(278, 10000112, 6, 'C Competition', NULL, NULL, 5, NULL, NULL, NULL, NULL, NULL),
(279, 10000112, 6, 'F Competition', NULL, 463, 1, NULL, NULL, NULL, NULL, NULL),
(280, 10000112, 7, 'D Competition', NULL, 441, 8, NULL, NULL, NULL, NULL, NULL),
(281, 10000112, 3, 'A Competition', '5th Place', 72, 2, NULL, NULL, NULL, NULL, NULL),
(282, 10000113, 5, 'A Competition', '5th Place', 385, 4, NULL, NULL, NULL, NULL, NULL),
(283, 10000113, 7, 'E Competition', '5th Place', 68, 2, NULL, NULL, NULL, NULL, NULL),
(284, 10000113, 5, 'B Competition', '2nd Place', NULL, 8, NULL, NULL, NULL, NULL, NULL),
(285, 10000114, 7, 'E Competition', NULL, 302, 3, NULL, NULL, NULL, NULL, NULL),
(286, 10000114, 6, 'F Competition', '3rd Place', 89, 1, NULL, NULL, NULL, NULL, NULL),
(287, 10000114, 4, 'A Competition', '4th Place', NULL, 5, NULL, NULL, NULL, NULL, NULL),
(288, 10000114, 2, 'C Competition', NULL, 388, 6, NULL, NULL, NULL, NULL, NULL),
(289, 10000114, 1, 'G Competition', '4th Place', 165, 3, NULL, NULL, NULL, NULL, NULL),
(290, 10000115, 3, 'G Competition', NULL, 240, 2, NULL, NULL, NULL, NULL, NULL),
(291, 10000115, 3, 'C Competition', '5th Place', 177, 1, NULL, NULL, NULL, NULL, NULL),
(292, 10000115, 1, 'E Competition', NULL, 128, 2, NULL, NULL, NULL, NULL, NULL),
(293, 10000115, 4, 'A Competition', '4th Place', 240, 5, NULL, NULL, NULL, NULL, NULL),
(294, 10000116, 1, 'B Competition', NULL, 188, 6, NULL, NULL, NULL, NULL, NULL),
(295, 10000116, 2, 'G Competition', NULL, 39, 3, NULL, NULL, NULL, NULL, NULL),
(296, 10000117, 5, 'D Competition', NULL, NULL, 6, NULL, NULL, NULL, NULL, NULL),
(297, 10000117, 1, 'C Competition', NULL, 90, 4, NULL, NULL, NULL, NULL, NULL),
(298, 10000117, 1, 'F Competition', NULL, 36, 6, NULL, NULL, NULL, NULL, NULL),
(299, 10000117, 4, 'G Competition', '2nd Place', NULL, 6, NULL, NULL, NULL, NULL, NULL),
(300, 10000118, 6, 'G Competition', NULL, 180, 6, NULL, NULL, NULL, NULL, NULL),
(301, 10000118, 6, 'D Competition', '4th Place', 364, 5, NULL, NULL, NULL, NULL, NULL),
(302, 10000118, 7, 'E Competition', '3rd Place', 422, 8, NULL, NULL, NULL, NULL, NULL),
(303, 10000119, 3, 'B Competition', '5th Place', 299, 6, NULL, NULL, NULL, NULL, NULL),
(304, 10000119, 2, 'F Competition', NULL, 374, 7, NULL, NULL, NULL, NULL, NULL),
(305, 10000119, 7, 'C Competition', NULL, 281, 8, NULL, NULL, NULL, NULL, NULL),
(306, 10000119, 3, 'E Competition', '3rd Place', 453, 3, NULL, NULL, NULL, NULL, NULL),
(307, 10000120, 1, 'B Competition', NULL, NULL, 1, NULL, NULL, NULL, NULL, NULL),
(308, 10000121, 5, 'F Competition', '2nd Place', 100, 5, NULL, NULL, NULL, NULL, NULL),
(309, 10000121, 4, 'E Competition', '5th Place', 366, 8, NULL, NULL, NULL, NULL, NULL),
(310, 10000121, 6, 'B Competition', '4th Place', 267, 3, NULL, NULL, NULL, NULL, NULL),
(311, 10000122, 5, 'F Competition', '2nd Place', 231, 8, NULL, NULL, NULL, NULL, NULL),
(312, 10000123, 1, 'C Competition', '2nd Place', 488, 3, NULL, NULL, NULL, NULL, NULL),
(313, 10000123, 3, 'G Competition', '4th Place', 121, 1, NULL, NULL, NULL, NULL, NULL),
(314, 10000125, 7, 'B Competition', '5th Place', NULL, 1, NULL, NULL, NULL, NULL, NULL),
(315, 10000125, 6, 'C Competition', '5th Place', 395, 7, NULL, NULL, NULL, NULL, NULL),
(316, 10000125, 1, 'H Competition', NULL, NULL, 7, NULL, NULL, NULL, NULL, NULL),
(317, 10000125, 2, 'A Competition', NULL, 88, 5, NULL, NULL, NULL, NULL, NULL),
(318, 10000127, 7, 'C Competition', '2nd Place', 76, 8, NULL, NULL, NULL, NULL, NULL),
(319, 10000128, 4, 'G Competition', '3rd Place', 150, 8, NULL, NULL, NULL, NULL, NULL),
(320, 10000128, 4, 'D Competition', '3rd Place', 118, 2, NULL, NULL, NULL, NULL, NULL),
(321, 10000128, 6, 'F Competition', '2nd Place', 95, 7, NULL, NULL, NULL, NULL, NULL),
(322, 10000128, 7, 'A Competition', NULL, 439, 4, NULL, NULL, NULL, NULL, NULL),
(323, 10000128, 5, 'E Competition', NULL, 439, 7, NULL, NULL, NULL, NULL, NULL),
(324, 10000129, 6, 'E Competition', '2nd Place', NULL, 3, NULL, NULL, NULL, NULL, NULL),
(325, 10000129, 1, 'H Competition', '3rd Place', NULL, 1, NULL, NULL, NULL, NULL, NULL),
(326, 10000129, 6, 'D Competition', NULL, 416, 6, NULL, NULL, NULL, NULL, NULL),
(327, 10000129, 5, 'A Competition', '5th Place', NULL, 7, NULL, NULL, NULL, NULL, NULL),
(328, 10000130, 7, 'D Competition', '4th Place', NULL, 3, NULL, NULL, NULL, NULL, NULL),
(329, 10000130, 6, 'G Competition', NULL, 39, 2, NULL, NULL, NULL, NULL, NULL),
(330, 10000130, 5, 'B Competition', NULL, 326, 7, NULL, NULL, NULL, NULL, NULL),
(331, 10000130, 1, 'E Competition', NULL, 341, 8, NULL, NULL, NULL, NULL, NULL),
(332, 10000130, 7, 'C Competition', NULL, NULL, 6, NULL, NULL, NULL, NULL, NULL),
(333, 10000132, 3, 'F Competition', '3rd Place', NULL, 5, NULL, NULL, NULL, NULL, NULL),
(334, 10000132, 3, 'H Competition', '4th Place', NULL, 5, NULL, NULL, NULL, NULL, NULL),
(335, 10000133, 6, 'A Competition', '3rd Place', 234, 7, NULL, NULL, NULL, NULL, NULL),
(336, 10000134, 4, 'B Competition', NULL, NULL, 3, NULL, NULL, NULL, NULL, NULL),
(337, 10000134, 4, 'F Competition', '5th Place', 156, 4, NULL, NULL, NULL, NULL, NULL),
(338, 10000135, 2, 'B Competition', '3rd Place', 167, 7, NULL, NULL, NULL, NULL, NULL),
(339, 10000136, 6, 'H Competition', '3rd Place', NULL, 2, NULL, NULL, NULL, NULL, NULL),
(340, 10000136, 2, 'D Competition', '3rd Place', 93, 7, NULL, NULL, NULL, NULL, NULL),
(341, 10000136, 3, 'A Competition', NULL, NULL, 6, NULL, NULL, NULL, NULL, NULL),
(342, 10000136, 6, 'C Competition', NULL, 45, 5, NULL, NULL, NULL, NULL, NULL),
(343, 10000137, 6, 'G Competition', NULL, 471, 8, NULL, NULL, NULL, NULL, NULL),
(344, 10000138, 1, 'G Competition', NULL, 167, 5, NULL, NULL, NULL, NULL, NULL),
(345, 10000138, 7, 'E Competition', NULL, 455, 6, NULL, NULL, NULL, NULL, NULL),
(346, 10000139, 3, 'D Competition', NULL, 427, 5, NULL, NULL, NULL, NULL, NULL),
(347, 10000139, 6, 'A Competition', '3rd Place', 186, 4, NULL, NULL, NULL, NULL, NULL),
(348, 10000139, 7, 'C Competition', NULL, 102, 3, NULL, NULL, NULL, NULL, NULL),
(349, 10000140, 1, 'F Competition', '5th Place', 42, 3, NULL, NULL, NULL, NULL, NULL),
(350, 10000140, 1, 'D Competition', NULL, 154, 4, NULL, NULL, NULL, NULL, NULL),
(351, 10000140, 7, 'C Competition', NULL, 93, 5, NULL, NULL, NULL, NULL, NULL),
(352, 10000140, 3, 'E Competition', NULL, 500, 1, NULL, NULL, NULL, NULL, NULL),
(353, 10000141, 6, 'B Competition', '2nd Place', NULL, 8, NULL, NULL, NULL, NULL, NULL),
(354, 10000141, 1, 'G Competition', '3rd Place', 207, 1, NULL, NULL, NULL, NULL, NULL),
(355, 10000141, 7, 'H Competition', '3rd Place', 438, 1, NULL, NULL, NULL, NULL, NULL);

-- --------------------------------------------------------

--
-- Table structure for table `tbl_config`
--

CREATE TABLE IF NOT EXISTS `tbl_config` (
  `id` int(11) NOT NULL AUTO_INCREMENT,
  `sit_type` varchar(20) DEFAULT NULL,
  `sit_keys` varchar(50) DEFAULT NULL,
  `sit_values` varchar(150) DEFAULT NULL,
  `update_date` timestamp NOT NULL DEFAULT CURRENT_TIMESTAMP ON UPDATE CURRENT_TIMESTAMP,
  PRIMARY KEY (`id`)
) ENGINE=MyISAM  DEFAULT CHARSET=latin1 AUTO_INCREMENT=3 ;

--
-- Dumping data for table `tbl_config`
--

INSERT INTO `tbl_config` (`id`, `sit_type`, `sit_keys`, `sit_values`, `update_date`) VALUES
(2, 'config', 'MAX_ALLOW_CRDEITS', '600', '2012-03-01 18:23:38');

-- --------------------------------------------------------

--
-- Table structure for table `tbl_consult`
--

CREATE TABLE IF NOT EXISTS `tbl_consult` (
  `id` int(10) unsigned NOT NULL AUTO_INCREMENT,
  `user_id` int(11) NOT NULL,
  `consultValue` tinyint(1) NOT NULL,
  `rate` smallint(3) unsigned DEFAULT NULL,
  `contact` varchar(40) DEFAULT NULL,
  `create_time` datetime NOT NULL,
  `create_user_id` int(11) NOT NULL,
  `update_time` datetime NOT NULL,
  `update_user_id` int(11) NOT NULL,
  PRIMARY KEY (`id`),
  KEY `id` (`id`)
) ENGINE=InnoDB  DEFAULT CHARSET=latin1 AUTO_INCREMENT=14 ;

--
-- Dumping data for table `tbl_consult`
--

INSERT INTO `tbl_consult` (`id`, `user_id`, `consultValue`, `rate`, `contact`, `create_time`, `create_user_id`, `update_time`, `update_user_id`) VALUES
(2, 66, 1, NULL, NULL, '0000-00-00 00:00:00', 0, '0000-00-00 00:00:00', 0),
(3, 81, 1, NULL, NULL, '0000-00-00 00:00:00', 0, '0000-00-00 00:00:00', 0),
(4, 10000080, 1, NULL, NULL, '0000-00-00 00:00:00', 0, '0000-00-00 00:00:00', 0),
(5, 100, 1, NULL, NULL, '0000-00-00 00:00:00', 0, '0000-00-00 00:00:00', 0),
(11, 10000143, 1, NULL, '3242342432', '0000-00-00 00:00:00', 0, '0000-00-00 00:00:00', 0),
(13, 102, 1, NULL, '324234324', '0000-00-00 00:00:00', 0, '0000-00-00 00:00:00', 0);

-- --------------------------------------------------------

--
-- Table structure for table `tbl_credits_package`
--

CREATE TABLE IF NOT EXISTS `tbl_credits_package` (
  `id` int(11) NOT NULL AUTO_INCREMENT,
  `pack_name` varchar(50) DEFAULT NULL,
  `pack_value` int(11) DEFAULT NULL,
  `pack_price` decimal(10,2) DEFAULT NULL,
  `pricetype` varchar(3) DEFAULT '$',
  `pricecode` varchar(3) DEFAULT NULL,
  `noofdaysactive` int(11) DEFAULT '1',
  `createdate` timestamp NOT NULL DEFAULT CURRENT_TIMESTAMP ON UPDATE CURRENT_TIMESTAMP,
  `active` tinyint(2) DEFAULT '1',
  `delflg` tinyint(2) DEFAULT '0',
  PRIMARY KEY (`id`)
) ENGINE=MyISAM  DEFAULT CHARSET=latin1 AUTO_INCREMENT=12 ;

--
-- Dumping data for table `tbl_credits_package`
--

INSERT INTO `tbl_credits_package` (`id`, `pack_name`, `pack_value`, `pack_price`, `pricetype`, `pricecode`, `noofdaysactive`, `createdate`, `active`, `delflg`) VALUES
(1, '10 Credits', 10, 20.00, '$', NULL, 4, '2011-12-27 15:57:57', NULL, NULL),
(10, '20 Credits', 20, 38.00, '$', NULL, 1, '2012-01-03 19:48:23', 1, 0),
(4, '30 Credits', 30, 56.00, '$', NULL, 1, '2011-12-29 19:50:28', 1, 0),
(5, '60 Credits', 60, 110.00, '$', NULL, 1, '2011-12-29 19:50:40', 1, 0),
(9, '80 Credits', 80, 150.00, '$', NULL, 1, '2012-01-03 18:42:26', 1, 0),
(11, '100 Credits', 100, 180.00, '$', NULL, 1, '2012-01-30 22:49:33', 1, 0);

-- --------------------------------------------------------

--
-- Table structure for table `tbl_credits_purchaseorder`
--

CREATE TABLE IF NOT EXISTS `tbl_credits_purchaseorder` (
  `id` int(11) NOT NULL AUTO_INCREMENT,
  `bill_fname` varchar(50) DEFAULT NULL,
  `bill_lname` varchar(50) DEFAULT NULL,
  `bill_address1` longtext,
  `bill_address2` longtext,
  `bill_city` varchar(100) DEFAULT NULL,
  `bill_state` varchar(100) DEFAULT NULL,
  `bill_postal_code` varchar(10) DEFAULT NULL,
  `country` varchar(50) DEFAULT NULL,
  `delflg` tinyint(2) DEFAULT '0',
  PRIMARY KEY (`id`)
) ENGINE=MyISAM DEFAULT CHARSET=latin1 AUTO_INCREMENT=1 ;

--
-- Dumping data for table `tbl_credits_purchaseorder`
--


-- --------------------------------------------------------

--
-- Table structure for table `tbl_essay_profile`
--

CREATE TABLE IF NOT EXISTS `tbl_essay_profile` (
  `id` int(10) unsigned NOT NULL AUTO_INCREMENT,
  `user_id` int(10) unsigned NOT NULL,
  `name` varchar(20) DEFAULT NULL,
  `mime` varchar(50) DEFAULT NULL,
  `size` bigint(20) unsigned DEFAULT NULL,
  `data` mediumblob,
  `topic` tinyint(1) unsigned DEFAULT NULL,
  `create_time` datetime DEFAULT NULL,
  `create_user_id` int(10) unsigned DEFAULT NULL,
  `update_time` datetime DEFAULT NULL,
  `update_user_id` int(10) unsigned DEFAULT NULL,
  PRIMARY KEY (`id`),
  KEY `USER` (`user_id`)
) ENGINE=InnoDB  DEFAULT CHARSET=latin1 AUTO_INCREMENT=24 ;

--
-- Dumping data for table `tbl_essay_profile`
--

INSERT INTO `tbl_essay_profile` (`id`, `user_id`, `name`, `mime`, `size`, `data`, `topic`, `create_time`, `create_user_id`, `update_time`, `update_user_id`) VALUES
(23, 102, 'test', 'Art Labels.docx', 12677, NULL, 2, NULL, NULL, NULL, NULL);

-- --------------------------------------------------------

--
-- Table structure for table `tbl_ethnic_type`
--

CREATE TABLE IF NOT EXISTS `tbl_ethnic_type` (
  `id` tinyint(3) unsigned NOT NULL AUTO_INCREMENT,
  `name` varchar(30) COLLATE utf8_bin NOT NULL,
  PRIMARY KEY (`id`)
) ENGINE=InnoDB  DEFAULT CHARSET=utf8 COLLATE=utf8_bin AUTO_INCREMENT=123 ;

--
-- Dumping data for table `tbl_ethnic_type`
--

INSERT INTO `tbl_ethnic_type` (`id`, `name`) VALUES
(1, 'African-American / Black'),
(2, 'Albanian'),
(3, 'Algerian'),
(4, 'American'),
(5, 'Angolan'),
(6, 'Arab'),
(7, 'Argentinian'),
(8, 'Armenian'),
(9, 'Austrian'),
(10, 'Belgian'),
(11, 'Beninese'),
(12, 'Bolivian'),
(13, 'Botswanian'),
(14, 'Brazilian'),
(15, 'British'),
(16, 'Burundian'),
(17, 'Cambodian'),
(18, 'Cameroonian'),
(19, 'Canadian'),
(20, 'Chilean'),
(21, 'Chinese'),
(22, 'Colombian'),
(23, 'Congolese'),
(24, 'Costa Rican'),
(25, 'Croatian'),
(26, 'Cuban'),
(27, 'Czech'),
(28, 'Danish'),
(29, 'Dominican'),
(30, 'Dutch'),
(31, 'Ecuadorian'),
(32, 'Egyptian'),
(33, 'Ethiopian'),
(34, 'Filipino'),
(35, 'Finnish'),
(36, 'French'),
(37, 'German'),
(38, 'Ghanian'),
(39, 'Greek'),
(40, 'Guatemalan'),
(41, 'Guyanese'),
(42, 'Haitian'),
(43, 'Hawaiian'),
(44, 'Hispanic'),
(45, 'Hmong'),
(46, 'Honduran'),
(47, 'Hungarian'),
(48, 'Indian'),
(49, 'Indonesian'),
(50, 'Iranian'),
(51, 'Iraqi'),
(52, 'Irish'),
(53, 'Israeli'),
(54, 'Italian'),
(55, 'Jamaican'),
(56, 'Japanese'),
(57, 'Kenyan'),
(58, 'Korean'),
(59, 'Laotian'),
(60, 'Latin'),
(61, 'Lebanese'),
(62, 'Liberian'),
(63, 'Libyan'),
(64, 'Lithuanian'),
(65, 'Malagasy'),
(66, 'Malawi'),
(67, 'Malaysian'),
(68, 'Maltese'),
(69, 'Mauritanian'),
(70, 'Mexican'),
(71, 'Moroccan'),
(72, 'Mozambican'),
(73, 'Namibian'),
(74, 'Native American'),
(75, 'Nicaraguan'),
(76, 'Nigerian'),
(77, 'Nigerian'),
(78, 'Norwegian'),
(79, 'Pakistani'),
(80, 'Panamanian'),
(81, 'Paraguayan'),
(82, 'Peruvian'),
(83, 'Polish'),
(84, 'Portuguese'),
(85, 'Puerto Rican'),
(86, 'Romanian'),
(87, 'Russian'),
(88, 'Rwandan'),
(89, 'Salvadoran'),
(90, 'Scandinavian'),
(91, 'Scotch-Irish'),
(92, 'Scottish'),
(93, 'Senegalese'),
(94, 'Serbian'),
(95, 'Slavic'),
(96, 'Slovak'),
(97, 'Slovene'),
(98, 'Somalian'),
(99, 'South African'),
(101, 'Sri Lankan'),
(102, 'Sudanese'),
(103, 'Swedish'),
(104, 'Swiss'),
(105, 'Syrian'),
(106, 'Taiwanese'),
(107, 'Tanzanian'),
(108, 'Thai'),
(109, 'Tibetan'),
(110, 'Trinidadian'),
(111, 'Tunisian'),
(112, 'Turkish'),
(113, 'Ugandan'),
(114, 'Ukrainian'),
(115, 'Uruguayan'),
(116, 'Venezuelan'),
(117, 'Vietnamese'),
(118, 'Welsh'),
(119, 'Yugoslavian'),
(120, 'Zambian'),
(121, 'Zimbabwean'),
(122, 'Other');

-- --------------------------------------------------------

--
-- Table structure for table `tbl_exclusive`
--

CREATE TABLE IF NOT EXISTS `tbl_exclusive` (
  `id` int(10) NOT NULL AUTO_INCREMENT,
  `user_id` int(10) DEFAULT NULL,
  `exclusiveValue` tinyint(10) DEFAULT '0',
  `created` datetime DEFAULT NULL,
  PRIMARY KEY (`id`)
) ENGINE=MyISAM  DEFAULT CHARSET=latin1 AUTO_INCREMENT=145 ;

--
-- Dumping data for table `tbl_exclusive`
--

INSERT INTO `tbl_exclusive` (`id`, `user_id`, `exclusiveValue`, `created`) VALUES
(1, 98, 1, NULL),
(2, 100, 1, NULL),
(70, 10000085, 0, NULL),
(69, 102, 1, '2012-03-14 05:30:11'),
(5, 10000020, 0, NULL),
(6, 10000021, 0, NULL),
(7, 10000022, 1, NULL),
(8, 10000023, 1, NULL),
(9, 10000024, 1, NULL),
(10, 10000025, 0, NULL),
(11, 10000026, 1, NULL),
(12, 10000027, 0, NULL),
(13, 10000028, 1, NULL),
(14, 10000029, 1, NULL),
(15, 10000030, 0, NULL),
(16, 10000031, 1, NULL),
(17, 10000032, 0, NULL),
(18, 10000033, 0, NULL),
(19, 10000034, 1, NULL),
(20, 10000035, 1, NULL),
(21, 10000036, 0, NULL),
(22, 10000037, 0, NULL),
(23, 10000038, 0, NULL),
(24, 10000039, 1, NULL),
(25, 10000040, 1, NULL),
(26, 10000041, 0, NULL),
(27, 10000042, 1, NULL),
(28, 10000043, 1, NULL),
(29, 10000044, 1, NULL),
(30, 10000045, 0, NULL),
(31, 10000046, 1, NULL),
(32, 10000047, 1, NULL),
(33, 10000048, 1, NULL),
(34, 10000049, 1, NULL),
(35, 10000050, 1, NULL),
(36, 10000051, 1, NULL),
(37, 10000052, 0, NULL),
(38, 10000053, 0, NULL),
(39, 10000054, 0, NULL),
(40, 10000055, 0, NULL),
(41, 10000056, 0, NULL),
(42, 10000057, 0, NULL),
(43, 10000058, 0, NULL),
(44, 10000059, 0, NULL),
(45, 10000060, 0, NULL),
(46, 10000061, 0, NULL),
(47, 10000062, 1, NULL),
(48, 10000063, 1, NULL),
(49, 10000064, 1, NULL),
(50, 10000065, 0, NULL),
(51, 10000066, 1, NULL),
(52, 10000067, 1, NULL),
(53, 10000068, 0, NULL),
(54, 10000069, 0, NULL),
(55, 10000070, 1, NULL),
(56, 10000071, 0, NULL),
(57, 10000072, 0, NULL),
(58, 10000073, 0, NULL),
(59, 10000074, 1, NULL),
(60, 10000075, 1, NULL),
(61, 10000076, 0, NULL),
(62, 10000077, 1, NULL),
(63, 10000078, 1, NULL),
(64, 10000080, 1, NULL),
(65, 10000084, 1, '2012-03-12 05:42:09'),
(71, 10000086, 1, NULL),
(72, 10000087, 0, NULL),
(73, 10000088, 1, NULL),
(74, 10000089, 0, NULL),
(75, 10000090, 1, NULL),
(76, 10000091, 1, NULL),
(77, 10000092, 0, NULL),
(78, 10000093, 1, NULL),
(79, 10000094, 1, NULL),
(80, 10000095, 0, NULL),
(81, 10000096, 0, NULL),
(82, 10000097, 1, NULL),
(83, 10000098, 0, NULL),
(84, 10000099, 1, NULL),
(85, 10000100, 0, NULL),
(86, 10000101, 0, NULL),
(87, 10000102, 1, NULL),
(88, 10000103, 0, NULL),
(89, 10000104, 1, NULL),
(90, 10000105, 0, NULL),
(91, 10000106, 1, NULL),
(92, 10000107, 1, NULL),
(93, 10000108, 1, NULL),
(94, 10000109, 0, NULL),
(95, 10000110, 0, NULL),
(96, 10000111, 1, NULL),
(97, 10000112, 0, NULL),
(98, 10000113, 1, NULL),
(99, 10000114, 0, NULL),
(100, 10000115, 0, NULL),
(101, 10000116, 1, NULL),
(102, 10000117, 0, NULL),
(103, 10000118, 0, NULL),
(104, 10000119, 0, NULL),
(105, 10000120, 0, NULL),
(106, 10000121, 0, NULL),
(107, 10000122, 0, NULL),
(108, 10000123, 1, NULL),
(109, 10000124, 1, NULL),
(110, 10000125, 1, NULL),
(111, 10000126, 0, NULL),
(112, 10000127, 0, NULL),
(113, 10000128, 1, NULL),
(114, 10000129, 0, NULL),
(115, 10000130, 0, NULL),
(116, 10000131, 0, NULL),
(117, 10000132, 1, NULL),
(118, 10000133, 0, NULL),
(119, 10000134, 1, NULL),
(120, 10000135, 1, NULL),
(121, 10000136, 1, NULL),
(122, 10000137, 1, NULL),
(123, 10000138, 1, NULL),
(124, 10000139, 0, NULL),
(125, 10000140, 0, NULL),
(126, 10000141, 1, NULL),
(127, 10000143, 1, NULL),
(144, 10000150, 0, NULL);

-- --------------------------------------------------------

--
-- Table structure for table `tbl_focus_profile`
--

CREATE TABLE IF NOT EXISTS `tbl_focus_profile` (
  `id` int(10) unsigned NOT NULL AUTO_INCREMENT,
  `user_id` int(10) unsigned NOT NULL,
  `focus_id` tinyint(2) NOT NULL,
  `create_time` datetime DEFAULT NULL,
  `create_user_id` int(10) unsigned DEFAULT NULL,
  `update_time` datetime DEFAULT NULL,
  `update_user_id` int(10) unsigned DEFAULT NULL,
  PRIMARY KEY (`id`),
  KEY `USER` (`user_id`),
  KEY `TYPE` (`focus_id`)
) ENGINE=InnoDB DEFAULT CHARSET=latin1 AUTO_INCREMENT=1 ;

--
-- Dumping data for table `tbl_focus_profile`
--


-- --------------------------------------------------------

--
-- Table structure for table `tbl_forms_status`
--

CREATE TABLE IF NOT EXISTS `tbl_forms_status` (
  `id` int(11) NOT NULL AUTO_INCREMENT,
  `user_id` int(11) DEFAULT NULL,
  `basic` tinyint(11) DEFAULT '0',
  `demographics` tinyint(11) DEFAULT '0',
  `university` tinyint(11) DEFAULT '0',
  `admittance` tinyint(11) DEFAULT '0',
  `languages` tinyint(11) DEFAULT '0',
  `grades` tinyint(11) DEFAULT '0',
  `subjects` tinyint(11) DEFAULT '0',
  `competitions` tinyint(11) DEFAULT '0',
  `awardhonours` tinyint(11) DEFAULT '0',
  `sat1` tinyint(11) DEFAULT '0',
  `act` tinyint(11) DEFAULT '0',
  `sat2` tinyint(11) DEFAULT '0',
  `ap` tinyint(11) DEFAULT '0',
  `toefl` tinyint(11) DEFAULT '0',
  `clubs` tinyint(11) DEFAULT '0',
  `music` tinyint(11) DEFAULT '0',
  `sports` tinyint(11) DEFAULT '0',
  `work` tinyint(11) DEFAULT '0',
  `volunteer` tinyint(11) DEFAULT '0',
  `extracurricular` tinyint(11) DEFAULT '0',
  `essay` tinyint(11) DEFAULT '0',
  `verify` tinyint(11) DEFAULT '0',
  `exclusivity` tinyint(11) DEFAULT '0',
  `summary` tinyint(11) DEFAULT '0',
  `consult` tinyint(11) DEFAULT '0',
  `referrals` tinyint(11) DEFAULT '0',
  PRIMARY KEY (`id`)
) ENGINE=MyISAM  DEFAULT CHARSET=latin1 AUTO_INCREMENT=14 ;

--
-- Dumping data for table `tbl_forms_status`
--

INSERT INTO `tbl_forms_status` (`id`, `user_id`, `basic`, `demographics`, `university`, `admittance`, `languages`, `grades`, `subjects`, `competitions`, `awardhonours`, `sat1`, `act`, `sat2`, `ap`, `toefl`, `clubs`, `music`, `sports`, `work`, `volunteer`, `extracurricular`, `essay`, `verify`, `exclusivity`, `summary`, `consult`, `referrals`) VALUES
(1, 93, 1, 1, 1, 1, 1, 1, 0, 0, 0, 1, 1, 0, 0, 0, 0, 0, 0, 0, 0, 0, 0, 0, 0, 0, 0, 0),
(2, 98, 1, 1, 1, 0, 1, 1, 1, 1, 1, 1, 1, 1, 1, 0, 1, 1, 1, 0, 0, 0, 0, 0, 0, 0, 0, 0),
(3, 100, 1, 1, 1, 0, 1, 1, 1, 0, 0, 1, 1, 1, 0, 0, 0, 0, 0, 0, 0, 0, 0, 0, 0, 1, 1, 0),
(4, 102, 1, 1, 1, 1, 1, 1, 1, 1, 1, 1, 1, 1, 1, 1, 1, 1, 1, 1, 1, 1, 1, 1, 1, 1, 1, 1),
(5, 103, 1, 1, 1, 0, 1, 1, 1, 0, 0, 1, 1, 0, 0, 0, 0, 0, 0, 0, 0, 0, 0, 0, 0, 0, 0, 0),
(6, 104, 1, 1, 1, 0, 1, 1, 1, 1, 1, 1, 1, 1, 1, 0, 0, 0, 0, 0, 0, 0, 0, 0, 0, 0, 0, 0),
(7, 10000080, 1, 1, 1, 0, 0, 1, 1, 1, 1, 1, 1, 1, 1, 1, 1, 1, 1, 1, 1, 1, 0, 1, 1, 1, 1, 1),
(8, 10000083, 1, 1, 1, 0, 0, 1, 1, 1, 1, 1, 1, 1, 1, 1, 1, 1, 1, 1, 1, 1, 0, 0, 0, 1, 0, 0),
(9, 10000084, 1, 1, 1, 0, 0, 0, 0, 0, 0, 0, 0, 0, 0, 0, 0, 0, 0, 0, 0, 0, 0, 0, 0, 0, 1, 0),
(10, 10000143, 1, 1, 1, 0, 0, 1, 1, 1, 1, 1, 1, 1, 1, 1, 1, 0, 1, 0, 0, 0, 1, 1, 1, 1, 1, 1),
(11, 10000146, 1, 1, 1, 1, 0, 0, 0, 0, 0, 0, 0, 0, 0, 0, 0, 0, 0, 0, 0, 0, 0, 0, 0, 1, 0, 0),
(12, 10000148, 1, 1, 1, 1, 0, 0, 0, 0, 0, 1, 0, 0, 0, 0, 1, 0, 0, 0, 0, 0, 0, 1, 1, 1, 1, 1),
(13, 10000150, 1, 1, 1, 0, 0, 0, 0, 0, 0, 1, 0, 0, 0, 0, 1, 1, 1, 1, 1, 1, 0, 1, 1, 1, 1, 1);

-- --------------------------------------------------------

--
-- Table structure for table `tbl_highschool_name`
--

CREATE TABLE IF NOT EXISTS `tbl_highschool_name` (
  `id` mediumint(10) NOT NULL,
  `name` varchar(100) NOT NULL,
  `city` varchar(30) NOT NULL,
  `state` char(2) DEFAULT NULL,
  `zip_code` smallint(5) DEFAULT NULL,
  `student_count` decimal(5,2) DEFAULT NULL,
  `type` char(2) DEFAULT NULL,
  PRIMARY KEY (`id`)
) ENGINE=InnoDB DEFAULT CHARSET=latin1;

--
-- Dumping data for table `tbl_highschool_name`
--

INSERT INTO `tbl_highschool_name` (`id`, `name`, `city`, `state`, `zip_code`, `student_count`, `type`) VALUES
(1, '100 BLK MEN OF GREATER MOBILE''S', 'PRICHARD', 'AL', 127, 156.00, '2'),
(2, '21ST CENTURY CHARTER SCH OF GARY', 'GARY', 'IN', 127, 360.00, '1'),
(3, '21ST CENTURY CYBER CS', 'DOWNINGTOWN', 'PA', 127, 594.00, '1'),
(4, '21ST CENTURY LEARNING ACADEMY CHARTER HIGH', 'MULLINVILLE', 'KS', 127, 223.00, '1'),
(5, '271 MINDQUEST OLL', 'BLOOMINGTON', 'MN', 127, 0.00, '1'),
(6, '287 OLL ACADEMIC', 'PLYMOUTH', 'MN', 127, 0.00, '1'),
(7, '287 ON-LINE LEARNING (SPED)', 'PLYMOUTH', 'MN', 127, 0.00, '1'),
(8, '5-12 LEARNING COMMUNITY', 'LAKEWOOD', 'WA', 127, 403.00, '1'),
(9, '91ST PSALM CHRISTIAN SCHOOL', 'PHOENIX', 'AZ', 127, 145.00, '2'),
(10, 'A & M CONS H S', 'COLLEGE STATION', 'TX', 127, 999.99, '1'),
(11, 'A B SHEPARD HIGH SCH (CAMPUS)', 'PALOS HEIGHTS', 'IL', 127, 999.99, '1'),
(12, 'A C E S', 'CLOVIS', 'CA', 127, 5.00, '2'),
(13, 'A C FLORA HIGH', 'COLUMBIA', 'SC', 127, 999.99, '1'),
(14, 'A C JONES H S', 'BEEVILLE', 'TX', 127, 999.99, '1'),
(15, 'A C REYNOLDS HIGH', 'ASHEVILLE', 'NC', 127, 999.99, '1'),
(16, 'A DIFFERENT WORLD ACADEMY', 'HARVEY', 'LA', 127, 18.00, '2'),
(17, 'A G WEST BLACK HILLS HIGH SCHOOL', 'OLYMPIA', 'WA', 127, 870.00, '1'),
(18, 'A HAMILTON PREPARATORY ACADEMY', 'ELIZABETH', 'NJ', 127, 701.00, '1'),
(19, 'A J DEMAREST ALT SCH', 'HOBOKEN', 'NJ', 127, 82.00, '1'),
(20, 'A J MOORE ACAD', 'WACO', 'TX', 127, 673.00, '1'),
(21, 'A L BROWN HIGH', 'KANNAPOLIS', 'NC', 127, 999.99, '1'),
(22, 'A MACEO SMITH HIGH SCHOOL', 'DALLAS', 'TX', 127, 879.00, '1'),
(23, 'A PHILIP RANDOLPH CAMPUS HIGH SCHOOL', 'NEW YORK', 'NY', 127, 999.99, '1'),
(24, 'A. C. E.', 'MARANA', 'AZ', 127, 4.00, '1'),
(25, 'A. CRAWFORD MOSLEY HIGH SCHOOL', 'LYNN HAVEN', 'FL', 127, 999.99, '1'),
(26, 'A. PHILIP RANDOLPH ACADEMIES', 'JACKSONVILLE', 'FL', 127, 902.00, '1'),
(27, 'A.B. GRAHAM ACADEMY', 'SAINT PARIS', 'OH', 127, 152.00, '1'),
(28, 'A.C.G.C. SECONDARY', 'GROVE CITY', 'MN', 127, 349.00, '1'),
(29, 'A.D. HENDERSON UNIVERSITY SCHOOL & FAU HIGH', 'BOCA RATON', 'FL', 127, 646.00, '1'),
(30, 'A.D. JOHNSTON JR/SR HIGH SCHOOL', 'BESSEMER', 'MI', 127, 243.00, '1'),
(31, 'A.I.M.', 'BRECKENRIDGE', 'MI', 127, 28.00, '1'),
(32, 'A+ ACADEMY', 'DALLAS', 'TX', 127, 999.99, '1'),
(33, 'AAEC - SMCC CAMPUS', 'PHOENIX', 'AZ', 127, 360.00, '1'),
(34, 'AAEC PARADISE VALLEY', 'PHOENIX', 'AZ', 127, 300.00, '1'),
(35, 'ABBEVILLE CHRISTIAN ACADEMY', 'ABBEVILLE', 'AL', 127, 169.00, '2'),
(36, 'ABBEVILLE HIGH', 'ABBEVILLE', 'SC', 127, 570.00, '1'),
(37, 'ABBEVILLE HIGH SCH', 'ABBEVILLE', 'AL', 127, 529.00, '1'),
(38, 'ABBEVILLE HIGH SCHOOL', 'ABBEVILLE', 'LA', 127, 592.00, '1'),
(39, 'ABBOTSFORD CHRISTIAN ACADEMY', 'ABBOTSFORD', 'WI', 127, 33.00, '2'),
(40, 'ABBOTSFORD MIDDLE/SENIOR HIGH', 'ABBOTSFORD', 'WI', 127, 346.00, '1'),
(41, 'ABBOTT HOUSE', 'MITCHELL', 'SD', 127, 34.00, '2'),
(42, 'ABBOTT SCHOOL', 'ABBOTT', 'TX', 127, 297.00, '1'),
(43, 'ABBY KELLEY FOSTER CHARTER PUBLIC SCHOOL', 'WORCESTER', 'MA', 127, 999.99, '1'),
(44, 'ABC MONTESSORI ACADEMY FOR THE B', 'MCDONOUGH', 'GA', 127, 83.00, '2'),
(45, 'ABERDEEN HIGH', 'ABERDEEN', 'MD', 127, 999.99, '1'),
(46, 'ABERDEEN HIGH SCHOOL', 'ABERDEEN', 'ID', 127, 242.00, '1'),
(47, 'ABERDEEN HIGH SCHOOL', 'ABERDEEN', 'MS', 127, 499.00, '1'),
(48, 'ABERNATHY H S', 'ABERNATHY', 'TX', 127, 206.00, '1'),
(49, 'ABIDING FAITH CHRISTIAN SCHOOL', 'CROSSETT', 'AR', 127, 79.00, '2'),
(50, 'ABILENE BAPTIST ACADEMY', 'ABILENE', 'KS', 127, 36.00, '2'),
(51, 'ABILENE CHRISTIAN SCHOOLS', 'ABILENE', 'TX', 127, 323.00, '2'),
(52, 'ABILENE H S', 'ABILENE', 'TX', 127, 999.99, '1'),
(53, 'ABILENE HIGH SCHOOL', 'ABILENE', 'KS', 127, 481.00, '1'),
(54, 'ABILENE VIRTUAL SCHOOL', 'ABILENE', 'KS', 127, 29.00, '1'),
(55, 'ABINGDON HIGH', 'ABINGDON', 'VA', 127, 968.00, '1'),
(56, 'ABINGDON HIGH SCHOOL', 'ABINGDON', 'IL', 127, 242.00, '1'),
(57, 'ABINGTON FRIENDS SCHOOL', 'JENKINTOWN', 'PA', 127, 702.00, '2'),
(58, 'ABINGTON HEIGHTS HS', 'CLARKS SUMMIT', 'PA', 127, 999.99, '1'),
(59, 'ABINGTON HIGH', 'ABINGTON', 'MA', 127, 558.00, '1'),
(60, 'ABINGTON SHS', 'ABINGTON', 'PA', 127, 999.99, '1'),
(61, 'ABRAHAM CLARK HIGH', 'ROSELLE', 'NJ', 127, 999.99, '1'),
(62, 'ABRAHAM JOSHUA HESCHEL HIGH SCHO', 'NEW YORK', 'NY', 127, 294.00, '2'),
(63, 'ABRAHAM LINCOLN HIGH', 'SAN JOSE', 'CA', 127, 999.99, '1'),
(64, 'ABRAHAM LINCOLN HIGH', 'SAN FRANCISCO', 'CA', 127, 999.99, '1'),
(65, 'ABRAHAM LINCOLN HIGH SCHOOL', 'DENVER', 'CO', 127, 999.99, '1'),
(66, 'ABRAHAM LINCOLN HIGH SCHOOL', 'COUNCIL BLUFFS', 'IA', 127, 999.99, '1'),
(67, 'ABRAHAM LINCOLN HIGH SCHOOL', 'BROOKLYN', 'NY', 127, 999.99, '1'),
(68, 'ABRAHAM LINCOLN SENIOR HIGH', 'LOS ANGELES', 'CA', 127, 999.99, '1'),
(69, 'ABRAXAS LEADERSHIP DEVELOPMENT P', 'SOUTH MOUNTAIN', 'PA', 127, 115.00, '2'),
(70, 'ABRAXAS LEARNING CENTER', 'ERIE', 'PA', 127, 44.00, '2'),
(71, 'ABRAXAS PITTSBURGH SCHOOL', 'PITTSBURGH', 'PA', 127, 75.00, '2'),
(72, 'ABRAXAS YOUTH CENTER', 'SOUTH MOUNTAIN', 'PA', 127, 50.00, '2'),
(73, 'ABRAXIS CHARTER', 'SANTA ROSA', 'CA', 127, 46.00, '1'),
(74, 'ABSAROKEE HIGH SCHOOL', 'ABSAROKEE', 'MT', 127, 102.00, '1'),
(75, 'ABSEGAMI H S', 'GALLOWAY', 'NJ', 127, 999.99, '1'),
(76, 'ABUNDANT LIFE ACADEMY', 'KANAB', 'UT', 127, 54.00, '2'),
(77, 'ABUNDANT LIFE ACADEMY', 'HARDEEVILLE', 'SC', 127, 148.00, '2'),
(78, 'ABUNDANT LIFE ACADEMY', 'TOLEDO', 'OR', 127, 25.00, '2'),
(79, 'ABUNDANT LIFE ACADEMY', 'NUTLEY', 'NJ', 127, 356.00, '2'),
(80, 'ABUNDANT LIFE CHRISTIAN ACADEMY', 'OCONOMOWOC', 'WI', 127, 32.00, '2'),
(81, 'ABUNDANT LIFE CHRISTIAN ACADEMY', 'BOLIVAR', 'TN', 127, 20.00, '2'),
(82, 'ABUNDANT LIFE CHRISTIAN ACADEMY', 'LARGO', 'FL', 127, 70.00, '2'),
(83, 'ABUNDANT LIFE CHRISTIAN SCHOOL', 'MADISON', 'WI', 127, 257.00, '2'),
(84, 'ABUNDANT LIFE CHRISTIAN SCHOOL', 'TRIADELPHIA', 'WV', 127, 11.00, '2'),
(85, 'ABUNDANT LIFE CHRISTIAN SCHOOL', 'ALBUQUERQUE', 'NM', 127, 45.00, '2'),
(86, 'ABUNDANT LIFE CHRISTIAN SCHOOL', 'WHIPPANY', 'NJ', 127, 85.00, '2'),
(87, 'A-C CENTRAL HIGH SCHOOL', 'ASHLAND', 'IL', 127, 130.00, '1'),
(88, 'ACACIA ACADEMY', 'LA GRANGE HIGHLANDS', 'IL', 127, 108.00, '2'),
(89, 'ACACIAWOOD SCHOOL', 'ANAHEIM', 'CA', 127, 145.00, '2'),
(90, 'ACAD FOR COLLEGE PREP & CAREER EXPLORATION: A COLL', 'BROOKLYN', 'NY', 127, 599.00, '1'),
(91, 'ACAD OF COMM & TECH CHARTER HS', 'CHICAGO', 'IL', 127, 316.00, '1'),
(92, 'ACADEME OF THE OAKS', 'DECATUR', 'GA', 127, 49.00, '2'),
(93, 'ACADEMIA AVANCE CHARTER', 'LOS ANGELES', 'CA', 127, 0.00, '1'),
(94, 'ACADEMIA DE LA RECTA PORTA ICDS', 'WASHINGTON', 'DC', 127, 41.00, '2'),
(95, 'ACADEMIC & PERSONAL EXCELLENCE HIGH SCHOOL', 'TUCSON', 'AZ', 127, 0.00, '1'),
(96, 'ACADEMIC ACADEMY', 'CHAMPAIGN', 'IL', 127, 65.00, '1'),
(97, 'ACADEMIC ACCELERATION ACADEMY', 'COLUMBUS', 'OH', 127, 175.00, '1'),
(98, 'ACADEMIC ACHIEVEMENT CENTER', 'SEFFNER', 'FL', 127, 12.00, '2'),
(99, 'ACADEMIC AND CAREER EDUCATION ACADEMY', 'MIDLAND', 'MI', 127, 128.00, '1'),
(100, 'ACADEMIC BEHAVIORAL ALTERNATIVES', 'TEMPE', 'AZ', 127, 195.00, '2'),
(101, 'ACADEMIC BEHAVIORAL ALTERNATIVES', 'CHANDLER', 'AZ', 127, 55.00, '2'),
(102, 'ACADEMIC BEHAVIORAL ALTERNATIVES', 'TEMPE', 'AZ', 127, 195.00, '2'),
(103, 'ACADEMIC BEHAVIORAL ALTERNATIVES', 'CHANDLER', 'AZ', 127, 55.00, '2'),
(104, 'ACADEMIC HIGH SCHOOL', 'BOCA RATON', 'FL', 127, 49.00, '2'),
(105, 'ACADEMIC ILLUMINATION DAY SCHOOL', 'CORNELIUS', 'NC', 127, 7.00, '2'),
(106, 'ACADEMIC LEADERSHIP COMMUNITY', 'LOS ANGELES', 'CA', 127, 445.00, '1'),
(107, 'ACADEMIC MAGNET HIGH', 'NORTH CHARLESTON', 'SC', 127, 603.00, '1'),
(108, 'ACADEMIC PERFORMANCE EXCELLENCE ACADEMY', 'HOLLYWOOD', 'CA', 127, 304.00, '1'),
(109, 'ACADEMICS PLUS HIGH CHARTER SCHOOL', 'MAUMELLE', 'AR', 127, 241.00, '1'),
(110, 'ACADEMY AT PALUMBO', 'PHILADELPHIA', 'PA', 127, 494.00, '1'),
(111, 'ACADEMY AT SWIFT RIVER', 'CUMMINGTON', 'MA', 127, 57.00, '2'),
(112, 'ACADEMY AT THE LAKES', 'LAND O LAKES', 'FL', 127, 355.00, '2'),
(113, 'ACADEMY CHARTER', 'FRESNO', 'CA', 127, 0.00, '1'),
(114, 'ACADEMY CHARTER HIGH SCHOOL', 'LAKE COMO', 'NJ', 127, 190.00, '1'),
(115, 'ACADEMY CS', 'PITTSBURGH', 'PA', 127, 145.00, '1'),
(116, 'ACADEMY FOR ACADEMIC EXCELLENCE', 'APPLE VALLEY', 'CA', 127, 999.99, '1'),
(117, 'ACADEMY FOR ACADEMIC EXCELLENCE', 'CLARKSVILLE', 'TN', 127, 40.00, '2'),
(118, 'ACADEMY FOR ADVANCED ACADEMICS', 'MIAMI', 'FL', 127, 0.00, '1'),
(119, 'ACADEMY FOR BUSINESS AND TECHNOLOGY HIGH SCHOOL', 'MELVINDALE', 'MI', 127, 359.00, '1'),
(120, 'ACADEMY FOR CAREER EDUCATION CHARTER', 'WHEATLAND', 'CA', 127, 36.00, '1'),
(121, 'ACADEMY FOR CHARACTER EDUCATION', 'COTTAGE GROVE', 'OR', 127, 73.00, '1'),
(122, 'ACADEMY FOR COLLEGE AND CAREER EXPLORATION', 'BALTIMORE', 'MD', 127, 416.00, '1'),
(123, 'ACADEMY FOR ENVIRONMENTAL LEADERSHIP', 'BROOKLYN', 'NY', 127, 373.00, '1'),
(124, 'ACADEMY FOR INDIVIDUAL EXCELLENC', 'LOUISVILLE', 'KY', 127, 393.00, '2'),
(125, 'ACADEMY FOR KEENER MINDS', 'CLARKSVILLE', 'TN', 127, 102.00, '2'),
(126, 'ACADEMY FOR LEARNING', 'LAS VEGAS', 'NV', 127, 18.00, '2'),
(127, 'ACADEMY FOR MATH ENGINEERING & SCIENCE (AMES)', 'SALT LAKE CITY', 'UT', 127, 476.00, '1'),
(128, 'ACADEMY FOR RECORDING ARTS', 'HAWTHORNE', 'CA', 127, 66.00, '1'),
(129, 'ACADEMY FOR SCHOLARSHIP AND ENTRENEURSHIP', 'BRONX', 'NY', 127, 623.00, '1'),
(130, 'ACADEMY FOR SCIENCE AND DESIGN CHARTER (H)', 'MERRIMACK', 'NH', 127, 24.00, '1'),
(131, 'ACADEMY FOR TECH & CLASS', 'SANTA FE', 'NM', 127, 339.00, '1'),
(132, 'ACADEMY FOR YOUNG WRITERS', 'BROOKLYN', 'NY', 127, 375.00, '1'),
(133, 'ACADEMY H S', 'LITTLE RIVER', 'TX', 127, 315.00, '1'),
(134, 'ACADEMY HIGH SCH', 'PATERSON', 'NJ', 127, 999.99, '1'),
(135, 'ACADEMY HIGH SCHOOL', 'WESTFIELD', 'MA', 127, 21.00, '1'),
(136, 'ACADEMY HIGH SCHOOL', 'CLIFTON', 'NJ', 127, 0.00, '1'),
(137, 'ACADEMY OF AMERICAN STUDIES', 'LONG ISLAND CITY', 'NY', 127, 706.00, '1'),
(138, 'ACADEMY OF AMHERST JR-SR HIGH SC', 'VAN NUYS', 'CA', 127, 14.00, '2'),
(139, 'ACADEMY OF ARTS & MINDS', 'MIAMI', 'FL', 127, 353.00, '1'),
(140, 'ACADEMY OF ARTS AND ACADEMICS', 'SPRINGFIELD', 'OR', 127, 175.00, '1'),
(141, 'ACADEMY OF BUILDING INDUSTRIES', 'FORT MOHAVE', 'AZ', 127, 103.00, '1'),
(142, 'ACADEMY OF CAREERS & EXPLORATION', 'HELENDALE', 'CA', 127, 121.00, '1'),
(143, 'ACADEMY OF CHARTER SCHOOLS', 'WESTMINSTER', 'CO', 127, 999.99, '1'),
(144, 'ACADEMY OF CITIZENSHIP AND EMPOWERMENT', 'SEATAC', 'WA', 127, 307.00, '1'),
(145, 'ACADEMY OF ENVIRON. SCIENCES', 'CRYSTAL RIVER', 'FL', 127, 77.00, '1'),
(146, 'ACADEMY OF ENVIRONMENTAL SCIENCE SECONDARY SCHOOL', 'NEW YORK', 'NY', 127, 437.00, '1'),
(147, 'ACADEMY OF EXCELLENCE', 'WILMINGTON', 'NC', 127, 24.00, '2'),
(148, 'ACADEMY OF EXCELLENCE', 'STATESVILLE', 'NC', 127, 18.00, '2'),
(149, 'ACADEMY OF FINANCE AND ENTERPRISE', 'LONG ISLAND CITY', 'NY', 127, 398.00, '1'),
(150, 'ACADEMY OF HIGHER LEARNING MLS', 'STERLING', 'AK', 127, 17.00, '2'),
(151, 'ACADEMY OF HOLY ANGELS', 'RICHFIELD', 'MN', 127, 764.00, '2'),
(152, 'ACADEMY OF HOPE', 'ASH FORK', 'AZ', 127, 0.00, '1'),
(153, 'ACADEMY OF HOPE', 'CLAYTON', 'NC', 127, 10.00, '2'),
(154, 'ACADEMY OF HOSPITALITY AND TOURISM', 'BROOKLYN', 'NY', 127, 317.00, '1'),
(155, 'ACADEMY OF INKSTER', 'INKSTER', 'MI', 127, 200.00, '1'),
(156, 'ACADEMY OF INTERNATIONAL STUDIES (AT WOODBURN)', 'WOODBURN', 'OR', 127, 284.00, '1'),
(157, 'ACADEMY OF MATH AND SCIENCE', 'TUCSON', 'AZ', 127, 300.00, '1'),
(158, 'ACADEMY OF MT ST URSULA', 'BRONX', 'NY', 127, 343.00, '2'),
(159, 'ACADEMY OF NOTRE DAME', 'TYNGSBORO', 'MA', 127, 173.00, '2'),
(160, 'ACADEMY OF OAK PARK - HIGH SCHOOL', 'FERNDALE', 'MI', 127, 540.00, '1'),
(161, 'ACADEMY OF OUR LADY', 'MARRERO', 'LA', 127, 575.00, '2'),
(162, 'ACADEMY OF OUR LADY OF GOOD COUN', 'WHITE PLAINS', 'NY', 127, 296.00, '2'),
(163, 'ACADEMY OF OUR LADY OF MERCY - L', 'MILFORD', 'CT', 127, 431.00, '2'),
(164, 'ACADEMY OF OUR LADY OF PEACE', 'SAN DIEGO', 'CA', 127, 736.00, '2'),
(165, 'ACADEMY OF PERSONALIZED LEARNING', 'REDDING', 'CA', 127, 334.00, '1'),
(166, 'ACADEMY OF RICHMOND COUNTY HIGH SCHOOL', 'AUGUSTA', 'GA', 127, 999.99, '1'),
(167, 'ACADEMY OF THE CANYONS', 'SANTA CLARITA', 'CA', 127, 375.00, '1'),
(168, 'ACADEMY OF THE HOLY ANGELS', 'DEMAREST', 'NJ', 127, 539.00, '2'),
(169, 'ACADEMY OF THE HOLY CROSS', 'KENSINGTON', 'MD', 127, 555.00, '2'),
(170, 'ACADEMY OF THE HOLY FAMILY', 'BALTIC', 'CT', 127, 60.00, '2'),
(171, 'ACADEMY OF THE HOLY NAMES', 'TAMPA', 'FL', 127, 804.00, '2'),
(172, 'ACADEMY OF THE HOLY NAMES LOWER', 'ALBANY', 'NY', 127, 394.00, '2'),
(173, 'ACADEMY OF THE NEW CHURCH BOYS S', 'BRYN ATHYN', 'PA', 127, 123.00, '2'),
(174, 'ACADEMY OF THE NEW CHURCH GIRLS', 'BRYN ATHYN', 'PA', 127, 108.00, '2'),
(175, 'ACADEMY OF THE PACIFIC', 'HONOLULU', 'HI', 127, 91.00, '2'),
(176, 'ACADEMY OF THE PACIFIC RIM CHARTER PUBLIC SCHOOL', 'HYDE PARK', 'MA', 127, 482.00, '1'),
(177, 'ACADEMY OF THE SACRED HEART', 'BLOOMFIELD HILLS', 'MI', 127, 505.00, '2'),
(178, 'ACADEMY OF THE SACRED HEART', 'NEW ORLEANS', 'LA', 127, 803.00, '2'),
(179, 'ACADEMY OF TRADES AND TECH', 'ALBUQUERQUE', 'NM', 127, 222.00, '1'),
(180, 'ACADEMY OF TUCSON HIGH SCHOOL', 'TUCSON', 'AZ', 127, 167.00, '1'),
(181, 'ACADEMY OF URBAN LEARNING', 'DENVER', 'CO', 127, 100.00, '1'),
(182, 'ACADEMY OF URBAN PLANNING', 'BROOKLYN', 'NY', 127, 470.00, '1'),
(183, 'ACADEMY OF VOC CAREERS', 'NEWARK', 'NJ', 127, 247.00, '1'),
(184, 'ACADEMY ONLINE HIGH SCHOOL', 'COLORADO SPRINGS', 'CO', 127, 37.00, '1'),
(185, 'ACADEMY PARK HS', 'SHARON HILL', 'PA', 127, 999.99, '1'),
(186, 'ACADEMY WITH COMMUNITY PARTNERS', 'MESA', 'AZ', 127, 144.00, '1'),
(187, 'ACADEMY-NOTRE DAME DE NAMUR', 'VILLANOVA', 'PA', 127, 539.00, '2'),
(188, 'ACADIA CHRISTIAN SCHOOL', 'TRENTON', 'ME', 127, 96.00, '2'),
(189, 'ACADIANA HIGH SCHOOL', 'LAFAYETTE', 'LA', 127, 999.99, '1'),
(190, 'ACALANES HIGH', 'LAFAYETTE', 'CA', 127, 999.99, '1'),
(191, 'ACCELERATED ACHIEVEMENT ACADEMY', 'UKIAH', 'CA', 127, 168.00, '1'),
(192, 'ACCELERATED LEARNING CENTER', 'PHOENIX', 'AZ', 127, 242.00, '1'),
(193, 'ACCELERATED LEARNING LABORATORY', 'TUCSON', 'AZ', 127, 237.00, '1'),
(194, 'ACCELERATED SCHOOLS', 'DENVER', 'CO', 127, 15.00, '2'),
(195, 'ACCELERATED SCHOOLS OF OVERLAND', 'OVERLAND PARK', 'KS', 127, 65.00, '2'),
(196, 'ACCESS ACADEMY', 'CHARLOTTE', 'NC', 127, 25.00, '2'),
(197, 'ACCOTINK ALTERNATIVE LEARNING CE', 'SPRINGFIELD', 'VA', 127, 34.00, '2'),
(198, 'ACE ACADEMY', 'PORTLAND', 'OR', 127, 3.00, '1'),
(199, 'ACE CHARTER HIGH SCHOOL', 'TUCSON', 'AZ', 127, 56.00, '1'),
(200, 'ACE SCHOOL', 'SANTA ROSA', 'CA', 127, 74.00, '2'),
(201, 'ACE TECHNICAL CHARTER HIGH SCHOOL', 'CHICAGO', 'IL', 127, 502.00, '1'),
(202, 'ACHIEVE CAREER PREPARATORY ACADEMY', 'TOLEDO', 'OH', 127, 223.00, '1'),
(203, 'ACHIEVE KIDS', 'SAN JOSE', 'CA', 127, 34.00, '2'),
(204, 'ACHIEVEMENT CENTER (THE)', 'SARASOTA', 'FL', 127, 7.00, '2'),
(205, 'ACHIEVEMENT HOUSE CS', 'BRYN MAWR', 'PA', 127, 272.00, '1'),
(206, 'ACHIEVER''S CHRISTIAN ACADEMY', 'JENNINGS', 'FL', 127, 19.00, '2'),
(207, 'ACHIEVERS ACADEMY HIGH SCHOOL', 'MIAMI SHORES', 'FL', 127, 8.00, '2'),
(208, 'ACHIEVERS CENTER FOR EDUCATION', 'SAN ANTONIO', 'TX', 127, 27.00, '2'),
(209, 'ACHILLE HS', 'ACHILLE', 'OK', 127, 130.00, '1'),
(210, 'ACKERMAN HIGH', 'ACKERMAN', 'MS', 127, 422.00, '1'),
(211, 'ACLD TILLOTSON SCHOOL', 'PITTSBURGH', 'PA', 127, 96.00, '2'),
(212, 'ACORN COMMUNITY HIGH SCHOOL', 'BROOKLYN', 'NY', 127, 697.00, '1'),
(213, 'ACORN HIGH SCHOOL', 'MENA', 'AR', 127, 219.00, '1'),
(214, 'ACORN HIGH SCHOOL FOR SOCIAL JUSTICE', 'BROOKLYN', 'NY', 127, 421.00, '1'),
(215, 'ACT 1 EDUCATION CENTER', 'ROGERS', 'OH', 127, 16.00, '2'),
(216, 'ACTON-BOXBOROUGH REG HIGH', 'ACTON', 'MA', 127, 999.99, '1'),
(217, 'ACTS @ WILLIAM PENN SCHOOL', 'HARRISBURG', 'PA', 127, 195.00, '1'),
(218, 'ACTS ACADEMY', 'VALLEY', 'AL', 127, 46.00, '2'),
(219, 'ADA HIGH SCHOOL', 'ADA', 'OH', 127, 396.00, '1'),
(220, 'ADA HS', 'ADA', 'OK', 127, 534.00, '1'),
(221, 'ADA-BORUP SECONDARY', 'ADA', 'MN', 127, 277.00, '1'),
(222, 'ADAIR CO. HIGH', 'BRASHEAR', 'MO', 127, 118.00, '1'),
(223, 'ADAIR CO. HIGH', 'NOVINGER', 'MO', 127, 133.00, '1'),
(224, 'ADAIR COUNTY HIGH SCHOOL', 'COLUMBIA', 'KY', 127, 779.00, '1'),
(225, 'ADAIR HS', 'ADAIR', 'OK', 127, 284.00, '1'),
(226, 'ADAIR-CASEY JR-SR HIGH SCHOOL', 'ADAIR', 'IA', 127, 157.00, '1'),
(227, 'ADAIRSVILLE HIGH SCHOOL', 'ADAIRSVILLE', 'GA', 127, 995.00, '1'),
(228, 'ADAK SCHOOL', 'ADAK', 'AK', 127, 22.00, '1'),
(229, 'ADAMS CENTRAL HIGH SCHOOL', 'MONROE', 'IN', 127, 373.00, '1'),
(230, 'ADAMS CENTRAL JR-SR HIGH SCH', 'HASTINGS', 'NE', 127, 451.00, '1'),
(231, 'ADAMS CITY HIGH SCHOOL', 'COMMERCE CITY', 'CO', 127, 999.99, '1'),
(232, 'ADAMS COUNTY CHRISTIAN ACADEMY', 'GETTYSBURG', 'PA', 127, 125.00, '2'),
(233, 'ADAMS COUNTY CHRISTIAN SCHOOL', 'WEST UNION', 'OH', 127, 91.00, '2'),
(234, 'ADAMS COUNTY CHRISTIAN SCHOOL', 'NATCHEZ', 'MS', 127, 409.00, '2'),
(235, 'ADAMS HIGH SCHOOL', 'SOUTH BEND', 'IN', 127, 999.99, '1'),
(236, 'ADAMS-FRIENDSHIP HIGH', 'FRIENDSHIP', 'WI', 127, 559.00, '1'),
(237, 'ADAMSVILLE JUNIOR / SENIOR HIGH SCHOOL', 'ADAMSVILLE', 'TN', 127, 687.00, '1'),
(238, 'ADDISON HIGH SCH', 'ADDISON', 'AL', 127, 312.00, '1'),
(239, 'ADDISON HIGH SCHOOL', 'ADDISON', 'NY', 127, 518.00, '1'),
(240, 'ADDISON JR/SR HIGH SCHOOL', 'ADDISON', 'MI', 127, 508.00, '1'),
(241, 'ADDISON TRAIL HIGH SCHOOL', 'ADDISON', 'IL', 127, 999.99, '1'),
(242, 'ADELANTE HIGH SCHOOL', 'GRAND RAPIDS', 'MI', 127, 141.00, '1'),
(243, 'ADELPHOI VILLAGE ACADEMY AT GALL', 'FAIRCHANCE', 'PA', 127, 78.00, '2'),
(244, 'ADENA HIGH SCHOOL', 'FRANKFORT', 'OH', 127, 310.00, '1'),
(245, 'ADIRONDACK HIGH SCHOOL', 'BOONVILLE', 'NY', 127, 452.00, '1'),
(246, 'ADLAI E STEVENSON HIGH SCHOOL', 'LINCOLNSHIRE', 'IL', 127, 999.99, '1'),
(247, 'ADLAI STEVENSON HIGH SCHOOL', 'STERLING HEIGHTS', 'MI', 127, 999.99, '1'),
(248, 'ADM SENIOR HIGH SCHOOL', 'ADEL', 'IA', 127, 358.00, '1'),
(249, 'ADM W F HALSEY LEADERSHIP ACAD', 'ELIZABETH', 'NJ', 127, 999.99, '1'),
(250, 'ADMIRAL ARTHUR W RADFORD HIGH SCHOOL', 'HONOLULU', 'HI', 127, 999.99, '1'),
(251, 'ADMIRAL FARRAGUT ACADEMY', 'ST PETERSBURG', 'FL', 127, 328.00, '2'),
(252, 'ADNA MIDDLE/HIGH SCHOOL', 'ADNA', 'WA', 127, 319.00, '1'),
(253, 'ADOLESCENT SUBSTANCE ABUSE PROGRAM', 'ORLANDO', 'FL', 127, 25.00, '1'),
(254, 'ADOLFO CAMARILLO HIGH', 'CAMARILLO', 'CA', 127, 999.99, '1'),
(255, 'ADONAI TRUE VINE ACADEMY', 'MARY ESTHER', 'FL', 127, 64.00, '2'),
(256, 'ADRIAN HIGH SCHOOL', 'ADRIAN', 'OR', 127, 102.00, '1'),
(257, 'ADRIAN SCHOOL', 'ADRIAN', 'TX', 127, 131.00, '1'),
(258, 'ADRIAN SECONDARY', 'ADRIAN', 'MN', 127, 203.00, '1'),
(259, 'ADRIAN SR. HIGH', 'ADRIAN', 'MO', 127, 424.00, '1'),
(260, 'ADRIAN WILCOX HIGH', 'SANTA CLARA', 'CA', 127, 999.99, '1'),
(261, 'ADVANCE HIGH', 'ADVANCE', 'MO', 127, 208.00, '1'),
(262, 'ADVANCED CHRISTIAN TRAINING', 'PASO ROBLES', 'CA', 127, 117.00, '2'),
(263, 'ADVANCED LANGUAGE AND ACADEMIC STUDIES', 'MILWAUKEE', 'WI', 127, 249.00, '1'),
(264, 'ADVANCED TECHNOLOGY ACADEMY', 'DEARBORN', 'MI', 127, 999.99, '1'),
(265, 'ADVANTAGE ACADEMY', 'DALLAS', 'TX', 127, 999.99, '1'),
(266, 'ADVENT HOME LEARNING CENTER', 'CALHOUN', 'TN', 127, 26.00, '2'),
(267, 'ADVENTIST CHRISTIAN SCHOOL', 'FAYETTEVILLE', 'NC', 127, 26.00, '2'),
(268, 'AEP/TRANSITION SCH', 'ERIE', 'PA', 127, 216.00, '1'),
(269, 'AFFTON HIGH', 'SAINT LOUIS', 'MO', 127, 845.00, '1'),
(270, 'AFSA HIGH SCHOOL', 'VADNAIS HEIGHTS', 'MN', 127, 202.00, '1'),
(271, 'AFTON HS', 'AFTON', 'OK', 127, 128.00, '1'),
(272, 'AFTON MIDDLE SCHOOL HIGH SCHOOL', 'AFTON', 'NY', 127, 351.00, '1'),
(273, 'AGAPE BOARDING SCHOOL', 'STOCKTON', 'MO', 127, 128.00, '2'),
(274, 'AGAPE CHRISTIAN ACADEMY', 'LOBECO', 'SC', 127, 97.00, '2'),
(275, 'AGAPE CHRISTIAN ACADEMY', 'MOORE HAVEN', 'FL', 127, 18.00, '2'),
(276, 'AGAPE CHRISTIAN ACADEMY', 'ORLANDO', 'FL', 127, 417.00, '2'),
(277, 'AGAPE CHRISTIAN HIGH SCHOOL', 'ENERGY', 'IL', 127, 56.00, '2'),
(278, 'AGAPE SCHOOL FOR GIRLS', 'WALWORTH', 'WI', 127, 12.00, '2'),
(279, 'AGAPE SCHOOL OF CHRISTIAN EDUCAT', 'SANTA MARIA', 'CA', 127, 12.00, '2'),
(280, 'AGASSIZ EDUCATION', 'SAINT VINCENT', 'MN', 127, 25.00, '2'),
(281, 'AGATE JUNIOR-SENIOR HIGH SCHOOL', 'AGATE', 'CO', 127, 31.00, '1'),
(282, 'AGAWAM HIGH', 'AGAWAM', 'MA', 127, 999.99, '1'),
(283, 'AGBU ALEX-MARIE MANOOGIAN SCHOOL', 'SOUTHFIELD', 'MI', 127, 368.00, '1'),
(284, 'AGBU MANOOGIAN-DEMIRDJIAN SCHOOL', 'CANOGA PARK', 'CA', 127, 796.00, '2'),
(285, 'AGNES IRWIN SCHOOL', 'BRYN MAWR', 'PA', 127, 674.00, '2'),
(286, 'AGORA CYBER CS', 'WAYNE', 'PA', 127, 999.99, '1'),
(287, 'AGOURA HIGH', 'AGOURA', 'CA', 127, 999.99, '1'),
(288, 'AGRA HS', 'AGRA', 'OK', 127, 96.00, '1'),
(289, 'AGUA DULCE H S', 'AGUA DULCE', 'TX', 127, 190.00, '1'),
(290, 'AGUA FRIA HIGH SCHOOL', 'AVONDALE', 'AZ', 127, 999.99, '1'),
(291, 'AGUILAR JUNIOR-SENIOR HIGH SCHOOL', 'AGUILAR', 'CO', 127, 58.00, '1'),
(292, 'AGWSR HIGH SCHOOL', 'ACKLEY', 'IA', 127, 207.00, '1'),
(293, 'AHOSKIE CHRISTIAN SCHOOL', 'AHOSKIE', 'NC', 127, 249.00, '2'),
(294, 'A-H-S-T HIGH SCHOOL', 'AVOCA', 'IA', 127, 246.00, '1'),
(295, 'AIEA HIGH SCHOOL', 'AIEA', 'HI', 127, 999.99, '1'),
(296, 'AIKEN CHRISTIAN SCHOOL', 'AIKEN', 'SC', 127, 75.00, '2'),
(297, 'AIKEN COLLEGE AND CAREER HIGH SCHOOL', 'CINCINNATI', 'OH', 127, 788.00, '1'),
(298, 'AIKEN HIGH', 'AIKEN', 'SC', 127, 999.99, '1'),
(299, 'AIKEN PERFORMING ARTS CHARTER', 'AIKEN', 'SC', 127, 66.00, '1'),
(300, 'AIKEN PREPARATORY SCHOOL', 'AIKEN', 'SC', 127, 154.00, '2'),
(301, 'AIKEN UNIVERSITY HIGH SCHOOL', 'CINCINNATI', 'OH', 127, 4.00, '1'),
(302, 'AIM HIGH PROGRAM', 'HASTINGS', 'NE', 127, 0.00, '1'),
(303, 'AINSWORTH HIGH SCHOOL', 'AINSWORTH', 'NE', 127, 170.00, '1'),
(304, 'AIR ACADEMY HIGH SCHOOL', 'USAFA', 'CO', 127, 999.99, '1'),
(305, 'AIRLINE HIGH SCHOOL', 'BOSSIER CITY', 'LA', 127, 999.99, '1'),
(306, 'AIRPORT HIGH', 'WEST COLUMBIA', 'SC', 127, 999.99, '1'),
(307, 'AIRPORT SENIOR HIGH SCHOOL', 'CARLETON', 'MI', 127, 963.00, '1'),
(308, 'AISHA SHULE/WEB DUBOIS PREP. ACADEMY SCHOOL', 'DETROIT', 'MI', 127, 248.00, '1'),
(309, 'AITKIN SECONDARY SCHOOL', 'AITKIN', 'MN', 127, 585.00, '1'),
(310, 'AIU HIGH SCHOOL', 'NORTH MIAMI BEACH', 'FL', 127, 13.00, '2'),
(311, 'AJO HIGH SCHOOL', 'AJO', 'AZ', 127, 132.00, '1'),
(312, 'AKHIOK SCHOOL', 'AKHIOK', 'AK', 127, 18.00, '1'),
(313, 'AKIACHAK SCHOOL', 'AKIACHAK', 'AK', 127, 199.00, '1'),
(314, 'AKIAK SCHOOL', 'AKIAK', 'AK', 127, 112.00, '1'),
(315, 'AKINS H S', 'AUSTIN', 'TX', 127, 999.99, '1'),
(316, 'AKIUK MEMORIAL SCHOOL', 'KASIGLUK', 'AK', 127, 93.00, '1'),
(317, 'AKRON COMM SCH EAST', 'AKRON', 'AL', 127, 185.00, '1'),
(318, 'AKRON DIGITAL ACADEMY', 'AKRON', 'OH', 127, 598.00, '1'),
(319, 'AKRON HIGH SCHOOL', 'AKRON', 'CO', 127, 124.00, '1'),
(320, 'AKRON HIGH SCHOOL', 'AKRON', 'NY', 127, 506.00, '1'),
(321, 'AKRON WESTFIELD SENIOR HIGH SCHOOL', 'AKRON', 'IA', 127, 196.00, '1'),
(322, 'AKRON-FAIRGROVE JR/SR HIGH SCHOOL', 'FAIRGROVE', 'MI', 127, 169.00, '1'),
(323, 'AKULA ELITNAURVIK SCHOOL', 'KASIGLUK', 'AK', 127, 99.00, '1'),
(324, 'AKUTAN SCHOOL', 'AKUTAN', 'AK', 127, 10.00, '1'),
(325, 'AL AQSA ISLAMIC ACADEMY', 'PHILADELPHIA', 'PA', 127, 297.00, '2'),
(326, 'AL IKHLAS TRAINING ACADEMY', 'DETROIT', 'MI', 127, 127.00, '2'),
(327, 'AL PRICE STATE JUVENILE CORRECTIONAL FACILITY', 'BEAUMONT', 'TX', 127, 168.00, '1'),
(328, 'ALABAMA CHRISTIAN ACADEMY', 'MONTGOMERY', 'AL', 127, 999.99, '2'),
(329, 'ALACHUA COUNTY VIRTUAL SCHOOL', 'GAINESVILLE', 'FL', 127, 39.00, '1'),
(330, 'ALAIN LEROY LOCKE HIGH', 'LOS ANGELES', 'CA', 127, 999.99, '1'),
(331, 'ALAK SCHOOL', 'WAINWRIGHT', 'AK', 127, 158.00, '1'),
(332, 'ALAKANUK SCHOOL', 'ALAKANAK', 'AK', 127, 218.00, '1'),
(333, 'AL-AMAL SCHOOL', 'FRIDLEY', 'MN', 127, 407.00, '2'),
(334, 'ALAMANCE CHRISTIAN SCHOOL', 'GRAHAM', 'NC', 127, 274.00, '2'),
(335, 'ALAMANCE-BURLINGTON MIDDLE COLLEGE', 'GRAHAM', 'NC', 127, 89.00, '1'),
(336, 'ALAMEDA COMMUNITY LEARNING CENTER', 'ALAMEDA', 'CA', 127, 249.00, '1'),
(337, 'ALAMEDA HIGH', 'ALAMEDA', 'CA', 127, 999.99, '1'),
(338, 'ALAMEDA HIGH SCHOOL', 'LAKEWOOD', 'CO', 127, 746.00, '1'),
(339, 'ALAMO HEIGHTS H S', 'SAN ANTONIO', 'TX', 127, 999.99, '1'),
(340, 'ALAMOGORDO HIGH', 'ALAMOGORDO', 'NM', 127, 999.99, '1'),
(341, 'ALAMOSA HIGH SCHOOL', 'ALAMOSA', 'CO', 127, 599.00, '1'),
(342, 'ALANSON PUBLIC SCHOOL', 'ALANSON', 'MI', 127, 334.00, '1'),
(343, 'AL-ARQAM ISLAMIC SCHOOL', 'SACRAMENTO', 'CA', 127, 341.00, '2'),
(344, 'ALBA SCHOOL', 'ALBA', 'MI', 127, 213.00, '1'),
(345, 'ALBA-GOLDEN H S', 'ALBA', 'TX', 127, 461.00, '1'),
(346, 'ALBANY ACADEMIES', 'ALBANY', 'NY', 127, 709.00, '2'),
(347, 'ALBANY HIGH', 'ALBANY', 'CA', 127, 999.99, '1'),
(348, 'ALBANY HIGH', 'ALBANY', 'MO', 127, 142.00, '1'),
(349, 'ALBANY HIGH', 'ALBANY', 'WI', 127, 122.00, '1'),
(350, 'ALBANY HIGH SCHOOL', 'ALBANY', 'GA', 127, 786.00, '1'),
(351, 'ALBANY HIGH SCHOOL', 'ALBANY', 'LA', 127, 574.00, '1'),
(352, 'ALBANY HIGH SCHOOL', 'ALBANY', 'NY', 127, 999.99, '1'),
(353, 'ALBANY JR-SR H S', 'ALBANY', 'TX', 127, 253.00, '1'),
(354, 'ALBANY SENIOR HIGH', 'ALBANY', 'MN', 127, 499.00, '1'),
(355, 'ALBEMARLE HIGH', 'ALBEMARLE', 'NC', 127, 545.00, '1'),
(356, 'ALBEMARLE HIGH', 'CHARLOTTESVILLE', 'VA', 127, 999.99, '1'),
(357, 'ALBEMARLE SCHOOL', 'ELIZABETH CITY', 'NC', 127, 193.00, '2'),
(358, 'ALBERT EINSTEIN HIGH', 'KENSINGTON', 'MD', 127, 999.99, '1'),
(359, 'ALBERT GALLATIN AREA SHS', 'UNIONTOWN', 'PA', 127, 999.99, '1'),
(360, 'ALBERT LEA SENIOR HIGH', 'ALBERT LEA', 'MN', 127, 999.99, '1'),
(361, 'ALBERT P BREWER HIGH SCH', 'SOMERVILLE', 'AL', 127, 895.00, '1'),
(362, 'ALBERTON HIGH SCHOOL', 'ALBERTON', 'MT', 127, 54.00, '1'),
(363, 'ALBERTUS MAGNUS HIGH SCHOOL', 'BARDONIA', 'NY', 127, 451.00, '2'),
(364, 'ALBERTVILLE HIGH SCH', 'ALBERTVILLE', 'AL', 127, 999.99, '1'),
(365, 'ALBIA HIGH SCHOOL', 'ALBIA', 'IA', 127, 355.00, '1'),
(366, 'ALBINA YOUTH OPPORTUNITY SCHOOL', 'PORTLAND', 'OR', 127, 54.00, '2'),
(367, 'ALBION SENIOR HIGH SCHOOL', 'ALBION', 'MI', 127, 333.00, '1'),
(368, 'ALBROOK SECONDARY', 'SAGINAW', 'MN', 127, 203.00, '1'),
(369, 'ALBUQUERQUE ACADEMY', 'ALBUQUERQUE', 'NM', 127, 999.99, '2'),
(370, 'ALBUQUERQUE HIGH', 'ALBUQUERQUE', 'NM', 127, 999.99, '1'),
(371, 'ALBUQUERQUE INSTITUTE OF MATH & SCIENCE', 'ALBUQUERQUE', 'NM', 127, 222.00, '1'),
(372, 'ALBURNETT JUNIOR-SENIOR HIGH SCHOOL', 'ALBURNETT', 'IA', 127, 313.00, '1'),
(373, 'ALC LEARNING ONLINE', 'PLYMOUTH', 'MN', 127, 0.00, '1'),
(374, 'ALCESTER-HUDSON HIGH SCHOOL - 01', 'ALCESTER', 'SD', 127, 93.00, '1'),
(375, 'ALCHESAY HIGH SCHOOL', 'WHITERIVER', 'AZ', 127, 665.00, '1'),
(376, 'ALCOA HIGH SCHOOL', 'ALCOA', 'TN', 127, 556.00, '1'),
(377, 'ALCONA COMMUNITY HIGH SCHOOL', 'LINCOLN', 'MI', 127, 314.00, '1'),
(378, 'ALCORN CENTRAL HIGH SCHOOL', 'GLEN', 'MS', 127, 444.00, '1'),
(379, 'ALCOVY HIGH SCHOOL', 'COVINGTON', 'GA', 127, 999.99, '1'),
(380, 'ALDAR ACADEMY', 'SACRAMENTO', 'CA', 127, 81.00, '2'),
(381, 'ALDEN SENIOR HIGH SCHOOL', 'ALDEN', 'NY', 127, 635.00, '1'),
(382, 'ALDEN-CONGER SECONDARY', 'ALDEN', 'MN', 127, 225.00, '1'),
(383, 'ALDEN-HEBRON HIGH SCHOOL', 'HEBRON', 'IL', 127, 135.00, '1'),
(384, 'ALDER GROVE CHARTER', 'EUREKA', 'CA', 127, 231.00, '1'),
(385, 'ALDERBROOK SCHOOL', 'ROYAL OAK', 'MI', 127, 33.00, '2'),
(386, 'ALDERSGATE CHRISTIAN ACADEMY', 'CINCINNATI', 'OH', 127, 115.00, '2'),
(387, 'ALDINE H S', 'HOUSTON', 'TX', 127, 999.99, '1'),
(388, 'ALDO LEOPOLD CHARTER', 'SILVER CITY', 'NM', 127, 92.00, '1'),
(389, 'ALEDO CHRISTIAN SCHOOL', 'ALEDO', 'TX', 127, 86.00, '2'),
(390, 'ALEDO HIGH SCHOOL', 'ALEDO', 'TX', 127, 999.99, '1'),
(391, 'ALEGENT/IMMANUEL RTC', 'OMAHA', 'NE', 127, 0.00, '1'),
(392, 'ALEKNAGIK SCHOOL', 'ALEKNAGIK', 'AK', 127, 33.00, '1'),
(393, 'ALETHEIA CHRISTIAN ACADEMY', 'PENSACOLA', 'FL', 127, 212.00, '2'),
(394, 'ALEX HS', 'ALEX', 'OK', 127, 97.00, '1'),
(395, 'ALEXANDER CENTRAL HIGH', 'TAYLORSVILLE', 'NC', 127, 999.99, '1'),
(396, 'ALEXANDER HAMILTON HIGH SCHOOL', 'ELMSFORD', 'NY', 127, 449.00, '1'),
(397, 'ALEXANDER HAMILTON SENIOR HIGH', 'LOS ANGELES', 'CA', 127, 999.99, '1'),
(398, 'ALEXANDER HIGH SCHOOL', 'DOUGLASVILLE', 'GA', 127, 999.99, '1'),
(399, 'ALEXANDER HIGH SCHOOL', 'ALEXANDER', 'ND', 127, 29.00, '1'),
(400, 'ALEXANDER HIGH SCHOOL', 'ALBANY', 'OH', 127, 452.00, '1'),
(401, 'ALEXANDER MIDDLE SCHOOL-HIGH SCHOOL', 'ALEXANDER', 'NY', 127, 541.00, '1'),
(402, 'ALEXANDER W DREYFOOS JUNIOR SCHOOL OF THE ARTS', 'WEST PALM BEACH', 'FL', 127, 999.99, '1'),
(403, 'ALEXANDER-SMITH ACADEMY', 'HOUSTON', 'TX', 127, 50.00, '2'),
(404, 'ALEXANDRIA CENTRAL HIGH SCHOOL', 'ALEXANDRIA BAY', 'NY', 127, 310.00, '1'),
(405, 'ALEXANDRIA FRIENDS SCHOOL', 'ALEXANDRIA', 'VA', 127, 8.00, '2'),
(406, 'ALEXANDRIA HIGH SCH', 'ALEXANDRIA', 'AL', 127, 999.99, '1'),
(407, 'ALEXANDRIA SENIOR HIGH SCHOOL', 'ALEXANDRIA', 'LA', 127, 999.99, '1'),
(408, 'ALEXANDRIA-MONROE HIGH SCHOOL', 'ALEXANDRIA', 'IN', 127, 702.00, '1'),
(409, 'ALFRED BONNABEL HIGH SCHOOL', 'KENNER', 'LA', 127, 999.99, '1'),
(410, 'ALFRED E SMITH CAREER AND TECHNICAL HIGH SCHOOL', 'BRONX', 'NY', 127, 999.99, '1'),
(411, 'ALFRED M. BARBE HIGH SCHOOL', 'LAKE CHARLES', 'LA', 127, 999.99, '1'),
(412, 'ALFRED-ALMOND JUNIOR-SENIOR HIGH SCHOOL', 'ALMOND', 'NY', 127, 301.00, '1'),
(413, 'ALGER LEARNING CENTER & INDEPEND', 'SEDRO WOOLLEY', 'WA', 127, 9.00, '2'),
(414, 'ALGOMA CHRISTIAN SCHOOL', 'KENT CITY', 'MI', 127, 238.00, '2'),
(415, 'ALGOMA HIGH', 'ALGOMA', 'WI', 127, 283.00, '1'),
(416, 'ALGONA HIGH SCHOOL', 'ALGONA', 'IA', 127, 457.00, '1'),
(417, 'ALGONAC HIGH SCHOOL', 'ALGONAC', 'MI', 127, 670.00, '1'),
(418, 'ALGONQUIN REG HIGH', 'NORTHBOROUGH', 'MA', 127, 999.99, '1'),
(419, 'ALHAMBRA HIGH', 'ALHAMBRA', 'CA', 127, 999.99, '1'),
(420, 'ALHAMBRA HIGH SCHOOL', 'PHOENIX', 'AZ', 127, 999.99, '1'),
(421, 'ALHAMBRA SENIOR HIGH', 'MARTINEZ', 'CA', 127, 999.99, '1'),
(422, 'AL-HUDA SCHOOL', 'PATERSON', 'NJ', 127, 116.00, '2'),
(423, 'ALICE BLOUNT ACADEMY', 'VIDALIA', 'GA', 127, 19.00, '2'),
(424, 'ALICE CHRISTIAN SCHOOL', 'ALICE', 'TX', 127, 43.00, '2'),
(425, 'ALICE H S', 'ALICE', 'TX', 127, 999.99, '1'),
(426, 'ALICEVILLE HIGH SCH', 'ALICEVILLE', 'AL', 127, 310.00, '1'),
(427, 'ALIF MUHAMMAD''S NIA SCHOOL', 'NEWARK', 'NJ', 127, 169.00, '2'),
(428, 'AL-IHSAN ACADEMY', 'SOUTH OZONE PARK', 'NY', 127, 458.00, '2'),
(429, 'AL-IMAN ACADEMY OF MOBILE', 'MOBILE', 'AL', 127, 64.00, '2'),
(430, 'AL-IMAN SCHOOL', 'JAMAICA', 'NY', 127, 133.00, '2'),
(431, 'ALINE-CLEO HS', 'ALINE', 'OK', 127, 36.00, '1'),
(432, 'ALIQUIPPA JSHS', 'ALIQUIPPA', 'PA', 127, 509.00, '1'),
(433, 'ALISAL HIGH', 'SALINAS', 'CA', 127, 999.99, '1'),
(434, 'ALISO NIGUEL HIGH', 'ALISO VIEJO', 'CA', 127, 999.99, '1'),
(435, 'ALL CITY LEADERSHIP SECONDARY SCHOOL', 'BROOKLYN', 'NY', 127, 251.00, '1'),
(436, 'ALL HALLOWS HIGH SCHOOL', 'BRONX', 'NY', 127, 635.00, '2'),
(437, 'ALL SAINTS ACADEMY', 'WINTER HAVEN', 'FL', 127, 600.00, '2'),
(438, 'ALL SAINTS CENTRAL HIGH SCHOOL', 'BAY CITY', 'MI', 127, 267.00, '2'),
(439, 'ALL SAINTS EPISCOPAL SCHOOL', 'FORT WORTH', 'TX', 127, 801.00, '2'),
(440, 'ALL SAINTS EPISCOPAL SCHOOL', 'TYLER', 'TX', 127, 697.00, '2'),
(441, 'ALL TRIBES CHARTER', 'VALLEY CENTER', 'CA', 127, 50.00, '1'),
(442, 'ALLAKAKET SCHOOL', 'ALLAKAKET', 'AK', 127, 38.00, '1'),
(443, 'ALLAN COTT SCHOOL', 'BIRMINGHAM', 'AL', 127, 40.00, '2'),
(444, 'ALLATOONA HIGH SCHOOL', 'ACWORTH', 'GA', 127, 999.99, '1'),
(445, 'ALLDERDICE HS', 'PITTSBURGH', 'PA', 127, 999.99, '1'),
(446, 'ALLEGAN COUNTY YOUTH HOME', 'ALLEGAN', 'MI', 127, 0.00, '1'),
(447, 'ALLEGANY HIGH', 'CUMBERLAND', 'MD', 127, 865.00, '1'),
(448, 'ALLEGANY-LIMESTONE HIGH SCHOOL', 'ALLEGANY', 'NY', 127, 415.00, '1'),
(449, 'ALLEGHANY HIGH', 'SPARTA', 'NC', 127, 479.00, '1'),
(450, 'ALLEGHANY HIGH', 'COVINGTON', 'VA', 127, 848.00, '1'),
(451, 'ALLEGHENY-CLARION VALLEY ELEM', 'FOXBURG', 'PA', 127, 398.00, '1'),
(452, 'ALLEGHENY-CLARION VALLEY HS', 'FOXBURG', 'PA', 127, 472.00, '1'),
(453, 'ALLELUIA COMMUNITY SCHOOL', 'AUGUSTA', 'GA', 127, 174.00, '2'),
(454, 'ALLEMAN HIGH SCHOOL', 'ROCK ISLAND', 'IL', 127, 500.00, '2'),
(455, 'ALLEN ACADEMY', 'DETROIT', 'MI', 127, 999.99, '1'),
(456, 'ALLEN ACADEMY', 'BRYAN', 'TX', 127, 280.00, '2'),
(457, 'ALLEN CENTRAL HIGH SCHOOL', 'EASTERN', 'KY', 127, 394.00, '1'),
(458, 'ALLEN CO JUVENILE CENTER', 'FORT WAYNE', 'IN', 127, 19.00, '1'),
(459, 'ALLEN COUNTY-SCOTTSVILLE HIGH SCHOOL', 'SCOTTSVILLE', 'KY', 127, 902.00, '1'),
(460, 'ALLEN D NEASE SENIOR HIGH SCHOOL', 'PONTE VEDRA', 'FL', 127, 999.99, '1'),
(461, 'ALLEN EAST HIGH SCHOOL', 'HARROD', 'OH', 127, 451.00, '1'),
(462, 'ALLEN H S', 'ALLEN', 'TX', 127, 999.99, '1'),
(463, 'ALLEN HIGH SCHOOL', 'ALLEN', 'NE', 127, 133.00, '1'),
(464, 'ALLEN HS', 'ALLEN', 'OK', 127, 121.00, '1'),
(465, 'ALLEN PARK HIGH SCHOOL', 'ALLEN PARK', 'MI', 127, 999.99, '1'),
(466, 'ALLENDALE COLUMBIA SCHOOL', 'ROCHESTER', 'NY', 127, 388.00, '2'),
(467, 'ALLENDALE FAIRFAX HIGH', 'FAIRFAX', 'SC', 127, 448.00, '1'),
(468, 'ALLENDALE HIGH SCHOOL', 'ALLENDALE', 'MI', 127, 603.00, '1'),
(469, 'ALLENDALE SCHOOL', 'LAKE VILLA', 'IL', 127, 270.00, '2'),
(470, 'ALLENDALE-STEPPING STONE WEST', 'WOODSTOCK', 'IL', 127, 57.00, '2'),
(471, 'ALLENTOWN HIGH', 'ALLENTOWN', 'NJ', 127, 999.99, '1'),
(472, 'ALLIANCE CHARTER ACADEMY', 'OREGON CITY', 'OR', 127, 364.00, '1'),
(473, 'ALLIANCE CHRISTIAN SCHOOLS', 'PORTSMOUTH', 'VA', 127, 254.00, '2'),
(474, 'ALLIANCE HIGH SCHOOL', 'ALLIANCE', 'NE', 127, 477.00, '1'),
(475, 'ALLIANCE HIGH SCHOOL', 'ALLIANCE', 'OH', 127, 887.00, '1'),
(476, 'ALLIANCE HIGH SCHOOL', 'MILWAUKEE', 'WI', 127, 161.00, '1'),
(477, 'ALLIED HEALTH ACADEMY', 'TOLEDO', 'OH', 127, 321.00, '1'),
(478, 'ALLISON ACADEMY', 'NORTH MIAMI BEACH', 'FL', 127, 75.00, '2'),
(479, 'ALMA BRYANT HIGH SCH', 'IRVINGTON', 'AL', 127, 999.99, '1'),
(480, 'ALMA D ARTE CHARTER', 'LAS CRUCES', 'NM', 127, 165.00, '1'),
(481, 'ALMA HEIGHTS CHRISTIAN ACADEMY', 'PACIFICA', 'CA', 127, 311.00, '2'),
(482, 'ALMA HIGH', 'ALMA', 'WI', 127, 105.00, '1'),
(483, 'ALMA HIGH SCHOOL', 'ALMA', 'AR', 127, 999.99, '1'),
(484, 'ALMA HIGH SCHOOL', 'ALMA', 'NE', 127, 160.00, '1'),
(485, 'ALMA SENIOR HIGH SCHOOL', 'ALMA', 'MI', 127, 659.00, '1'),
(486, 'AL-MADINAH SCHOOL', 'BROOKLYN', 'NY', 127, 619.00, '2'),
(487, 'ALMANSOR CENTER', 'SOUTH PASADENA', 'CA', 127, 144.00, '2'),
(488, 'ALMIRA COULEE HARTLINE HIGH SCHOOL', 'HARTLINE', 'WA', 127, 101.00, '1'),
(489, 'ALMOND HIGH', 'ALMOND', 'WI', 127, 244.00, '1'),
(490, 'ALMONDALE ACADEMY', 'ORANGEVALE', 'CA', 127, 18.00, '2'),
(491, 'ALMONT HIGH SCHOOL', 'ALMONT', 'MI', 127, 608.00, '1'),
(492, 'AL-MUSLIMAAT ACADEMY', 'NEWARK', 'NJ', 127, 14.00, '2'),
(493, 'AL-NOOR ACADEMY', 'MANSFIELD', 'MA', 127, 64.00, '2'),
(494, 'AL-NOOR SCHOOL', 'BROOKLYN', 'NY', 127, 637.00, '2'),
(495, 'ALOHA HIGH SCHOOL', 'BEAVERTON', 'OR', 127, 999.99, '1'),
(496, 'ALOMA HIGH SCHOOL', 'WINTER PARK', 'FL', 127, 245.00, '1'),
(497, 'ALONSO HIGH SCHOOL', 'TAMPA', 'FL', 127, 999.99, '1'),
(498, 'ALONZO AND TRACY MOURNING SENIOR HIGH BISCAYNE BAY', 'MIAMI', 'FL', 127, 719.00, '1'),
(499, 'ALPAUGH ACHIEVEMENT ACADEMY CHARTER', 'ALPAUGH', 'CA', 127, 1.00, '1'),
(500, 'ALPAUGH JUNIOR-SENIOR HIGH', 'ALPAUGH', 'CA', 127, 134.00, '1'),
(501, 'ALPENA HIGH SCHOOL', 'ALPENA', 'AR', 127, 237.00, '1'),
(502, 'ALPENA HIGH SCHOOL', 'ALPENA', 'MI', 127, 999.99, '1'),
(503, 'ALPHA & OMEGA ACADEMY', 'FALLBROOK', 'CA', 127, 26.00, '2'),
(504, 'ALPHA & OMEGA CHRISTIAN ACADEMY', 'CLOVERDALE', 'IN', 127, 50.00, '2'),
(505, 'ALPHA & OMEGA CHRISTIAN SCHOOL', 'NEWARK', 'NJ', 127, 29.00, '2'),
(506, 'ALPHA BEACON CHRISTIAN SCHOOL', 'SAN MATEO', 'CA', 127, 143.00, '2'),
(507, 'ALPHA CHRISTIAN SCHOOL', 'HATTIESBURG', 'MS', 127, 225.00, '2'),
(508, 'ALPHA EDUCATIONAL LEARNING CENTE', 'SEVIERVILLE', 'TN', 127, 17.00, '2'),
(509, 'ALPHA OMEGA ACADEMY', 'HUNTSVILLE', 'TX', 127, 384.00, '2'),
(510, 'ALPHA OMEGA MINISTRIES', 'CHICAGO', 'IL', 127, 33.00, '2'),
(511, 'ALPHARETTA HIGH SCHOOL', 'ALPHARETTA', 'GA', 127, 999.99, '1'),
(512, 'ALPINE ACADEMY', 'ERDA', 'UT', 127, 41.00, '2'),
(513, 'ALPINE CHRISTIAN ACADEMY', 'BASALT', 'CO', 127, 53.00, '2'),
(514, 'ALPINE H S', 'ALPINE', 'TX', 127, 305.00, '1'),
(515, 'ALPINE VALLEY SCHOOL', 'WHEAT RIDGE', 'CO', 127, 25.00, '2'),
(516, 'AL-QALAM SCHOOL OF VIRGINIA', 'SPRINGFIELD', 'VA', 127, 78.00, '2'),
(517, 'ALSEA HIGH SCHOOL', 'ALSEA', 'OR', 127, 61.00, '1'),
(518, 'ALSION MIDDLE/HIGH SCHOOL', 'FREMONT', 'CA', 127, 65.00, '2'),
(519, 'ALTA HIGH', 'SANDY', 'UT', 127, 999.99, '1'),
(520, 'ALTA LOMA HIGH', 'ALTA LOMA', 'CA', 127, 999.99, '1'),
(521, 'ALTA SENIOR HIGH SCHOOL', 'ALTA', 'IA', 127, 170.00, '1'),
(522, 'ALTA VISTA CHARTER SCH.', 'KANSAS CITY', 'MO', 127, 193.00, '1'),
(523, 'ALTA VISTA HIGH SCHOOL', 'TUCSON', 'AZ', 127, 476.00, '1'),
(524, 'ALTA VISTA PUBLIC', 'LANCASTER', 'CA', 127, 171.00, '1'),
(525, 'ALTA VISTA SCHOOL', 'BREMERTON', 'WA', 127, 10.00, '2'),
(526, 'ALTAMONT HIGH', 'ALTAMONT', 'UT', 127, 236.00, '1'),
(527, 'ALTAMONT HIGH SCHOOL', 'ALTAMONT', 'IL', 127, 252.00, '1'),
(528, 'ALTAMONTE CHRISTIAN SCHOOL', 'ALTAMONTE SPRINGS', 'FL', 127, 232.00, '2'),
(529, 'ALTAPASS CHRISTIAN SCHOOL', 'SPRUCE PINE', 'NC', 127, 21.00, '2'),
(530, 'ALTAVISTA HIGH', 'ALTAVISTA', 'VA', 127, 771.00, '1'),
(531, 'ALTER HIGH SCHOOL', 'KETTERING', 'OH', 127, 668.00, '2'),
(532, 'ALTERNATIVE EDUCATION ACADEMY', 'TOLEDO', 'OH', 127, 999.99, '1'),
(533, 'ALTERNATIVE YOUTH ACTIVITIES INC', 'COOS BAY', 'OR', 127, 62.00, '2'),
(534, 'ALTERNATIVE/ADULT EDUCATION (ADMINISTRATION BUILDI', 'PERRY', 'MI', 127, 76.00, '1'),
(535, 'ALTERNATIVES ACADEMY/JOURNEYS', 'BELLEVUE', 'NE', 127, 0.00, '1'),
(536, 'ALTHA PUBLIC SCHOOL', 'ALTHA', 'FL', 127, 599.00, '1'),
(537, 'ALTHOFF CATHOLIC HIGH SCHOOL', 'BELLEVILLE', 'IL', 127, 474.00, '2'),
(538, 'ALTMAR-PARISH-WILLIAMSTOWN HIGH SCHOOL', 'PARISH', 'NY', 127, 506.00, '1'),
(539, 'ALTO H S', 'ALTO', 'TX', 127, 181.00, '1'),
(540, 'ALTON HIGH', 'ALTON', 'MO', 127, 369.00, '1'),
(541, 'ALTON HIGH SCHOOL', 'ALTON', 'IL', 127, 999.99, '1'),
(542, 'ALTON SCHOOL', 'CYPRESS', 'CA', 127, 50.00, '2'),
(543, 'ALTONA CHRISTIAN SCHOOL', 'HENDERSON', 'MN', 127, 25.00, '2'),
(544, 'ALTOONA AREA HS', 'ALTOONA', 'PA', 127, 999.99, '1'),
(545, 'ALTOONA HIGH', 'ALTOONA', 'WI', 127, 449.00, '1'),
(546, 'ALTOONA-MIDWAY MIDDLE/HIGH SCHOOL', 'BUFFALO', 'KS', 127, 109.00, '1'),
(547, 'ALTUS HS', 'ALTUS', 'OK', 127, 999.99, '1'),
(548, 'ALVA HS', 'ALVA', 'OK', 127, 243.00, '1'),
(549, 'ALVARADO H S', 'ALVARADO', 'TX', 127, 993.00, '1'),
(550, 'ALVERNO HIGH SCHOOL', 'SIERRA MADRE', 'CA', 127, 229.00, '2'),
(551, 'ALVIN HIGH SCHOOL', 'ALVIN', 'TX', 127, 999.99, '1'),
(552, 'ALVIRNE HIGH SCHOOL', 'HUDSON', 'NH', 127, 999.99, '1'),
(553, 'ALVORD H S', 'ALVORD', 'TX', 127, 226.00, '1'),
(554, 'ALWOOD MIDDLE/HIGH SCHOOL', 'WOODHULL', 'IL', 127, 252.00, '1'),
(555, 'AMADOR HIGH', 'SUTTER CREEK', 'CA', 127, 703.00, '1'),
(556, 'AMADOR VALLEY HIGH', 'PLEASANTON', 'CA', 127, 999.99, '1'),
(557, 'AMANDA ELZY HIGH SCHOOL', 'GREENWOOD', 'MS', 127, 621.00, '1'),
(558, 'AMANDA-CLEARCREEK HIGH SCHOOL', 'AMANDA', 'OH', 127, 516.00, '1'),
(559, 'AMARILLO AREA CTR FOR ADVANCED LRN', 'AMARILLO', 'TX', 127, 42.00, '1'),
(560, 'AMARILLO H S', 'AMARILLO', 'TX', 127, 999.99, '1'),
(561, 'AMBASSADOR ACADEMY', 'PRATHER', 'CA', 127, 19.00, '2'),
(562, 'AMBASSADOR CHRISTIAN ACADEMY', 'TAMPA', 'FL', 127, 7.00, '2'),
(563, 'AMBER-POCASSET HS', 'AMBER', 'OK', 127, 98.00, '1'),
(564, 'AMBLER SCHOOL', 'AMBLER', 'AK', 127, 61.00, '1'),
(565, 'AMBLESIDE SCHOOL OF SAN ANGELO', 'SAN ANGELO', 'TX', 127, 83.00, '2'),
(566, 'AMBOY HIGH SCHOOL', 'AMBOY', 'IL', 127, 307.00, '1'),
(567, 'AMBRIDGE AREA HS', 'AMBRIDGE', 'PA', 127, 852.00, '1'),
(568, 'AMELIA ACADEMY', 'AMELIA COURT HOUSE', 'VA', 127, 167.00, '2'),
(569, 'AMELIA COUNTY HIGH', 'AMELIA COURT HOUSE', 'VA', 127, 534.00, '1'),
(570, 'AMELIA HIGH SCHOOL', 'BATAVIA', 'OH', 127, 999.99, '1'),
(571, 'AMELIA L. JOHNSON HIGH SCH', 'THOMASTON', 'AL', 127, 260.00, '1'),
(572, 'AMERICAN ACADEMY', 'HOUSTON', 'TX', 127, 4.00, '2'),
(573, 'AMERICAN ACADEMY', 'PLANTATION', 'FL', 127, 349.00, '2'),
(574, 'AMERICAN CHRISTIAN ACADEMY', 'TUSCALOOSA', 'AL', 127, 856.00, '2'),
(575, 'AMERICAN CHRISTIAN ACADEMY', 'POMONA', 'CA', 127, 17.00, '2'),
(576, 'AMERICAN CHRISTIAN MILITARY ACAD', 'RANCO CUCAMONGA', 'CA', 127, 55.00, '2'),
(577, 'AMERICAN CHRISTIAN SCHOOL OF BAR', 'BARTLESVILLE', 'OK', 127, 97.00, '2'),
(578, 'AMERICAN FALLS HIGH SCHOOL', 'AMERICAN FALLS', 'ID', 127, 450.00, '1'),
(579, 'AMERICAN FORK HIGH', 'AMERICAN FORK', 'UT', 127, 999.99, '1'),
(580, 'AMERICAN HEBREW ACADEMY', 'GREENSBORO', 'NC', 127, 148.00, '2'),
(581, 'AMERICAN HERITAGE', 'PLANTATION', 'FL', 127, 999.99, '2'),
(582, 'AMERICAN HERITAGE ACADEMY', 'COTTONWOOD', 'AZ', 127, 315.00, '1'),
(583, 'AMERICAN HERITAGE OF SOUTH JORDA', 'SOUTH JORDAN', 'UT', 127, 354.00, '2'),
(584, 'AMERICAN HERITAGE SCHOOL - BOCA/', 'DELRAY BEACH', 'FL', 127, 938.00, '2'),
(585, 'AMERICAN HIGH', 'FREMONT', 'CA', 127, 999.99, '1'),
(586, 'AMERICAN HIGH SCHOOL ACADEMY', 'MIAMI', 'FL', 127, 360.00, '2'),
(587, 'AMERICAN HISTORY HIGH', 'NEWARK', 'NJ', 127, 288.00, '1'),
(588, 'AMERICAN INDIAN PUBLIC HIGH', 'OAKLAND', 'CA', 127, 106.00, '1'),
(589, 'AMERICAN LEADERSHIP ACADEMY', 'GILBERT', 'AZ', 127, 540.00, '1'),
(590, 'AMERICAN LEADERSHIP ACADEMY', 'SPANISH FORK', 'UT', 127, 999.99, '1'),
(591, 'AMERICAN PREPARATORY ACADEMY', 'DAVIE', 'FL', 127, 121.00, '2'),
(592, 'AMERICAN SCHOOL FOR THE DEAF', 'WEST HARTFORD', 'CT', 127, 190.00, '2'),
(593, 'AMERICAN SENIOR HIGH SCHOOL', 'HIALEAH', 'FL', 127, 999.99, '1'),
(594, 'AMERICAN SIGN LANGUAGE & ENGLISH SCHOOL', 'NEW YORK', 'NY', 127, 157.00, '1'),
(595, 'AMERICAN SPIRIT ACADEMY', 'EAST LIVERPOOL', 'OH', 127, 132.00, '2'),
(596, 'AMERICAN WORLDWIDE ACADEMY', 'NORTH MIAMI', 'FL', 127, 200.00, '2'),
(597, 'AMERICAN YOUTH ACADEMY', 'TAMPA', 'FL', 127, 321.00, '2'),
(598, 'AMERICAS H S', 'EL PASO', 'TX', 127, 999.99, '1'),
(599, 'AMERICUS SUMTER COUNTY HIGH SOUTH', 'AMERICUS', 'GA', 127, 900.00, '1'),
(600, 'AMERISCHOOLS ACADEMY - CAMELBACK', 'PHOENIX', 'AZ', 127, 189.00, '1'),
(601, 'AMERISCHOOLS ACADEMY - COUNTRY CLUB', 'TUCSON', 'AZ', 127, 225.00, '1'),
(602, 'AMERISCHOOLS COLLEGE PREPARATORY ACADEMY - TUCSON', 'TUCSON', 'AZ', 127, 128.00, '1'),
(603, 'AMERY HIGH', 'AMERY', 'WI', 127, 553.00, '1'),
(604, 'AMES HIGH SCHOOL', 'AMES', 'IA', 127, 999.99, '1'),
(605, 'AMESBURY ACADEMY CHARTER PUBLIC SCHOOL', 'AMESBURY', 'MA', 127, 50.00, '1'),
(606, 'AMESBURY HIGH', 'AMESBURY', 'MA', 127, 674.00, '1'),
(607, 'AMHERST CENTRAL HIGH SCHOOL', 'AMHERST', 'NY', 127, 895.00, '1'),
(608, 'AMHERST COUNTY HIGH', 'AMHERST', 'VA', 127, 999.99, '1'),
(609, 'AMHERST HIGH', 'AMHERST', 'WI', 127, 291.00, '1'),
(610, 'AMHERST HIGH SCHOOL', 'AMHERST', 'NE', 127, 120.00, '1'),
(611, 'AMHERST REGIONAL HIGH', 'AMHERST', 'MA', 127, 999.99, '1'),
(612, 'AMHERST SCHOOL', 'AMHERST', 'TX', 127, 175.00, '1'),
(613, 'AMIKIDS JACKSONVILLE', 'JACKSONVILLE', 'FL', 127, 54.00, '2'),
(614, 'AMISTAD ACADEMY', 'NEW HAVEN', 'CT', 127, 744.00, '1'),
(615, 'AMITE COUNTY HIGH SCHOOL', 'LIBERTY', 'MS', 127, 342.00, '1'),
(616, 'AMITE HIGH SCHOOL', 'AMITE', 'LA', 127, 555.00, '1'),
(617, 'AMITE SCHOOL CENTER', 'LIBERTY', 'MS', 127, 294.00, '2'),
(618, 'AMITY HIGH SCHOOL', 'AMITY', 'OR', 127, 269.00, '1'),
(619, 'AMITY REGIONAL SENIOR HIGH SCHOOL', 'WOODBRIDGE', 'CT', 127, 999.99, '1'),
(620, 'AMITYVILLE MEMORIAL HIGH SCHOOL', 'AMITYVILLE', 'NY', 127, 656.00, '1'),
(621, 'AMOR CHRISTIAN ACADEMY', 'CORONA', 'CA', 127, 22.00, '2'),
(622, 'AMORY CHRISTIAN ACADEMY', 'AMORY', 'MS', 127, 97.00, '2'),
(623, 'AMORY HIGH SCHOOL', 'AMORY', 'MS', 127, 563.00, '1'),
(624, 'AMOS ALONZO STAGG HIGH SCHOOL', 'PALOS HILLS', 'IL', 127, 999.99, '1'),
(625, 'AMOS P. GODBY HIGH SCHOOL', 'TALLAHASSEE', 'FL', 127, 999.99, '1'),
(626, 'AMPHITHEATER HIGH SCHOOL', 'TUCSON', 'AZ', 127, 999.99, '1'),
(627, 'AMSTERDAM HIGH SCHOOL', 'AMSTERDAM', 'NY', 127, 999.99, '1'),
(628, 'AMUNDSEN HIGH SCHOOL', 'CHICAGO', 'IL', 127, 999.99, '1'),
(629, 'AMY BIEHL CHARTER HIGH SCHOOL', 'ALBUQUERQUE', 'NM', 127, 293.00, '1'),
(630, 'ANACAPA SCHOOL', 'SANTA BARBARA', 'CA', 127, 57.00, '2'),
(631, 'ANACOCO HIGH SCHOOL', 'ANACOCO', 'LA', 127, 378.00, '1'),
(632, 'ANACONDA HIGH SCHOOL', 'ANACONDA', 'MT', 127, 361.00, '1'),
(633, 'ANACORTES HIGH SCHOOL', 'ANACORTES', 'WA', 127, 829.00, '1'),
(634, 'ANACOSTIA SHS', 'WASHINGTON', 'DC', 127, 836.00, '1'),
(635, 'ANADARKO HS', 'ANADARKO', 'OK', 127, 525.00, '1'),
(636, 'ANAHEIM DISCOVERY CHRISTIAN SCHO', 'ANAHEIM', 'CA', 127, 76.00, '2'),
(637, 'ANAHEIM HIGH', 'ANAHEIM', 'CA', 127, 999.99, '1'),
(638, 'ANAHEIM MAGNOLIA CHRISTIAN SCHOO', 'ANAHEIM', 'CA', 127, 52.00, '2'),
(639, 'ANAHUAC H S', 'ANAHUAC', 'TX', 127, 409.00, '1'),
(640, 'ANAHUACALMECAC UNIVERSITY PREPARATORY HIGH', 'LOS ANGELES', 'CA', 127, 36.00, '1'),
(641, 'ANALY HIGH', 'SEBASTOPOL', 'CA', 127, 999.99, '1'),
(642, 'ANAMOSA HIGH SCHOOL', 'ANAMOSA', 'IA', 127, 459.00, '1'),
(643, 'ANANDA LIVING WISDOM SCHOOL', 'NEVADA CITY', 'CA', 127, 78.00, '2'),
(644, 'ANCHOR ACADEMY', 'VANDUSER', 'MO', 127, 21.00, '2'),
(645, 'ANCHOR BAY HIGH SCHOOL', 'FAIR HAVEN', 'MI', 127, 999.99, '1'),
(646, 'ANCHOR CHRISTIAN SCHOOL', 'SHIPPENSBURG', 'PA', 127, 78.00, '2'),
(647, 'ANCHOR EDUCATION', 'SAN LEANDRO', 'CA', 127, 9.00, '2'),
(648, 'ANCHOR SCHOOL', 'BISCOE', 'NC', 127, 48.00, '1'),
(649, 'ANCHORED CHRISTIAN SCHOOL', 'BOWLING GREEN', 'KY', 127, 118.00, '2'),
(650, 'ANCHORPOINT CHRISTIAN SCHOOL', 'GILROY', 'CA', 127, 42.00, '2'),
(651, 'ANCHORS ACADEMY', 'ROSEDALE', 'VA', 127, 80.00, '2'),
(652, 'ANCLOTE HIGH SCHOOL', 'HOLIDAY', 'FL', 127, 956.00, '1'),
(653, 'ANDALE HIGH', 'ANDALE', 'KS', 127, 457.00, '1'),
(654, 'ANDALUSIA HIGH SCH', 'ANDALUSIA', 'AL', 127, 448.00, '1'),
(655, 'ANDALUSIA SCHOOL', 'YONKERS', 'NY', 127, 311.00, '2'),
(656, 'ANDERSON ACADEMY', 'VERO BEACH', 'FL', 127, 35.00, '2'),
(657, 'ANDERSON CHRISTIAN SCHOOL', 'ANDERSON', 'SC', 127, 225.00, '2'),
(658, 'ANDERSON COUNTY HIGH', 'CLINTON', 'TN', 127, 999.99, '1'),
(659, 'ANDERSON COUNTY HIGH SCHOOL', 'LAWRENCEBURG', 'KY', 127, 999.99, '1'),
(660, 'ANDERSON COUNTY JR/SR HIGH SCHOOL', 'GARNETT', 'KS', 127, 457.00, '1'),
(661, 'ANDERSON H S', 'AUSTIN', 'TX', 127, 999.99, '1'),
(662, 'ANDERSON HIGH', 'ANDERSON', 'CA', 127, 700.00, '1'),
(663, 'ANDERSON HIGH SCHOOL', 'ANDERSON', 'IN', 127, 999.99, '1'),
(664, 'ANDERSON HIGH SCHOOL', 'CINCINNATI', 'OH', 127, 999.99, '1'),
(665, 'ANDERSON NEW TECHNOLOGY HIGH', 'ANDERSON', 'CA', 127, 192.00, '1'),
(666, 'ANDERSON SCHOOL', 'ANDERSON', 'AK', 127, 32.00, '1'),
(667, 'ANDERSON VALLEY JUNIOR-SENIOR HIGH', 'BOONVILLE', 'CA', 127, 259.00, '1'),
(668, 'ANDERSON W. CLARK MAGNET HIGH', 'LA CRESCENTA', 'CA', 127, 999.99, '1'),
(669, 'ANDERSON-SHIRO JR/SR H S', 'ANDERSON', 'TX', 127, 360.00, '1'),
(670, 'ANDES CENTRAL HIGH SCHOOL - 01', 'LAKE ANDES', 'SD', 127, 94.00, '1'),
(671, 'ANDES CENTRAL SCHOOL', 'ANDES', 'NY', 127, 120.00, '1'),
(672, 'ANDOVER CENTRAL HIGH SCHOOL', 'ANDOVER', 'KS', 127, 800.00, '1'),
(673, 'ANDOVER HIGH', 'ANDOVER', 'KS', 127, 754.00, '1'),
(674, 'ANDOVER HIGH', 'ANDOVER', 'MA', 127, 999.99, '1'),
(675, 'ANDOVER SCHOOL', 'ANDOVER', 'NY', 127, 407.00, '1'),
(676, 'ANDOVER SENIOR HIGH', 'ANDOVER', 'MN', 127, 999.99, '1'),
(677, 'ANDREAN HIGH SCHOOL', 'MERRILLVILLE', 'IN', 127, 622.00, '2'),
(678, 'ANDRESS H S', 'EL PASO', 'TX', 127, 999.99, '1'),
(679, 'ANDREW HIGH SCHOOL', 'ANDREW', 'IA', 127, 122.00, '1'),
(680, 'ANDREW JACKSON ACADEMY', 'EHRHARDT', 'SC', 127, 128.00, '2'),
(681, 'ANDREW JACKSON HIGH', 'KERSHAW', 'SC', 127, 616.00, '1'),
(682, 'ANDREW JACKSON HIGH SCHOOL', 'JACKSONVILLE', 'FL', 127, 999.99, '1'),
(683, 'ANDREW K. DEMOSKI SCHOOL', 'NULATO', 'AK', 127, 36.00, '1'),
(684, 'ANDREW P. HILL HIGH', 'SAN JOSE', 'CA', 127, 999.99, '1'),
(685, 'ANDREWS ACADEMY', 'BERRIEN SPRINGS', 'MI', 127, 247.00, '2'),
(686, 'ANDREWS H S', 'ANDREWS', 'TX', 127, 873.00, '1'),
(687, 'ANDREWS HIGH', 'ANDREWS', 'NC', 127, 269.00, '1'),
(688, 'ANDREWS HIGH', 'ANDREWS', 'SC', 127, 652.00, '1'),
(689, 'ANDREWS OSBORNE ACADEMY', 'WILLOUGHBY', 'OH', 127, 329.00, '2'),
(690, 'ANDROSCOGGIN LEARNING & TRANSITI', 'LEWISTON', 'ME', 127, 11.00, '2'),
(691, 'ANDY DEKANEY H S', 'HOUSTON', 'TX', 127, 999.99, '1'),
(692, 'ANGELO RODRIGUEZ HIGH', 'FAIRFIELD', 'CA', 127, 999.99, '1'),
(693, 'ANGLETON H S', 'ANGLETON', 'TX', 127, 999.99, '1'),
(694, 'ANGOLA HIGH SCHOOL', 'ANGOLA', 'IN', 127, 907.00, '1'),
(695, 'ANGOON SCHOOL', 'ANGOON', 'AK', 127, 83.00, '1'),
(696, 'ANIAK JR/SR HIGH SCHOOL', 'ANIAK', 'AK', 127, 46.00, '1'),
(697, 'ANIGUIIN SCHOOL', 'ELIM', 'AK', 127, 80.00, '1'),
(698, 'ANIMAS HIGH', 'ANIMAS', 'NM', 127, 89.00, '1'),
(699, 'ANIMAS HIGH SCHOOL', 'DURANGO', 'CO', 127, 73.00, '1'),
(700, 'ANIMO INGLEWOOD CHARTER HIGH', 'LOS ANGELES', 'CA', 127, 545.00, '1'),
(701, 'ANIMO JACKIE ROBINSON HIGH', 'LOS ANGELES', 'CA', 127, 546.00, '1'),
(702, 'ANIMO JUSTICE CHARTER HIGH', 'LOS ANGELES', 'CA', 127, 492.00, '1'),
(703, 'ANIMO LEADERSHIP HIGH', 'INGLEWOOD', 'CA', 127, 589.00, '1'),
(704, 'ANIMO LOCKE ACE ACADEMY', 'LOS ANGELES', 'CA', 127, 117.00, '1'),
(705, 'ANIMO LOCKE CHARTER HIGH SCHOOL #1', 'LOS ANGELES', 'CA', 127, 325.00, '1'),
(706, 'ANIMO LOCKE CHARTER HIGH SCHOOL #2', 'LOS ANGELES', 'CA', 127, 304.00, '1'),
(707, 'ANIMO LOCKE CHARTER HIGH SCHOOL #3', 'LOS ANGELES', 'CA', 127, 290.00, '1'),
(708, 'ANIMO LOCKE TECHNOLOGY HIGH', 'LOS ANGELES', 'CA', 127, 410.00, '1'),
(709, 'ANIMO PAT BROWN', 'LOS ANGELES', 'CA', 127, 526.00, '1'),
(710, 'ANIMO RALPH BUNCHE HIGH', 'LOS ANGELES', 'CA', 127, 527.00, '1'),
(711, 'ANIMO SOUTH LOS ANGELES CHARTER', 'LOS ANGELES', 'CA', 127, 537.00, '1'),
(712, 'ANIMO VENICE CHARTER HIGH', 'LOS ANGELES', 'CA', 127, 530.00, '1'),
(713, 'ANIMO WATTS CHARTER HIGH', 'LOS ANGELES', 'CA', 127, 416.00, '1'),
(714, 'ANKENY CHRISTIAN ACADEMY', 'ANKENY', 'IA', 127, 284.00, '2'),
(715, 'ANKENY HIGH SCHOOL', 'ANKENY', 'IA', 127, 999.99, '1'),
(716, 'ANN ARBOR ACADEMY', 'ANN ARBOR', 'MI', 127, 32.00, '2'),
(717, 'ANN SOBRATO HIGH', 'MORGAN HILL', 'CA', 127, 999.99, '1'),
(718, 'ANNA H S', 'ANNA', 'TX', 127, 573.00, '1'),
(719, 'ANNA HIGH SCHOOL', 'ANNA', 'OH', 127, 378.00, '1'),
(720, 'ANNA TOBELUK MEMORIAL SCHOOL', 'NUNAPITCHUK', 'AK', 127, 177.00, '1'),
(721, 'ANNA-JONESBORO HIGH SCHOOL', 'ANNA', 'IL', 127, 532.00, '1'),
(722, 'ANNANDALE HIGH', 'ANNANDALE', 'VA', 127, 999.99, '1'),
(723, 'ANNANDALE SENIOR HIGH', 'ANNANDALE', 'MN', 127, 565.00, '1'),
(724, 'ANNAPOLIS AREA CHRISTIAN SCHOOL', 'ANNAPOLIS', 'MD', 127, 911.00, '2'),
(725, 'ANNAPOLIS CHRISTIAN ACADEMY', 'CORPUS CHRISTI', 'TX', 127, 235.00, '2'),
(726, 'ANNAPOLIS HIGH', 'ANNAPOLIS', 'MD', 127, 999.99, '1'),
(727, 'ANNAPOLIS HIGH SCHOOL', 'DEARBORN HEIGHTS', 'MI', 127, 831.00, '1'),
(728, 'ANNAWAN HIGH SCHOOL', 'ANNAWAN', 'IL', 127, 124.00, '1'),
(729, 'ANNE CARLSEN CENTER', 'JAMESTOWN', 'ND', 127, 49.00, '2'),
(730, 'ANNIE WRIGHT SCHOOL', 'TACOMA', 'WA', 127, 454.00, '2'),
(731, 'ANNISTON HIGH SCH', 'ANNISTON', 'AL', 127, 597.00, '1'),
(732, 'AN-NOOR ACADEMY & DARUL HUDA INS', 'PISCATAWAY', 'NJ', 127, 197.00, '2'),
(733, 'ANNVILLE CLEONA JSHS', 'ANNVILLE', 'PA', 127, 798.00, '1'),
(734, 'ANOKA SENIOR HIGH', 'ANOKA', 'MN', 127, 999.99, '1'),
(735, 'ANOVA CENTER FOR EDUCATION', 'SANTA ROSA', 'CA', 127, 72.00, '2'),
(736, 'ANSELMO-MERNA HIGH SCHOOL', 'MERNA', 'NE', 127, 98.00, '1'),
(737, 'ANSLEY HIGH SCHOOL', 'ANSLEY', 'NE', 127, 89.00, '1'),
(738, 'ANSON CHALLENGE ACADEMY', 'WADESBORO', 'NC', 127, 94.00, '1'),
(739, 'ANSON CO. EARLY COLLEGE HIGH', 'POLKTON', 'NC', 127, 159.00, '1'),
(740, 'ANSON H S', 'ANSON', 'TX', 127, 215.00, '1'),
(741, 'ANSON HIGH', 'WADESBORO', 'NC', 127, 845.00, '1');
INSERT INTO `tbl_highschool_name` (`id`, `name`, `city`, `state`, `zip_code`, `student_count`, `type`) VALUES
(742, 'ANSONIA HIGH SCHOOL', 'ANSONIA', 'CT', 127, 777.00, '1'),
(743, 'ANSONIA HIGH SCHOOL', 'ANSONIA', 'OH', 127, 204.00, '1'),
(744, 'ANTELOPE HIGH', 'ANTELOPE', 'CA', 127, 999.99, '1'),
(745, 'ANTELOPE UNION HIGH SCHOOL', 'WELLTON', 'AZ', 127, 319.00, '1'),
(746, 'ANTELOPE VALLEY CHRISTIAN SCHOOL', 'LANCASTER', 'CA', 127, 318.00, '2'),
(747, 'ANTELOPE VALLEY HIGH', 'LANCASTER', 'CA', 127, 999.99, '1'),
(748, 'ANTELOPE VIEW CHARTER', 'ANTELOPE', 'CA', 127, 162.00, '1'),
(749, 'ANTHONY A. ANDREWS SCHOOL', 'SAINT MICHAEL', 'AK', 127, 156.00, '1'),
(750, 'ANTHONY CHARTER SCHOOL', 'ANTHONY', 'NM', 127, 95.00, '1'),
(751, 'ANTHONY H S', 'ANTHONY', 'TX', 127, 226.00, '1'),
(752, 'ANTHONY WAYNE HIGH SCHOOL', 'WHITEHOUSE', 'OH', 127, 999.99, '1'),
(753, 'ANTIETAM MS/HS', 'READING', 'PA', 127, 497.00, '1'),
(754, 'ANTIGO HIGH', 'ANTIGO', 'WI', 127, 968.00, '1'),
(755, 'ANTIOCH CHRISTIAN SCHOOL', 'ARNOLD', 'MD', 127, 44.00, '2'),
(756, 'ANTIOCH COMM HIGH SCHOOL', 'ANTIOCH', 'IL', 127, 999.99, '1'),
(757, 'ANTIOCH HIGH', 'ANTIOCH', 'CA', 127, 999.99, '1'),
(758, 'ANTIOCH HIGH SCHOOL', 'ANTIOCH', 'TN', 127, 999.99, '1'),
(759, 'ANTLERS HS', 'ANTLERS', 'OK', 127, 294.00, '1'),
(760, 'ANTON H S', 'ANTON', 'TX', 127, 121.00, '1'),
(761, 'ANTONIA PANTOJA HIGH SCHOOL', 'CHICAGO', 'IL', 127, 146.00, '2'),
(762, 'ANTONIAN COLLEGE PREPARATORY HIG', 'SAN ANTONIO', 'TX', 127, 736.00, '2'),
(763, 'ANTONITO HIGH SCHOOL', 'ANTONITO', 'CO', 127, 106.00, '1'),
(764, 'ANTRIM GIRLS SHELTER', 'ANTRIM', 'NH', 127, 7.00, '2'),
(765, 'ANTWERP LOCAL HIGH SCHOOL', 'ANTWERP', 'OH', 127, 215.00, '1'),
(766, 'ANUENUE SCHOOL', 'HONOLULU', 'HI', 127, 378.00, '1'),
(767, 'ANZA VALLEY CHRISTIAN SCHOOL', 'ANZA', 'CA', 127, 31.00, '2'),
(768, 'ANZAR HIGH', 'SAN JUAN BAUTISTA', 'CA', 127, 422.00, '1'),
(769, 'APACHE HS', 'APACHE', 'OK', 127, 187.00, '1'),
(770, 'APACHE JUNCTION HIGH SCHOOL', 'APACHE JUNCTION', 'AZ', 127, 999.99, '1'),
(771, 'APACHE TRAIL HIGH SCHOOL', 'APACHE JUNCTION', 'AZ', 127, 178.00, '1'),
(772, 'APALACHEE HIGH SCHOOL', 'WINDER', 'GA', 127, 999.99, '1'),
(773, 'APALACHICOLA FOREST YOUTH CAMP', 'HOSFORD', 'FL', 127, 40.00, '2'),
(774, 'APEX HIGH', 'APEX', 'NC', 127, 999.99, '1'),
(775, 'APLINGTON PARKERSBURG HIGH SCHOOL', 'PARKERSBURG', 'IA', 127, 246.00, '1'),
(776, 'APOLLO HIGH SCHOOL', 'GLENDALE', 'AZ', 127, 999.99, '1'),
(777, 'APOLLO HIGH SCHOOL', 'OWENSBORO', 'KY', 127, 999.99, '1'),
(778, 'APOLLO SENIOR HIGH', 'SAINT CLOUD', 'MN', 127, 999.99, '1'),
(779, 'APOLLO-RIDGE HS', 'SPRING CHURCH', 'PA', 127, 459.00, '1'),
(780, 'APOPKA HIGH', 'APOPKA', 'FL', 127, 999.99, '1'),
(781, 'APOSTOLIC ACADEMY', 'JUNCTION CITY', 'KS', 127, 121.00, '2'),
(782, 'APOSTOLIC CHRISTIAN ACADEMY', 'PASADENA', 'TX', 127, 35.00, '2'),
(783, 'APOSTOLIC CHRISTIAN ACADEMY', 'MARYVILLE', 'TN', 127, 151.00, '2'),
(784, 'APOSTOLIC CHRISTIAN ACADEMY', 'TOLEDO', 'OH', 127, 105.00, '2'),
(785, 'APOSTOLIC CHRISTIAN ACADEMY', 'BREWER', 'ME', 127, 19.00, '2'),
(786, 'APOSTOLIC CHRISTIAN ACADEMY', 'LAFAYETTE', 'IN', 127, 10.00, '2'),
(787, 'APOSTOLIC CHRISTIAN ACADEMY', 'STOCKTON', 'CA', 127, 25.00, '2'),
(788, 'APOSTOLIC CHRISTIAN SCHOOL', 'KNOXVILLE', 'TN', 127, 156.00, '2'),
(789, 'APOSTOLIC CHRISTIAN SCHOOL', 'REEDS SPRING', 'MO', 127, 8.00, '2'),
(790, 'APOSTOLIC GOSPEL ACADEMY', 'KINGSPORT', 'TN', 127, 24.00, '2'),
(791, 'APOSTOLIC PRAISE CHRISTIAN ACADE', 'DIXON', 'NM', 127, 6.00, '2'),
(792, 'APOSTOLIC TABERNACLE SCHOOL', 'WINNSBORO', 'LA', 127, 48.00, '2'),
(793, 'APPALACHIA HIGH', 'APPALACHIA', 'VA', 127, 270.00, '1'),
(794, 'APPALACHIAN CHRISTIAN SCHOOL', 'KINGSPORT', 'TN', 127, 24.00, '2'),
(795, 'APPALACHIAN SCH', 'ONEONTA', 'AL', 127, 686.00, '1'),
(796, 'APPLE SPRINGS H S', 'APPLE SPRINGS', 'TX', 127, 106.00, '1'),
(797, 'APPLE VALLEY CHRISTIAN SCHOOL', 'APPLE VALLEY', 'CA', 127, 193.00, '2'),
(798, 'APPLE VALLEY HIGH', 'APPLE VALLEY', 'CA', 127, 999.99, '1'),
(799, 'APPLE VALLEY SENIOR HIGH', 'APPLE VALLEY', 'MN', 127, 999.99, '1'),
(800, 'APPLETON CENTRAL HIGH', 'APPLETON', 'WI', 127, 107.00, '1'),
(801, 'APPLETON CITY HIGH', 'APPLETON CITY', 'MO', 127, 191.00, '1'),
(802, 'APPLETON ESCHOOL', 'APPLETON', 'WI', 127, 24.00, '1'),
(803, 'APPLEWOOD CHRISTIAN SCHOOL', 'SEDALIA', 'MO', 127, 90.00, '2'),
(804, 'APPLING CHRISTIAN ACADEMY', 'BAXLEY', 'GA', 127, 181.00, '2'),
(805, 'APPLING COUNTY HIGH SCHOOL', 'BAXLEY', 'GA', 127, 912.00, '1'),
(806, 'APPOMATTOX COUNTY HIGH', 'APPOMATTOX', 'VA', 127, 673.00, '1'),
(807, 'APPONAUG CHRISTIAN ACADEMY', 'WARWICK', 'RI', 127, 27.00, '2'),
(808, 'APPONEQUET REGIONAL HIGH', 'LAKEVILLE', 'MA', 127, 812.00, '1'),
(809, 'APPOQUINIMINK HIGH SCHOOL', 'MIDDLETOWN', 'DE', 127, 999.99, '1'),
(810, 'APPRENDE PRIVATE SCHOOL', 'SAINT LOUIS', 'MO', 127, 31.00, '2'),
(811, 'APTOS HIGH', 'APTOS', 'CA', 127, 999.99, '1'),
(812, 'AQQALUK HIGH/NOORVIK ELEMENTARY', 'NOORVIK', 'AK', 127, 207.00, '1'),
(813, 'AQSA SCHOOL', 'BRIDGEVIEW', 'IL', 127, 259.00, '2'),
(814, 'AQUIDNECK ISLAND CHRISTIAN ACADE', 'MIDDLETOWN', 'RI', 127, 47.00, '2'),
(815, 'AQUILLA SCHOOL', 'AQUILLA', 'TX', 127, 237.00, '1'),
(816, 'AQUIN CATHOLIC JR SR HIGH SCHOOL', 'FREEPORT', 'IL', 127, 153.00, '2'),
(817, 'AQUINAS ACADEMY', 'GIBSONIA', 'PA', 127, 301.00, '2'),
(818, 'AQUINAS ACADEMY INC', 'BEAR', 'DE', 127, 96.00, '2'),
(819, 'AQUINAS HIGH SCHOOL', 'LA CROSSE', 'WI', 127, 345.00, '2'),
(820, 'AQUINAS HIGH SCHOOL', 'BRONX', 'NY', 127, 673.00, '2'),
(821, 'AQUINAS HIGH SCHOOL', 'SAN BERNARDINO', 'CA', 127, 355.00, '2'),
(822, 'AQUINAS INSTITUTE', 'ROCHESTER', 'NY', 127, 888.00, '2'),
(823, 'AQUINAS MIDDLE HIGH SCHOOL', 'DAVID CITY', 'NE', 127, 241.00, '2'),
(824, 'ARAB HIGH SCH', 'ARAB', 'AL', 127, 739.00, '1'),
(825, 'ARAGON HIGH', 'SAN MATEO', 'CA', 127, 999.99, '1'),
(826, 'ARANSAS PASS H S', 'ARANSAS PASS', 'TX', 127, 505.00, '1'),
(827, 'ARAPAHO-BUTLER HS', 'ARAPAHO', 'OK', 127, 88.00, '1'),
(828, 'ARAPAHOE CHARTER HIGH SCHOOL', 'RIVERTON', 'WY', 127, 50.00, '1'),
(829, 'ARAPAHOE HIGH SCHOOL', 'LITTLETON', 'CO', 127, 999.99, '1'),
(830, 'ARAPAHOE HIGH SCHOOL', 'ARAPAHOE', 'NE', 127, 150.00, '1'),
(831, 'ARAPAHOE RIDGE HIGH SCHOOL', 'BOULDER', 'CO', 127, 176.00, '1'),
(832, 'ARBOR ACADEMY', 'THOUSAND OAKS', 'CA', 127, 92.00, '2'),
(833, 'ARBOR CHRISTIAN ACADEMY', 'AMARILLO', 'TX', 127, 444.00, '2'),
(834, 'ARCADIA HIGH', 'ARCADIA', 'CA', 127, 999.99, '1'),
(835, 'ARCADIA HIGH', 'OAK HALL', 'VA', 127, 629.00, '1'),
(836, 'ARCADIA HIGH', 'ARCADIA', 'WI', 127, 330.00, '1'),
(837, 'ARCADIA HIGH SCHOOL', 'PHOENIX', 'AZ', 127, 999.99, '1'),
(838, 'ARCADIA HIGH SCHOOL', 'ARCADIA', 'LA', 127, 310.00, '1'),
(839, 'ARCADIA HIGH SCHOOL', 'ARCADIA', 'NE', 127, 63.00, '1'),
(840, 'ARCADIA HIGH SCHOOL', 'ROCHESTER', 'NY', 127, 999.99, '1'),
(841, 'ARCADIA HIGH SCHOOL', 'ARCADIA', 'OH', 127, 197.00, '1'),
(842, 'ARCADIA VALLEY HIGH', 'IRONTON', 'MO', 127, 384.00, '1'),
(843, 'ARCANUM HIGH SCHOOL', 'ARCANUM', 'OH', 127, 238.00, '1'),
(844, 'ARCATA HIGH', 'ARCATA', 'CA', 127, 834.00, '1'),
(845, 'ARCH BISHOP MOELLER HIGH SCHOOL', 'CINCINNATI', 'OH', 127, 940.00, '2'),
(846, 'ARCHANGEL SCHOOL', 'ROCHESTER', 'NY', 127, 78.00, '2'),
(847, 'ARCHBISHOP BERGAN MIDDLE & HIGH', 'FREMONT', 'NE', 127, 367.00, '2'),
(848, 'ARCHBISHOP CARROLL HIGH SCHOOL', 'MIAMI', 'FL', 127, 602.00, '2'),
(849, 'ARCHBISHOP CHAPELLE HIGH SCHOOL', 'METAIRIE', 'LA', 127, 877.00, '2'),
(850, 'ARCHBISHOP CURLEY HIGH SCHOOL', 'BALTIMORE', 'MD', 127, 560.00, '2'),
(851, 'ARCHBISHOP CURLEY NOTRE DAME HIG', 'MIAMI', 'FL', 127, 294.00, '2'),
(852, 'ARCHBISHOP EDWARD MCCARTHY HIGH', 'SOUTHWEST RANCHES', 'FL', 127, 999.99, '2'),
(853, 'ARCHBISHOP HANNA HIGH SCHOOL', 'SONOMA', 'CA', 127, 103.00, '2'),
(854, 'ARCHBISHOP HANNAN HIGH SCHOOL', 'COVINGTON', 'LA', 127, 271.00, '2'),
(855, 'ARCHBISHOP HOBAN HIGH SCHOOL', 'AKRON', 'OH', 127, 875.00, '2'),
(856, 'ARCHBISHOP JOHN CARROLL HIGH SCH', 'RADNOR', 'PA', 127, 977.00, '2'),
(857, 'ARCHBISHOP MCNICHOLAS HIGH SCHOO', 'CINCINNATI', 'OH', 127, 706.00, '2'),
(858, 'ARCHBISHOP MOLLOY HIGH SCHOOL', 'BRIARWOOD', 'NY', 127, 999.99, '2'),
(859, 'ARCHBISHOP MURPHY HIGH SCHOOL', 'EVERETT', 'WA', 127, 579.00, '2'),
(860, 'ARCHBISHOP O'' HARA HIGH SCHOOL', 'KANSAS CITY', 'MO', 127, 400.00, '2'),
(861, 'ARCHBISHOP PRENDERGAST HIGH SCHO', 'DREXEL HILL', 'PA', 127, 999.99, '2'),
(862, 'ARCHBISHOP RIORDAN HIGH SCHOOL', 'SAN FRANCISCO', 'CA', 127, 576.00, '2'),
(863, 'ARCHBISHOP RUMMEL HIGH SCHOOL', 'METAIRIE', 'LA', 127, 977.00, '2'),
(864, 'ARCHBISHOP RYAN HIGH SCHOOL', 'PHILADELPHIA', 'PA', 127, 999.99, '2'),
(865, 'ARCHBISHOP SHAW HIGH SCHOOL', 'MARRERO', 'LA', 127, 611.00, '2'),
(866, 'ARCHBISHOP SPALDING HIGH SCHOOL', 'SEVERN', 'MD', 127, 999.99, '2'),
(867, 'ARCHBISHOP STEPINAC HIGH SCHOOL', 'WHITE PLAINS', 'NY', 127, 557.00, '2'),
(868, 'ARCHBISHOP WALSH HIGH SCHOOL', 'OLEAN', 'NY', 127, 60.00, '2'),
(869, 'ARCHBISHOP WILLIAMS HIGH SCHOOL', 'BRAINTREE', 'MA', 127, 530.00, '2'),
(870, 'ARCHBISHOP WOOD HIGH SCHOOL', 'WARMINSTER', 'PA', 127, 999.99, '2'),
(871, 'ARCHBOLD HIGH SCHOOL', 'ARCHBOLD', 'OH', 127, 377.00, '1'),
(872, 'ARCHER CITY H S', 'ARCHER CITY', 'TX', 127, 221.00, '1'),
(873, 'ARCHER HIGH SCHOOL', 'LAWRENCEVILLE', 'GA', 127, 999.99, '1'),
(874, 'ARCHER SCHOOL FOR GIRLS', 'LOS ANGELES', 'CA', 127, 442.00, '2'),
(875, 'ARCHIBALD RUTLEDGE ACADEMY', 'MC CLELLANVILLE', 'SC', 127, 27.00, '2'),
(876, 'ARCHIE HIGH', 'ARCHIE', 'MO', 127, 290.00, '1'),
(877, 'ARCHIMEDEAN UPPER CONSERVATORY CHARTER SCHOOL', 'MIAMI', 'FL', 127, 102.00, '1'),
(878, 'ARCHMERE ACADEMY', 'CLAYMONT', 'DE', 127, 476.00, '2'),
(879, 'ARCHWAY INC', 'LEICESTER', 'MA', 127, 13.00, '2'),
(880, 'ARCOLA HIGH SCHOOL', 'ARCOLA', 'IL', 127, 305.00, '1'),
(881, 'ARCTIC VILLAGE SCHOOL', 'ARCTIC VILLAGE', 'AK', 127, 31.00, '1'),
(882, 'ARDEN CHRISTIAN SCHOOL', 'ARDEN', 'NC', 127, 21.00, '2'),
(883, 'ARDMORE HIGH SCH', 'ARDMORE', 'AL', 127, 930.00, '1'),
(884, 'ARDMORE HS', 'ARDMORE', 'OK', 127, 802.00, '1'),
(885, 'ARDREY KELL HIGH', 'CHARLOTTE', 'NC', 127, 999.99, '1'),
(886, 'ARDSLEY HIGH SCHOOL', 'ARDSLEY', 'NY', 127, 750.00, '1'),
(887, 'ARENAC EASTERN MIDDLE/HIGH SCHOOL', 'TWINING', 'MI', 127, 163.00, '1'),
(888, 'ARENDELL PARROTT ACADEMY', 'KINSTON', 'NC', 127, 709.00, '2'),
(889, 'ARGENTA-OREANA HIGH SCHOOL', 'ARGENTA', 'IL', 127, 305.00, '1'),
(890, 'ARGO COMMUNITY HIGH SCHOOL', 'SUMMIT', 'IL', 127, 999.99, '1'),
(891, 'ARGONAUT HIGH', 'JACKSON', 'CA', 127, 673.00, '1'),
(892, 'ARGONIA HIGH', 'ARGONIA', 'KS', 127, 107.00, '1'),
(893, 'ARGOS COMM JR-SR HIGH SCHOOL', 'ARGOS', 'IN', 127, 305.00, '1'),
(894, 'ARGYLE H S', 'ARGYLE', 'TX', 127, 611.00, '1'),
(895, 'ARGYLE HIGH', 'ARGYLE', 'WI', 127, 180.00, '1'),
(896, 'ARGYLE JUNIOR/SENIOR HIGH SCHOOL', 'ARGYLE', 'NY', 127, 343.00, '1'),
(897, 'ARICKAREE UNDIVIDED HIGH SCHOOL', 'ANTON', 'CO', 127, 30.00, '1'),
(898, 'ARISE HIGH', 'OAKLAND', 'CA', 127, 190.00, '1'),
(899, 'ARITON SCH', 'ARITON', 'AL', 127, 660.00, '1'),
(900, 'ARIZONA AGRIBUSINESS & EQUINE CENTER - RED MOUNTAI', 'MESA', 'AZ', 127, 157.00, '1'),
(901, 'ARIZONA CALL-A-TEEN CENTER FOR EXCELLENCE', 'PHOENIX', 'AZ', 127, 117.00, '1'),
(902, 'ARIZONA CHARTER ACADEMY', 'SURPRISE', 'AZ', 127, 487.00, '1'),
(903, 'ARIZONA CONNECTIONS ACADEMY', 'MESA', 'AZ', 127, 974.00, '1'),
(904, 'ARIZONA CULTURAL ACADEMY', 'PHOENIX', 'AZ', 127, 211.00, '2'),
(905, 'ARIZONA LUTHERAN ACADEMY', 'PHOENIX', 'AZ', 127, 188.00, '2'),
(906, 'ARIZONA SCHOOL FOR THE ARTS', 'PHOENIX', 'AZ', 127, 592.00, '1'),
(907, 'ARIZONA VIRTUAL ACADEMY', 'PHOENIX', 'AZ', 127, 999.99, '1'),
(908, 'ARK CITY CHRISTIAN ACADEMY', 'ARKANSAS CITY', 'KS', 127, 79.00, '2'),
(909, 'ARKADELPHIA HIGH SCHOOL', 'ARKADELPHIA', 'AR', 127, 592.00, '1'),
(910, 'ARKANSAS BAPTIST SCHOOL SYSTEM', 'LITTLE ROCK', 'AR', 127, 711.00, '2'),
(911, 'ARKANSAS CITY HIGH', 'ARKANSAS CITY', 'KS', 127, 790.00, '1'),
(912, 'ARKANSAS CORRECTIONAL SCHOOL', 'PINE BLUFF', 'AR', 127, 0.00, '1'),
(913, 'ARKANSAS HIGH SCHOOL', 'TEXARKANA', 'AR', 127, 999.99, '1'),
(914, 'ARKOMA HS', 'ARKOMA', 'OK', 127, 70.00, '1'),
(915, 'ARKPORT CENTRAL SCHOOL', 'ARKPORT', 'NY', 127, 589.00, '1'),
(916, 'ARLEE HIGH SCHOOL', 'ARLEE', 'MT', 127, 126.00, '1'),
(917, 'ARLETA HIGH', 'ARLETA', 'CA', 127, 999.99, '1'),
(918, 'ARLINGTON & WINDSOR ACADEMY OF M', 'MIAMI LAKES', 'FL', 127, 50.00, '2'),
(919, 'ARLINGTON BAPTIST SCHOOL', 'BALTIMORE', 'MD', 127, 171.00, '2'),
(920, 'ARLINGTON CATHOLIC HIGH SCHOOL', 'ARLINGTON', 'MA', 127, 755.00, '2'),
(921, 'ARLINGTON CHRISTIAN SCHOOL', 'ARLINGTON', 'WA', 127, 56.00, '2'),
(922, 'ARLINGTON CHRISTIAN SCHOOL', 'FAIRBURN', 'GA', 127, 326.00, '2'),
(923, 'ARLINGTON CHRISTIAN SCHOOL', 'RICHMOND', 'CA', 127, 56.00, '2'),
(924, 'ARLINGTON COMMUNITY HIGH SCHOOL', 'INDIANAPOLIS', 'IN', 127, 999.99, '1'),
(925, 'ARLINGTON COUNTRY DAY SCHOOL', 'JACKSONVILLE', 'FL', 127, 326.00, '2'),
(926, 'ARLINGTON H S', 'ARLINGTON', 'TX', 127, 999.99, '1'),
(927, 'ARLINGTON HEIGHTS ACADEMY', 'CINCINNATI', 'OH', 127, 54.00, '1'),
(928, 'ARLINGTON HEIGHTS H S', 'FORT WORTH', 'TX', 127, 999.99, '1'),
(929, 'ARLINGTON HIGH', 'RIVERSIDE', 'CA', 127, 999.99, '1'),
(930, 'ARLINGTON HIGH', 'ARLINGTON', 'MA', 127, 999.99, '1'),
(931, 'ARLINGTON HIGH SCHOOL', 'ARLINGTON', 'NE', 127, 303.00, '1'),
(932, 'ARLINGTON HIGH SCHOOL', 'LAGRANGEVILLE', 'NY', 127, 999.99, '1'),
(933, 'ARLINGTON HIGH SCHOOL', 'ARLINGTON', 'OR', 127, 42.00, '1'),
(934, 'ARLINGTON HIGH SCHOOL', 'ARLINGTON', 'TN', 127, 999.99, '1'),
(935, 'ARLINGTON HIGH SCHOOL', 'ARLINGTON', 'WA', 127, 999.99, '1'),
(936, 'ARLINGTON HIGH SCHOOL - 01', 'ARLINGTON', 'SD', 127, 101.00, '1'),
(937, 'ARLINGTON LOCAL HIGH SCHOOL', 'ARLINGTON', 'OH', 127, 308.00, '1'),
(938, 'ARLINGTON MEMORIAL', 'ARLINGTON', 'VT', 127, 186.00, '1'),
(939, 'ARLINGTON SCHOOL', 'BIRMINGHAM', 'AL', 127, 25.00, '2'),
(940, 'ARLINGTON SCHOOL', 'BELMONT', 'MA', 127, 27.00, '2'),
(941, 'ARLINGTON SENIOR HIGH', 'SAINT PAUL', 'MN', 127, 875.00, '1'),
(942, 'ARLYN DAY SCHOOL', 'WILMETTE', 'IL', 127, 27.00, '2'),
(943, 'ARMADA HIGH SCHOOL', 'ARMADA', 'MI', 127, 641.00, '1'),
(944, 'ARMADILLO TECHNICAL INSTITUTE', 'PHOENIX', 'OR', 127, 112.00, '1'),
(945, 'ARMENIAN MESROBIAN SCHOOL', 'PICO RIVERA', 'CA', 127, 201.00, '2'),
(946, 'ARMIJO HIGH', 'FAIRFIELD', 'CA', 127, 999.99, '1'),
(947, 'ARMONA UNION ACADEMY', 'ARMONA', 'CA', 127, 115.00, '2'),
(948, 'ARMOREL HIGH SCHOOL', 'ARMOREL', 'AR', 127, 202.00, '1'),
(949, 'ARMOUR HIGH SCHOOL - 01', 'ARMOUR', 'SD', 127, 57.00, '1'),
(950, 'ARMSTRONG HIGH', 'RICHMOND', 'VA', 127, 999.99, '1'),
(951, 'ARMSTRONG HIGH SCHOOL', 'ARMSTRONG', 'IL', 127, 163.00, '1'),
(952, 'ARMSTRONG-RINGSTED MS/HIGH SCHOOL', 'ARMSTRONG', 'IA', 127, 223.00, '1'),
(953, 'ARMUCHEE HIGH SCHOOL', 'ROME', 'GA', 127, 625.00, '1'),
(954, 'ARMWOOD HIGH SCHOOL', 'SEFFNER', 'FL', 127, 999.99, '1'),
(955, 'ARMY & NAVY ACADEMY', 'CARLSBAD', 'CA', 127, 287.00, '2'),
(956, 'ARNETT HS', 'ARNETT', 'OK', 127, 51.00, '1'),
(957, 'ARNOLD HIGH SCHOOL', 'ARNOLD', 'NE', 127, 56.00, '1'),
(958, 'ARNOLD O. BECKMAN HIGH', 'TUSTIN', 'CA', 127, 999.99, '1'),
(959, 'ARONA ACADEMY OF SOBRIETY HIGH', 'COON RAPIDS', 'MN', 127, 34.00, '1'),
(960, 'ARP H S', 'ARP', 'TX', 127, 285.00, '1'),
(961, 'ARROWHEAD CHRISTIAN ACADEMY', 'GLENDALE', 'AZ', 127, 160.00, '2'),
(962, 'ARROWHEAD CHRISTIAN ACADEMY', 'REDLANDS', 'CA', 127, 440.00, '2'),
(963, 'ARROWHEAD HIGH', 'HARTLAND', 'WI', 127, 999.99, '1'),
(964, 'ARROYO GRANDE HIGH', 'ARROYO GRANDE', 'CA', 127, 999.99, '1'),
(965, 'ARROYO HIGH', 'SAN LORENZO', 'CA', 127, 999.99, '1'),
(966, 'ARROYO HIGH', 'EL MONTE', 'CA', 127, 999.99, '1'),
(967, 'ARROYO PACIFIC ACADEMY', 'ARCADIA', 'CA', 127, 84.00, '2'),
(968, 'ARROYO PASEO CHARTER HIGH', 'SAN DIEGO', 'CA', 127, 169.00, '1'),
(969, 'ARROYO VALLEY HIGH', 'SAN BERNARDINO', 'CA', 127, 999.99, '1'),
(970, 'ARRUPE JESUIT HIGH SCHOOL', 'DENVER', 'CO', 127, 300.00, '2'),
(971, 'ARSENAL TECHNICAL HIGH SCHOOL', 'INDIANAPOLIS', 'IN', 127, 999.99, '1'),
(972, 'ART AND DESIGN HIGH SCHOOL', 'NEW YORK', 'NY', 127, 999.99, '1'),
(973, 'ARTEC CHARTER SCHOOL', 'RUPERT', 'ID', 127, 207.00, '1'),
(974, 'ARTECH', 'NORTHFIELD', 'MN', 127, 125.00, '1'),
(975, 'ARTESIA HIGH', 'LAKEWOOD', 'CA', 127, 999.99, '1'),
(976, 'ARTESIA HIGH', 'ARTESIA', 'NM', 127, 740.00, '1'),
(977, 'ARTHUR A. BENJAMIN HEALTH PROFESSIONS HIGH', 'SACRAMENTO', 'CA', 127, 475.00, '1'),
(978, 'ARTHUR CHRISTIAN SCHOOL', 'ARTHUR', 'IL', 127, 55.00, '2'),
(979, 'ARTHUR COUNTY HIGH SCHOOL', 'ARTHUR', 'NE', 127, 36.00, '1'),
(980, 'ARTHUR HILL HIGH SCHOOL', 'SAGINAW', 'MI', 127, 999.99, '1'),
(981, 'ARTHUR L JOHNSON H S', 'CLARK', 'NJ', 127, 874.00, '1'),
(982, 'ARTHUR P SCHALICK H S', 'PITTSGROVE', 'NJ', 127, 606.00, '1'),
(983, 'ARTHUR R. GOULD SCH--LCYDC', 'SOUTH PORTLAND', 'ME', 127, 28.00, '1'),
(984, 'ARTHUR SR HIGH SCHOOL', 'ARTHUR', 'IL', 127, 112.00, '1'),
(985, 'ARTS', 'NEWARK', 'NJ', 127, 559.00, '1'),
(986, 'ARTS & ACADEMICS ACADEMY', 'SEATTLE', 'WA', 127, 328.00, '1'),
(987, 'ARTS & COLLEGE PREPARATORY ACADEMY', 'COLUMBUS', 'OH', 127, 254.00, '1'),
(988, 'ARTS & COMMUNICATION HIGH SCHOOL', 'BEAVERTON', 'OR', 127, 335.00, '1'),
(989, 'ARTS & ETHICS ACADEMY WASC ACCREDITED CHARTER HIGH', 'SANTA ROSA', 'CA', 127, 47.00, '1'),
(990, 'ARTS & HUMANITIES FOCUS PRGM', 'LINCOLN', 'NE', 127, 0.00, '1'),
(991, 'ARTS ACADEMY IN THE WOODS', 'FRASER', 'MI', 127, 278.00, '1'),
(992, 'ARTS ACADEMY, THE', 'LORAIN', 'OH', 127, 228.00, '1'),
(993, 'ARTS, COMMUNICATION & TECHNOLOGY SCHOOL', 'PORTLAND', 'OR', 127, 272.00, '1'),
(994, 'ARUNDEL HIGH', 'GAMBRILLS', 'MD', 127, 999.99, '1'),
(995, 'ARVADA HIGH SCHOOL', 'ARVADA', 'CO', 127, 999.99, '1'),
(996, 'ARVADA WEST HIGH SCHOOL', 'ARVADA', 'CO', 127, 999.99, '1'),
(997, 'ARVADA-CLEARMONT HIGH SCHOOL', 'CLEARMONT', 'WY', 127, 37.00, '1'),
(998, 'ARVIN HIGH', 'ARVIN', 'CA', 127, 999.99, '1'),
(999, 'ARVIQ SCHOOL', 'PLATINUM', 'AK', 127, 12.00, '1'),
(1000, 'ASA CHARTER', 'SAN BERNARDINO', 'CA', 127, 0.00, '1');

-- --------------------------------------------------------

--
-- Table structure for table `tbl_highschool_profile`
--

CREATE TABLE IF NOT EXISTS `tbl_highschool_profile` (
  `id` int(10) unsigned NOT NULL AUTO_INCREMENT,
  `user_id` int(10) unsigned NOT NULL,
  `highSchool_id` mediumint(10) DEFAULT NULL,
  `start_date` date DEFAULT NULL,
  `last_date` date DEFAULT NULL,
  `create_time` datetime DEFAULT NULL,
  `create_user_id` int(10) unsigned DEFAULT NULL,
  `update_time` datetime DEFAULT NULL,
  `update_user_id` int(10) unsigned DEFAULT NULL,
  PRIMARY KEY (`id`),
  KEY `USER` (`user_id`),
  KEY `HS` (`highSchool_id`)
) ENGINE=InnoDB DEFAULT CHARSET=latin1 AUTO_INCREMENT=1 ;

--
-- Dumping data for table `tbl_highschool_profile`
--


-- --------------------------------------------------------

--
-- Table structure for table `tbl_language_profile`
--

CREATE TABLE IF NOT EXISTS `tbl_language_profile` (
  `id` int(10) unsigned NOT NULL AUTO_INCREMENT,
  `user_id` int(10) unsigned NOT NULL,
  `language_id` varchar(3) COLLATE utf8_bin NOT NULL,
  `fluency` int(3) NOT NULL,
  `create_time` datetime DEFAULT NULL,
  `create_user_id` int(10) DEFAULT NULL,
  `update_time` datetime DEFAULT NULL,
  `update_user_id` int(10) DEFAULT NULL,
  PRIMARY KEY (`id`)
) ENGINE=InnoDB  DEFAULT CHARSET=utf8 COLLATE=utf8_bin AUTO_INCREMENT=389 ;

--
-- Dumping data for table `tbl_language_profile`
--

INSERT INTO `tbl_language_profile` (`id`, `user_id`, `language_id`, `fluency`, `create_time`, `create_user_id`, `update_time`, `update_user_id`) VALUES
(2, 28, 'A1', 4, '0000-00-00 00:00:00', 0, '0000-00-00 00:00:00', 0),
(4, 28, 'AP', 3, '2011-10-25 09:50:12', 28, '2011-10-25 09:50:12', 28),
(5, 28, 'AK', 1, '2011-10-25 09:52:41', 28, '2011-10-25 09:52:41', 28),
(6, 28, 'AC', 1, '2011-10-25 10:29:51', 28, '2011-10-25 10:29:51', 28),
(7, 33, 'A6', 1, '2011-11-03 00:17:37', 33, '2011-11-03 00:17:37', 33),
(8, 66, 'BI', 2, '2011-11-07 22:28:28', 66, '2011-11-07 22:28:28', 66),
(9, 67, 'CB', 1, '2011-11-07 22:42:01', 67, '2011-11-07 22:42:01', 67),
(10, 68, 'AJ', 4, '2011-11-07 22:56:10', 68, '2011-11-07 22:56:10', 68),
(11, 73, 'AI', 4, '2011-11-08 15:22:02', 73, '2011-11-08 15:22:02', 73),
(12, 74, 'CB', 2, '2011-11-08 20:17:41', 74, '2011-11-08 20:17:41', 74),
(13, 78, 'AW', 5, '2011-11-08 21:54:41', 78, '2011-11-08 21:54:41', 78),
(14, 80, 'BW', 2, '2011-11-08 22:29:18', 80, '2011-11-08 22:29:18', 80),
(15, 82, 'AV', 2, '2011-11-08 22:37:45', 82, '2011-11-08 22:37:45', 82),
(20, 93, 'AW', 1, '2011-11-25 22:03:36', 93, '2011-11-25 22:03:36', 93),
(21, 93, 'AL', 3, '2011-11-25 22:03:36', 93, '2011-11-25 22:03:36', 93),
(26, 98, 'A4', 3, '2011-11-25 23:33:53', 98, '2011-11-25 23:33:53', 98),
(27, 98, 'A2', 5, '2011-11-25 23:33:53', 98, '2011-11-25 23:33:53', 98),
(30, 103, 'A7', 5, '2011-12-05 14:42:46', 103, '2011-12-05 14:42:46', 103),
(36, 104, 'BS', 3, '2011-12-05 22:32:33', 104, '2011-12-05 22:32:33', 104),
(37, 104, 'AA', 1, '2011-12-05 22:32:33', 104, '2011-12-05 22:32:33', 104),
(43, 10000020, 'BK', 0, NULL, NULL, NULL, NULL),
(44, 10000020, 'BN', 2, NULL, NULL, NULL, NULL),
(45, 10000020, 'AG', 4, NULL, NULL, NULL, NULL),
(46, 10000020, 'BJ', 5, NULL, NULL, NULL, NULL),
(47, 10000021, 'BT', 0, NULL, NULL, NULL, NULL),
(48, 10000021, 'A4', 4, NULL, NULL, NULL, NULL),
(49, 10000021, 'AZ', 0, NULL, NULL, NULL, NULL),
(50, 10000021, 'CE', 2, NULL, NULL, NULL, NULL),
(51, 10000022, 'AC', 5, NULL, NULL, NULL, NULL),
(52, 10000022, 'A9', 4, NULL, NULL, NULL, NULL),
(53, 10000022, 'BI', 2, NULL, NULL, NULL, NULL),
(54, 10000022, 'BR', 3, NULL, NULL, NULL, NULL),
(55, 10000023, 'BG', 5, NULL, NULL, NULL, NULL),
(56, 10000025, 'AL', 2, NULL, NULL, NULL, NULL),
(57, 10000026, 'CA', 2, NULL, NULL, NULL, NULL),
(58, 10000026, 'AH', 0, NULL, NULL, NULL, NULL),
(59, 10000026, 'AR', 1, NULL, NULL, NULL, NULL),
(60, 10000026, 'AC', 3, NULL, NULL, NULL, NULL),
(61, 10000028, 'BI', 0, NULL, NULL, NULL, NULL),
(62, 10000029, 'AK', 4, NULL, NULL, NULL, NULL),
(63, 10000029, 'AA', 3, NULL, NULL, NULL, NULL),
(64, 10000030, 'CN', 0, NULL, NULL, NULL, NULL),
(65, 10000030, 'A1', 0, NULL, NULL, NULL, NULL),
(66, 10000031, 'AK', 0, NULL, NULL, NULL, NULL),
(67, 10000031, 'A9', 5, NULL, NULL, NULL, NULL),
(68, 10000031, 'BD', 0, NULL, NULL, NULL, NULL),
(69, 10000032, 'BH', 5, NULL, NULL, NULL, NULL),
(70, 10000032, 'BU', 5, NULL, NULL, NULL, NULL),
(71, 10000033, 'CN', 0, NULL, NULL, NULL, NULL),
(72, 10000033, 'A7', 0, NULL, NULL, NULL, NULL),
(73, 10000033, 'AV', 0, NULL, NULL, NULL, NULL),
(74, 10000034, 'AA', 0, NULL, NULL, NULL, NULL),
(75, 10000034, 'BF', 3, NULL, NULL, NULL, NULL),
(76, 10000035, 'A2', 3, NULL, NULL, NULL, NULL),
(77, 10000035, 'BZ', 1, NULL, NULL, NULL, NULL),
(78, 10000036, 'A1', 4, NULL, NULL, NULL, NULL),
(79, 10000036, 'CM', 2, NULL, NULL, NULL, NULL),
(80, 10000036, 'AR', 0, NULL, NULL, NULL, NULL),
(81, 10000037, 'AO', 4, NULL, NULL, NULL, NULL),
(82, 10000037, 'BJ', 5, NULL, NULL, NULL, NULL),
(83, 10000037, 'BO', 5, NULL, NULL, NULL, NULL),
(84, 10000037, 'AF', 3, NULL, NULL, NULL, NULL),
(85, 10000038, 'AW', 0, NULL, NULL, NULL, NULL),
(86, 10000038, 'AT', 3, NULL, NULL, NULL, NULL),
(87, 10000038, 'CJ', 5, NULL, NULL, NULL, NULL),
(88, 10000038, 'A9', 0, NULL, NULL, NULL, NULL),
(89, 10000040, 'BK', 3, NULL, NULL, NULL, NULL),
(90, 10000040, 'AJ', 3, NULL, NULL, NULL, NULL),
(91, 10000041, 'AA', 1, NULL, NULL, NULL, NULL),
(92, 10000041, 'CF', 2, NULL, NULL, NULL, NULL),
(93, 10000041, 'A2', 0, NULL, NULL, NULL, NULL),
(94, 10000041, 'AF', 2, NULL, NULL, NULL, NULL),
(95, 10000042, 'BS', 5, NULL, NULL, NULL, NULL),
(96, 10000042, 'CE', 5, NULL, NULL, NULL, NULL),
(97, 10000043, 'BM', 1, NULL, NULL, NULL, NULL),
(98, 10000043, 'BG', 1, NULL, NULL, NULL, NULL),
(99, 10000043, 'AD', 1, NULL, NULL, NULL, NULL),
(100, 10000044, 'AJ', 0, NULL, NULL, NULL, NULL),
(101, 10000045, 'BC', 5, NULL, NULL, NULL, NULL),
(102, 10000045, 'BM', 0, NULL, NULL, NULL, NULL),
(103, 10000045, 'BK', 2, NULL, NULL, NULL, NULL),
(104, 10000046, 'AO', 3, NULL, NULL, NULL, NULL),
(105, 10000046, 'BK', 3, NULL, NULL, NULL, NULL),
(106, 10000046, 'AZ', 2, NULL, NULL, NULL, NULL),
(107, 10000047, 'AB', 4, NULL, NULL, NULL, NULL),
(108, 10000048, 'CE', 5, NULL, NULL, NULL, NULL),
(109, 10000048, 'BI', 0, NULL, NULL, NULL, NULL),
(110, 10000048, 'BA', 5, NULL, NULL, NULL, NULL),
(111, 10000049, 'AY', 4, NULL, NULL, NULL, NULL),
(112, 10000049, 'BH', 3, NULL, NULL, NULL, NULL),
(113, 10000049, 'CJ', 5, NULL, NULL, NULL, NULL),
(114, 10000050, 'A5', 4, NULL, NULL, NULL, NULL),
(115, 10000050, 'AU', 0, NULL, NULL, NULL, NULL),
(116, 10000050, 'A9', 4, NULL, NULL, NULL, NULL),
(117, 10000051, 'A9', 1, NULL, NULL, NULL, NULL),
(118, 10000051, 'BW', 2, NULL, NULL, NULL, NULL),
(119, 10000052, 'AW', 0, NULL, NULL, NULL, NULL),
(120, 10000052, 'CJ', 1, NULL, NULL, NULL, NULL),
(121, 10000052, 'BW', 4, NULL, NULL, NULL, NULL),
(122, 10000053, 'A1', 4, NULL, NULL, NULL, NULL),
(123, 10000054, 'AR', 5, NULL, NULL, NULL, NULL),
(124, 10000054, 'BD', 2, NULL, NULL, NULL, NULL),
(125, 10000054, 'BE', 3, NULL, NULL, NULL, NULL),
(126, 10000054, 'A1', 0, NULL, NULL, NULL, NULL),
(127, 10000055, 'BS', 4, NULL, NULL, NULL, NULL),
(128, 10000055, 'BK', 2, NULL, NULL, NULL, NULL),
(129, 10000055, 'CA', 0, NULL, NULL, NULL, NULL),
(130, 10000055, 'A6', 0, NULL, NULL, NULL, NULL),
(131, 10000057, 'CA', 3, NULL, NULL, NULL, NULL),
(132, 10000057, 'BU', 2, NULL, NULL, NULL, NULL),
(133, 10000057, 'A5', 2, NULL, NULL, NULL, NULL),
(134, 10000057, 'CK', 0, NULL, NULL, NULL, NULL),
(135, 10000059, 'BR', 1, NULL, NULL, NULL, NULL),
(136, 10000059, 'BH', 1, NULL, NULL, NULL, NULL),
(137, 10000060, 'A5', 1, NULL, NULL, NULL, NULL),
(138, 10000060, 'A1', 2, NULL, NULL, NULL, NULL),
(139, 10000061, 'AE', 2, NULL, NULL, NULL, NULL),
(140, 10000062, 'BE', 1, NULL, NULL, NULL, NULL),
(141, 10000062, 'BL', 5, NULL, NULL, NULL, NULL),
(142, 10000062, 'AI', 3, NULL, NULL, NULL, NULL),
(143, 10000062, 'AT', 3, NULL, NULL, NULL, NULL),
(144, 10000063, 'AZ', 3, NULL, NULL, NULL, NULL),
(145, 10000063, 'AH', 1, NULL, NULL, NULL, NULL),
(146, 10000063, 'AJ', 1, NULL, NULL, NULL, NULL),
(147, 10000063, 'AF', 0, NULL, NULL, NULL, NULL),
(148, 10000064, 'AW', 1, NULL, NULL, NULL, NULL),
(149, 10000066, 'BI', 5, NULL, NULL, NULL, NULL),
(150, 10000067, 'BK', 0, NULL, NULL, NULL, NULL),
(151, 10000067, 'AE', 1, NULL, NULL, NULL, NULL),
(152, 10000067, 'A0', 2, NULL, NULL, NULL, NULL),
(153, 10000068, 'BH', 1, NULL, NULL, NULL, NULL),
(154, 10000069, 'BK', 4, NULL, NULL, NULL, NULL),
(155, 10000070, 'AJ', 0, NULL, NULL, NULL, NULL),
(156, 10000070, 'BF', 3, NULL, NULL, NULL, NULL),
(157, 10000070, 'BI', 1, NULL, NULL, NULL, NULL),
(158, 10000071, 'CH', 1, NULL, NULL, NULL, NULL),
(159, 10000071, 'AB', 0, NULL, NULL, NULL, NULL),
(160, 10000071, 'BE', 0, NULL, NULL, NULL, NULL),
(161, 10000071, 'BD', 2, NULL, NULL, NULL, NULL),
(162, 10000073, 'BW', 4, NULL, NULL, NULL, NULL),
(163, 10000073, 'AG', 5, NULL, NULL, NULL, NULL),
(164, 10000073, 'AN', 0, NULL, NULL, NULL, NULL),
(165, 10000074, 'BU', 2, NULL, NULL, NULL, NULL),
(166, 10000074, 'BZ', 0, NULL, NULL, NULL, NULL),
(167, 10000077, 'A1', 0, NULL, NULL, NULL, NULL),
(168, 10000077, 'CM', 3, NULL, NULL, NULL, NULL),
(169, 10000077, 'AR', 2, NULL, NULL, NULL, NULL),
(210, 100, 'A3', 1, '2012-03-11 21:57:50', 100, '2012-03-11 21:57:50', 100),
(221, 10000085, 'AB', 1, NULL, NULL, NULL, NULL),
(222, 10000085, 'BS', 0, NULL, NULL, NULL, NULL),
(223, 10000086, 'CJ', 1, NULL, NULL, NULL, NULL),
(224, 10000086, 'AG', 5, NULL, NULL, NULL, NULL),
(225, 10000086, 'BX', 2, NULL, NULL, NULL, NULL),
(226, 10000086, 'BS', 1, NULL, NULL, NULL, NULL),
(227, 10000088, 'AO', 2, NULL, NULL, NULL, NULL),
(228, 10000088, 'BZ', 5, NULL, NULL, NULL, NULL),
(229, 10000088, 'BS', 0, NULL, NULL, NULL, NULL),
(230, 10000088, 'BO', 4, NULL, NULL, NULL, NULL),
(231, 10000089, 'BM', 5, NULL, NULL, NULL, NULL),
(232, 10000089, 'BJ', 5, NULL, NULL, NULL, NULL),
(233, 10000089, 'A9', 5, NULL, NULL, NULL, NULL),
(234, 10000090, 'CD', 0, NULL, NULL, NULL, NULL),
(235, 10000090, 'AB', 5, NULL, NULL, NULL, NULL),
(236, 10000091, 'A9', 2, NULL, NULL, NULL, NULL),
(237, 10000091, 'AD', 4, NULL, NULL, NULL, NULL),
(238, 10000091, 'A8', 3, NULL, NULL, NULL, NULL),
(239, 10000091, 'A4', 0, NULL, NULL, NULL, NULL),
(240, 10000092, 'BY', 4, NULL, NULL, NULL, NULL),
(241, 10000092, 'CO', 2, NULL, NULL, NULL, NULL),
(242, 10000092, 'AA', 4, NULL, NULL, NULL, NULL),
(243, 10000093, 'BC', 1, NULL, NULL, NULL, NULL),
(244, 10000093, 'AA', 0, NULL, NULL, NULL, NULL),
(245, 10000093, 'AU', 3, NULL, NULL, NULL, NULL),
(246, 10000093, 'AI', 3, NULL, NULL, NULL, NULL),
(247, 10000094, 'AL', 5, NULL, NULL, NULL, NULL),
(248, 10000094, 'AM', 5, NULL, NULL, NULL, NULL),
(249, 10000094, 'AG', 1, NULL, NULL, NULL, NULL),
(250, 10000094, 'BH', 0, NULL, NULL, NULL, NULL),
(263, 10000095, 'BD', 4, NULL, NULL, NULL, NULL),
(264, 10000096, 'A9', 1, NULL, NULL, NULL, NULL),
(265, 10000096, 'A8', 4, NULL, NULL, NULL, NULL),
(266, 10000096, 'AE', 2, NULL, NULL, NULL, NULL),
(267, 10000096, 'BH', 4, NULL, NULL, NULL, NULL),
(268, 10000097, 'AI', 1, NULL, NULL, NULL, NULL),
(269, 10000097, 'A4', 3, NULL, NULL, NULL, NULL),
(270, 10000097, 'AJ', 4, NULL, NULL, NULL, NULL),
(271, 10000098, 'AG', 5, NULL, NULL, NULL, NULL),
(272, 10000098, 'BB', 2, NULL, NULL, NULL, NULL),
(273, 10000098, 'BA', 1, NULL, NULL, NULL, NULL),
(274, 10000098, 'AQ', 5, NULL, NULL, NULL, NULL),
(275, 10000099, 'AD', 0, NULL, NULL, NULL, NULL),
(276, 10000099, 'BH', 5, NULL, NULL, NULL, NULL),
(277, 10000099, 'AN', 0, NULL, NULL, NULL, NULL),
(278, 10000100, 'A4', 2, NULL, NULL, NULL, NULL),
(279, 10000100, 'AX', 5, NULL, NULL, NULL, NULL),
(280, 10000101, 'AR', 0, NULL, NULL, NULL, NULL),
(281, 10000101, 'BH', 3, NULL, NULL, NULL, NULL),
(282, 10000101, 'CK', 0, NULL, NULL, NULL, NULL),
(283, 10000101, 'AT', 0, NULL, NULL, NULL, NULL),
(284, 10000102, 'A7', 0, NULL, NULL, NULL, NULL),
(285, 10000102, 'AX', 0, NULL, NULL, NULL, NULL),
(286, 10000103, 'AX', 3, NULL, NULL, NULL, NULL),
(287, 10000103, 'BH', 1, NULL, NULL, NULL, NULL),
(288, 10000103, 'A5', 0, NULL, NULL, NULL, NULL),
(289, 10000104, 'CM', 5, NULL, NULL, NULL, NULL),
(290, 10000104, 'AH', 0, NULL, NULL, NULL, NULL),
(291, 10000104, 'BK', 0, NULL, NULL, NULL, NULL),
(292, 10000106, 'BF', 1, NULL, NULL, NULL, NULL),
(293, 10000107, 'AF', 2, NULL, NULL, NULL, NULL),
(294, 10000107, 'BE', 0, NULL, NULL, NULL, NULL),
(295, 10000107, 'A8', 2, NULL, NULL, NULL, NULL),
(296, 10000108, 'BD', 2, NULL, NULL, NULL, NULL),
(297, 10000109, 'AB', 1, NULL, NULL, NULL, NULL),
(298, 10000109, 'AY', 2, NULL, NULL, NULL, NULL),
(299, 10000109, 'CJ', 4, NULL, NULL, NULL, NULL),
(300, 10000109, 'AI', 2, NULL, NULL, NULL, NULL),
(301, 10000110, 'AJ', 1, NULL, NULL, NULL, NULL),
(302, 10000110, 'CO', 2, NULL, NULL, NULL, NULL),
(303, 10000110, 'AT', 3, NULL, NULL, NULL, NULL),
(304, 10000111, 'A9', 2, NULL, NULL, NULL, NULL),
(305, 10000111, 'BT', 0, NULL, NULL, NULL, NULL),
(306, 10000111, 'BO', 3, NULL, NULL, NULL, NULL),
(307, 10000112, 'A5', 0, NULL, NULL, NULL, NULL),
(308, 10000112, 'BU', 5, NULL, NULL, NULL, NULL),
(309, 10000112, 'BO', 4, NULL, NULL, NULL, NULL),
(310, 10000113, 'AQ', 5, NULL, NULL, NULL, NULL),
(311, 10000113, 'BD', 1, NULL, NULL, NULL, NULL),
(312, 10000113, 'A6', 0, NULL, NULL, NULL, NULL),
(313, 10000113, 'BI', 3, NULL, NULL, NULL, NULL),
(314, 10000114, 'CK', 2, NULL, NULL, NULL, NULL),
(315, 10000114, 'AI', 3, NULL, NULL, NULL, NULL),
(316, 10000114, 'AT', 0, NULL, NULL, NULL, NULL),
(317, 10000115, 'CL', 1, NULL, NULL, NULL, NULL),
(318, 10000115, 'CD', 5, NULL, NULL, NULL, NULL),
(319, 10000116, 'CG', 2, NULL, NULL, NULL, NULL),
(320, 10000116, 'AW', 2, NULL, NULL, NULL, NULL),
(321, 10000117, 'BU', 3, NULL, NULL, NULL, NULL),
(322, 10000117, 'BM', 4, NULL, NULL, NULL, NULL),
(323, 10000117, 'AR', 2, NULL, NULL, NULL, NULL),
(324, 10000117, 'BG', 2, NULL, NULL, NULL, NULL),
(325, 10000118, 'AL', 5, NULL, NULL, NULL, NULL),
(326, 10000119, 'A7', 3, NULL, NULL, NULL, NULL),
(327, 10000119, 'CK', 5, NULL, NULL, NULL, NULL),
(328, 10000120, 'CL', 3, NULL, NULL, NULL, NULL),
(329, 10000120, 'BZ', 2, NULL, NULL, NULL, NULL),
(330, 10000120, 'BG', 0, NULL, NULL, NULL, NULL),
(331, 10000120, 'A8', 1, NULL, NULL, NULL, NULL),
(332, 10000121, 'AC', 2, NULL, NULL, NULL, NULL),
(333, 10000121, 'CJ', 2, NULL, NULL, NULL, NULL),
(334, 10000121, 'CB', 2, NULL, NULL, NULL, NULL),
(335, 10000121, 'AO', 2, NULL, NULL, NULL, NULL),
(336, 10000122, 'CJ', 4, NULL, NULL, NULL, NULL),
(337, 10000123, 'AF', 0, NULL, NULL, NULL, NULL),
(338, 10000123, 'BB', 3, NULL, NULL, NULL, NULL),
(339, 10000123, 'BY', 0, NULL, NULL, NULL, NULL),
(340, 10000123, 'A3', 0, NULL, NULL, NULL, NULL),
(341, 10000124, 'BU', 0, NULL, NULL, NULL, NULL),
(342, 10000128, 'BU', 3, NULL, NULL, NULL, NULL),
(343, 10000129, 'BO', 0, NULL, NULL, NULL, NULL),
(344, 10000130, 'AN', 2, NULL, NULL, NULL, NULL),
(345, 10000130, 'A8', 3, NULL, NULL, NULL, NULL),
(346, 10000132, 'AU', 0, NULL, NULL, NULL, NULL),
(347, 10000133, 'AE', 2, NULL, NULL, NULL, NULL),
(348, 10000133, 'BX', 4, NULL, NULL, NULL, NULL),
(349, 10000133, 'BU', 3, NULL, NULL, NULL, NULL),
(350, 10000133, 'AF', 0, NULL, NULL, NULL, NULL),
(351, 10000134, 'AJ', 5, NULL, NULL, NULL, NULL),
(352, 10000134, 'BA', 3, NULL, NULL, NULL, NULL),
(353, 10000134, 'AP', 0, NULL, NULL, NULL, NULL),
(354, 10000135, 'AC', 4, NULL, NULL, NULL, NULL),
(355, 10000135, 'CB', 5, NULL, NULL, NULL, NULL),
(356, 10000135, 'CM', 5, NULL, NULL, NULL, NULL),
(357, 10000136, 'AX', 2, NULL, NULL, NULL, NULL),
(358, 10000137, 'CA', 1, NULL, NULL, NULL, NULL),
(359, 10000137, 'BZ', 1, NULL, NULL, NULL, NULL),
(360, 10000137, 'BA', 1, NULL, NULL, NULL, NULL),
(361, 10000137, 'AO', 0, NULL, NULL, NULL, NULL),
(362, 10000138, 'BE', 2, NULL, NULL, NULL, NULL),
(363, 10000138, 'AZ', 1, NULL, NULL, NULL, NULL),
(364, 10000138, 'A6', 4, NULL, NULL, NULL, NULL),
(365, 10000139, 'CG', 2, NULL, NULL, NULL, NULL),
(366, 10000139, 'BY', 1, NULL, NULL, NULL, NULL),
(367, 10000139, 'AZ', 1, NULL, NULL, NULL, NULL),
(368, 10000139, 'AP', 0, NULL, NULL, NULL, NULL),
(369, 10000140, 'BZ', 4, NULL, NULL, NULL, NULL),
(370, 10000140, 'AH', 0, NULL, NULL, NULL, NULL),
(383, 102, 'AW', 2, '2012-03-25 21:35:54', 102, '2012-03-25 21:35:54', 102),
(384, 102, 'AW', 3, '2012-03-25 21:35:54', 102, '2012-03-25 21:35:54', 102),
(385, 102, 'BB', 1, '2012-03-25 21:35:54', 102, '2012-03-25 21:35:54', 102),
(386, 102, 'BB', 2, '2012-03-25 21:35:54', 102, '2012-03-25 21:35:54', 102),
(387, 102, 'BB', 3, '2012-03-25 21:35:54', 102, '2012-03-25 21:35:54', 102),
(388, 102, 'BB', 4, '2012-03-25 21:35:54', 102, '2012-03-25 21:35:54', 102);

-- --------------------------------------------------------

--
-- Table structure for table `tbl_language_type`
--

CREATE TABLE IF NOT EXISTS `tbl_language_type` (
  `id` varchar(3) COLLATE utf8_bin NOT NULL,
  `name` varchar(30) CHARACTER SET utf8 COLLATE utf8_unicode_ci NOT NULL,
  PRIMARY KEY (`id`)
) ENGINE=InnoDB DEFAULT CHARSET=utf8 COLLATE=utf8_bin;

--
-- Dumping data for table `tbl_language_type`
--

INSERT INTO `tbl_language_type` (`id`, `name`) VALUES
('A0', ''),
('A1', 'Albanian'),
('A2', 'Amharic'),
('A3', 'Arabic'),
('A4', 'Armenian'),
('A5', 'Assamese'),
('A6', 'Azerbaijani'),
('A7', 'Belarusian'),
('A8', 'Bengali'),
('A9', 'Bhojpuri'),
('AA', 'Bulgarian'),
('AB', 'Burmese'),
('AC', 'Cantonese'),
('AD', 'Cebuano'),
('AE', 'Chhattisgarhi'),
('AF', 'Czech'),
('AG', 'Danish'),
('AH', 'Dutch'),
('AI', 'Finnish'),
('AJ', 'French'),
('AK', 'Gan'),
('AL', 'German'),
('AM', 'Greek'),
('AN', 'Gujarati'),
('AO', 'Haitian'),
('AP', 'Hausa'),
('AQ', 'Herbrew'),
('AR', 'Hindi-Urdu'),
('AS', 'Hunanese'),
('AT', 'Hungarian'),
('AU', 'Igbo'),
('AV', 'Italian'),
('AW', 'Japanese'),
('AX', 'Javanese'),
('AY', 'Kannada'),
('AZ', 'Kazakh'),
('BA', 'Khmer'),
('BB', 'Korean'),
('BC', 'Kurdish'),
('BD', 'Lao-Isan'),
('BE', 'Latin'),
('BF', 'Maithili'),
('BG', 'Malagasy'),
('BH', 'Malay'),
('BI', 'Mandarin'),
('BJ', 'Marathi'),
('BK', 'Marwari'),
('BL', 'Northern Berber'),
('BM', 'Oriya'),
('BN', 'Oromo'),
('BO', 'Pashto'),
('BP', 'Persian'),
('BQ', 'Polish'),
('BR', 'Portugese'),
('BS', 'Punjabi'),
('BT', 'Rajasthani'),
('BU', 'Rangpuri'),
('BV', 'Romanian'),
('BW', 'Russian'),
('BX', 'Serbo-Croatian'),
('BY', 'Shanghainese'),
('BZ', 'Sindhi'),
('CA', 'Sinhalese'),
('CB', 'Spanish'),
('CD', 'Sudanese'),
('CE', 'Swedish'),
('CF', 'Tagalog'),
('CG', 'Taiwanese'),
('CH', 'Tamil'),
('CI', 'Thai'),
('CJ', 'Turkish'),
('CK', 'Ukranian'),
('CL', 'Uzbek'),
('CM', 'Vietnamese'),
('CN', 'Yoruba'),
('CO', 'Zhuang');

-- --------------------------------------------------------

--
-- Table structure for table `tbl_major_type`
--

CREATE TABLE IF NOT EXISTS `tbl_major_type` (
  `id` tinyint(3) unsigned NOT NULL AUTO_INCREMENT,
  `name` varchar(40) COLLATE utf8_bin NOT NULL,
  PRIMARY KEY (`id`)
) ENGINE=InnoDB  DEFAULT CHARSET=utf8 COLLATE=utf8_bin AUTO_INCREMENT=181 ;

--
-- Dumping data for table `tbl_major_type`
--

INSERT INTO `tbl_major_type` (`id`, `name`) VALUES
(1, 'Actuarial Sciences'),
(2, 'Adult & Continuing Education'),
(3, 'Aerospace Aeronautical'),
(4, 'African Studies'),
(5, 'Afro-American (Black) Studies'),
(6, 'Agricultural Business & Management'),
(7, 'Agricultural Engineering'),
(8, 'Agricultural Mechanization'),
(9, 'Agricultural Sciences'),
(10, 'American Literature'),
(11, 'American Studies'),
(12, 'Animal Sciences'),
(13, 'Anthropology & Archaeology'),
(14, 'Applied Mathematics'),
(15, 'Architectural Engineering'),
(16, 'Art, Music, & Drama Edu'),
(17, 'Asian & Pacific Area Studies'),
(18, 'Asian Languages'),
(19, 'Astronautical Engineering'),
(20, 'Astronomy'),
(21, 'Astrophysics'),
(22, 'Atmospheric Sciences & Meteorology'),
(23, 'Automotive Engineering & Tech.'),
(24, 'Aviation & Air Transportation'),
(25, 'Bible Studies'),
(26, 'Biblical Languages'),
(27, 'Bilingual/Crosscultural Education'),
(28, 'Biochemistry & Biophysics'),
(29, 'Bioengineering'),
(30, 'Biological Specializations'),
(31, 'Biology'),
(32, 'Biomedical Engineering'),
(33, 'Botany'),
(34, 'Business Education'),
(35, 'Catholic Affiliation'),
(36, 'Cell & Molecular Biology'),
(37, 'Ceramic Engineering'),
(38, 'Chemical Engineering'),
(39, 'Chemistry'),
(40, 'Chinese'),
(41, 'Civil Engineering'),
(42, 'Classics & Classical Studies'),
(43, 'Communications Engineering'),
(44, 'Comparative Literature'),
(45, 'Computer & Information Sciences'),
(46, 'Computer Engineering'),
(47, 'Computer Mathematics'),
(48, 'Computer Programming'),
(49, 'Computer Science Education'),
(50, 'Conflict Resolution/Peace Studies'),
(51, 'Conservation Mgmt. & Protection'),
(52, 'Construction & Building Tech.'),
(53, 'Counseling'),
(54, 'Crafts & Artisanry'),
(55, 'Creative Writing'),
(56, 'Criminal Justice & Law Enforcement'),
(57, 'Criminology'),
(58, 'Dance'),
(59, 'Data Processing'),
(60, 'Drafting'),
(61, 'Dramatic Arts'),
(62, 'Earth & Space Sciences'),
(63, 'Ecology Sciences'),
(64, 'Economics'),
(65, 'Electrical Engineering'),
(66, 'Electrical Technology'),
(67, 'Electromechanical Technology'),
(68, 'Electronics Engineering'),
(69, 'Elementary Education'),
(70, 'Engineering Mechanics'),
(71, 'English Language'),
(72, 'English Literature'),
(73, 'Environmental Sciences'),
(74, 'Environmental/Energy Control Tech.'),
(75, 'Equestrian Studies'),
(76, 'European Studies'),
(77, 'Film Arts'),
(78, 'Fine Arts'),
(79, 'Fire Protection & Security'),
(80, 'Foreign Language Teacher Education'),
(81, 'Foreign Languages/Literature'),
(82, 'Forestry'),
(83, 'Forestry Production & Processing'),
(84, 'French'),
(85, 'Geography'),
(86, 'Geological Engineering'),
(87, 'Geological Sciences'),
(88, 'Geophysical Engineering'),
(89, 'German'),
(90, 'Government'),
(91, 'Greek'),
(92, 'Hebrew'),
(93, 'Hispanic-American Studies'),
(94, 'History'),
(95, 'Home Economics Education'),
(96, 'Horticulture'),
(97, 'Humanities'),
(98, 'Industrial Engineering & Design'),
(99, 'Information Mgmt. Sciences & Systems'),
(100, 'International Affairs/Relations'),
(101, 'Islamic Studies'),
(102, 'Italian'),
(103, 'Japanese'),
(104, 'Judaism & Jewish Studies'),
(105, 'Junior Education'),
(106, 'Latin'),
(107, 'Latin American Studies'),
(108, 'Legal Assisting'),
(109, 'Liberal Arts Education'),
(110, 'Liberal/General Studies'),
(111, 'Library Science'),
(112, 'Linguistics'),
(113, 'Marine Biology'),
(114, 'Marine Engineering'),
(115, 'Materials Engineering'),
(116, 'Mathematics'),
(117, 'Mathematics Education'),
(118, 'Mechanical Engineering'),
(119, 'Metallurgical Engineering'),
(120, 'Microbiology/Bacteriology'),
(121, 'Middle Eastern Languages'),
(122, 'Middle Eastern Studies'),
(123, 'Military Sciences'),
(124, 'Mining & Mineral Engineering'),
(125, 'Ministry & Church Administration'),
(126, 'Mormon Affiliation'),
(127, 'Multi/Interdisciplinary Studies'),
(128, 'Museums & Preservation'),
(129, 'Music'),
(130, 'Native American Studies'),
(131, 'Naval Architecture'),
(132, 'Nuclear Engineering'),
(133, 'Occupational Safety & Health Tech.'),
(134, 'Other Religious Affiliation'),
(135, 'Parks Administration'),
(136, 'Petroleum Engineering'),
(137, 'Philosophy'),
(138, 'Philosophy & Religion'),
(139, 'Physical Sciences'),
(140, 'Physical/Health/Fitness Education'),
(141, 'Physics'),
(142, 'Plant & Soil Sciences'),
(143, 'Political Science & Government'),
(144, 'Portuguese'),
(145, 'Pre-Law'),
(146, 'Pre-School Education'),
(147, 'Protestant Affiliation'),
(148, 'Psychology'),
(149, 'Public Affairs/Administration'),
(150, 'Range Management'),
(151, 'Religion & Theology'),
(152, 'Religious Education'),
(153, 'Religious Music'),
(154, 'Russian'),
(155, 'Scandinavian'),
(156, 'Science Education'),
(157, 'Science Technologies'),
(158, 'Senior High Education'),
(159, 'Slavic (other than Russian)'),
(160, 'Social Science Education'),
(161, 'Social Sciences'),
(162, 'Social Work & Social Services'),
(163, 'Sociology'),
(164, 'Spanish'),
(165, 'Special Education'),
(166, 'Speech & Rhetorical Studies'),
(167, 'Sports, Recreation, & Leisure Studies'),
(168, 'Statistics'),
(169, 'Surveying & Mapping Sciences'),
(170, 'Systems Analysis & Engineering'),
(171, 'Technical and Business Writing'),
(172, 'Transportation/Logistics'),
(173, 'Urban Studies'),
(174, 'Veterinary Sciences'),
(175, 'Visual & Performing Arts'),
(176, 'Vocational/Industrial Education'),
(177, 'Wildlife & Fish Management'),
(178, 'Women''s Studies'),
(179, 'Zoology'),
(180, 'Undecided');

-- --------------------------------------------------------

--
-- Table structure for table `tbl_map_profile_student`
--

CREATE TABLE IF NOT EXISTS `tbl_map_profile_student` (
  `user_id` int(10) unsigned NOT NULL,
  `purchased_profile_id` int(10) unsigned NOT NULL,
  `l1_purchased` tinyint(1) NOT NULL DEFAULT '0',
  `l2_purchased` tinyint(1) NOT NULL DEFAULT '0',
  `l3_purchased` tinyint(1) NOT NULL DEFAULT '0',
  `l4_purchased` tinyint(1) NOT NULL DEFAULT '0',
  `isOwner` tinyint(1) NOT NULL DEFAULT '0',
  `l1_purchase_time` datetime DEFAULT NULL,
  `l2_purchase_time` datetime DEFAULT NULL,
  `l3_purchase_time` datetime DEFAULT NULL,
  `l4_purchase_time` datetime DEFAULT NULL,
  PRIMARY KEY (`user_id`,`purchased_profile_id`),
  KEY `tbl_map_profile_student_ibfk_2` (`purchased_profile_id`)
) ENGINE=InnoDB DEFAULT CHARSET=latin1;

--
-- Dumping data for table `tbl_map_profile_student`
--

INSERT INTO `tbl_map_profile_student` (`user_id`, `purchased_profile_id`, `l1_purchased`, `l2_purchased`, `l3_purchased`, `l4_purchased`, `isOwner`, `l1_purchase_time`, `l2_purchase_time`, `l3_purchase_time`, `l4_purchase_time`) VALUES
(66, 66, 0, 0, 0, 0, 1, NULL, NULL, NULL, NULL),
(67, 67, 0, 0, 0, 0, 1, NULL, NULL, NULL, NULL),
(68, 68, 0, 0, 0, 0, 1, NULL, NULL, NULL, NULL),
(69, 69, 0, 0, 0, 0, 1, NULL, NULL, NULL, NULL),
(70, 70, 0, 0, 0, 0, 1, NULL, NULL, NULL, NULL),
(71, 71, 0, 0, 0, 0, 1, NULL, NULL, NULL, NULL),
(72, 72, 0, 0, 0, 0, 1, NULL, NULL, NULL, NULL),
(73, 73, 0, 0, 0, 0, 1, NULL, NULL, NULL, NULL),
(74, 74, 0, 0, 0, 0, 1, NULL, NULL, NULL, NULL),
(75, 69, 1, 1, 1, 0, 0, '2011-11-20 21:35:58', '2011-11-20 21:35:58', '2011-11-20 21:35:58', NULL),
(75, 70, 1, 1, 1, 0, 0, '2011-11-20 21:31:16', '2011-11-20 21:31:16', '2011-11-20 21:31:16', NULL),
(75, 72, 1, 1, 1, 0, 0, '2011-11-23 11:03:22', '2011-11-23 11:03:22', '2011-11-23 11:03:22', NULL),
(75, 75, 1, 1, 1, 0, 1, '2011-11-22 23:03:56', '2011-11-22 23:03:56', '2011-11-22 23:03:56', NULL),
(75, 76, 1, 1, 0, 0, 0, '2011-11-22 23:05:56', '2011-11-22 23:08:46', NULL, NULL),
(75, 80, 1, 1, 1, 0, 0, '2011-11-23 08:03:22', '2011-11-23 08:03:22', '2011-11-23 08:03:22', NULL),
(75, 81, 1, 1, 0, 0, 0, '2011-11-23 07:58:00', '2011-11-23 07:58:00', NULL, NULL),
(76, 76, 0, 0, 0, 0, 1, NULL, NULL, NULL, NULL),
(77, 77, 0, 0, 0, 0, 1, NULL, NULL, NULL, NULL),
(78, 68, 1, 1, 1, 0, 0, '2011-11-08 21:26:40', '2011-11-08 21:26:40', '2011-11-08 21:26:40', NULL),
(78, 78, 0, 0, 0, 0, 1, NULL, NULL, NULL, NULL),
(79, 79, 0, 0, 0, 0, 1, NULL, NULL, NULL, NULL),
(80, 67, 1, 1, 1, 0, 0, '2011-11-08 23:26:59', '2011-11-08 23:26:59', '2011-11-08 23:26:59', NULL),
(80, 80, 0, 0, 0, 0, 1, NULL, NULL, NULL, NULL),
(81, 81, 0, 0, 0, 0, 1, NULL, NULL, NULL, NULL),
(82, 82, 0, 0, 0, 0, 1, NULL, NULL, NULL, NULL),
(83, 71, 1, 1, 1, 0, 0, '2011-11-09 11:51:22', '2011-11-09 11:51:22', '2011-11-09 11:51:22', NULL),
(83, 83, 0, 0, 0, 0, 1, NULL, NULL, NULL, NULL),
(84, 84, 0, 0, 0, 0, 1, NULL, NULL, NULL, NULL),
(85, 85, 0, 0, 0, 0, 1, NULL, NULL, NULL, NULL),
(100, 66, 1, 1, 1, 0, 0, '2011-12-06 22:33:54', '2011-12-06 22:33:54', '2011-12-06 22:33:54', NULL),
(100, 70, 1, 1, 1, 0, 0, '2011-12-06 22:35:50', '2011-12-06 22:35:50', '2011-12-06 22:35:50', NULL),
(100, 74, 1, 0, 0, 0, 0, '2012-03-18 22:31:29', NULL, NULL, NULL),
(100, 76, 1, 1, 1, 0, 0, '2011-12-07 12:40:17', '2011-12-07 12:40:17', '2011-12-07 12:40:17', NULL),
(100, 100, 0, 0, 0, 0, 1, NULL, NULL, NULL, NULL),
(100, 102, 1, 1, 1, 1, 0, '2012-02-21 00:47:29', '2012-02-21 00:47:29', '2012-02-21 00:47:29', '2012-03-22 21:56:37'),
(100, 10000019, 1, 1, 1, 0, 0, '2012-02-21 13:31:20', '2012-02-21 13:31:20', '2012-02-21 13:31:20', NULL),
(100, 10000061, 1, 1, 0, 0, 0, '2012-03-18 22:23:01', '2012-03-18 22:26:42', NULL, NULL),
(100, 10000067, 1, 1, 0, 0, 0, '2012-03-17 16:17:39', '2012-03-17 16:17:39', NULL, NULL),
(100, 10000087, 1, 1, 0, 0, 0, '2012-03-27 12:51:59', '2012-03-27 12:51:59', NULL, NULL),
(102, 67, 1, 1, 1, 0, 0, '2011-12-04 19:29:42', '2011-12-04 19:29:42', '2011-12-04 19:29:42', NULL),
(102, 68, 1, 0, 0, 0, 0, '2012-01-28 15:06:18', NULL, NULL, NULL),
(102, 69, 1, 1, 1, 0, 0, '2011-12-04 00:14:20', '2011-12-04 00:14:20', '2012-01-17 22:13:05', NULL),
(102, 71, 1, 1, 1, 0, 0, '2011-11-30 23:01:06', '2011-11-30 23:01:06', '2011-11-30 23:01:21', NULL),
(102, 77, 1, 1, 0, 0, 0, '2012-01-29 10:00:29', '2012-01-29 10:00:29', NULL, NULL),
(102, 80, 1, 1, 0, 0, 0, '2012-02-05 00:37:37', '2012-02-05 00:37:37', NULL, NULL),
(102, 100, 1, 1, 1, 0, 0, '2012-01-30 11:48:32', '2012-01-30 11:48:32', '2012-01-30 11:48:32', NULL),
(102, 102, 1, 1, 1, 0, 1, '2012-01-22 21:48:19', '2012-01-22 21:48:19', '2012-01-22 21:48:19', NULL),
(102, 10000004, 1, 1, 1, 0, 0, '2012-02-06 10:24:00', '2012-02-06 10:24:00', '2012-02-06 10:24:00', NULL),
(102, 10000008, 1, 1, 1, 0, 0, '2012-02-05 00:17:39', '2012-02-05 00:17:39', '2012-02-05 00:17:39', NULL),
(103, 103, 0, 0, 0, 0, 1, NULL, NULL, NULL, NULL),
(10000000, 10000000, 0, 0, 0, 0, 1, NULL, NULL, NULL, NULL),
(10000001, 10000001, 0, 0, 0, 0, 1, NULL, NULL, NULL, NULL),
(10000002, 10000002, 0, 0, 0, 0, 1, NULL, NULL, NULL, NULL),
(10000003, 10000003, 0, 0, 0, 0, 1, NULL, NULL, NULL, NULL),
(10000004, 10000004, 0, 0, 0, 0, 1, NULL, NULL, NULL, NULL),
(10000005, 10000005, 0, 0, 0, 0, 1, NULL, NULL, NULL, NULL),
(10000006, 10000006, 0, 0, 0, 0, 1, NULL, NULL, NULL, NULL),
(10000007, 10000007, 0, 0, 0, 0, 1, NULL, NULL, NULL, NULL),
(10000008, 10000008, 0, 0, 0, 0, 1, NULL, NULL, NULL, NULL),
(10000009, 10000009, 0, 0, 0, 0, 1, NULL, NULL, NULL, NULL),
(10000010, 10000010, 0, 0, 0, 0, 1, NULL, NULL, NULL, NULL),
(10000011, 10000011, 0, 0, 0, 0, 1, NULL, NULL, NULL, NULL),
(10000012, 10000012, 0, 0, 0, 0, 1, NULL, NULL, NULL, NULL),
(10000013, 10000013, 0, 0, 0, 0, 1, NULL, NULL, NULL, NULL),
(10000014, 10000014, 0, 0, 0, 0, 1, NULL, NULL, NULL, NULL),
(10000015, 10000015, 0, 0, 0, 0, 1, NULL, NULL, NULL, NULL),
(10000016, 10000016, 0, 0, 0, 0, 1, NULL, NULL, NULL, NULL),
(10000017, 10000017, 0, 0, 0, 0, 1, NULL, NULL, NULL, NULL),
(10000018, 10000018, 0, 0, 0, 0, 1, NULL, NULL, NULL, NULL),
(10000019, 10000019, 0, 0, 0, 0, 1, NULL, NULL, NULL, NULL),
(10000020, 10000020, 0, 0, 0, 0, 1, NULL, NULL, NULL, NULL),
(10000021, 10000021, 0, 0, 0, 0, 1, NULL, NULL, NULL, NULL),
(10000022, 10000022, 0, 0, 0, 0, 1, NULL, NULL, NULL, NULL),
(10000023, 10000023, 0, 0, 0, 0, 1, NULL, NULL, NULL, NULL),
(10000024, 10000024, 0, 0, 0, 0, 1, NULL, NULL, NULL, NULL),
(10000025, 10000025, 0, 0, 0, 0, 1, NULL, NULL, NULL, NULL),
(10000026, 10000026, 0, 0, 0, 0, 1, NULL, NULL, NULL, NULL),
(10000027, 10000027, 0, 0, 0, 0, 1, NULL, NULL, NULL, NULL),
(10000028, 10000028, 0, 0, 0, 0, 1, NULL, NULL, NULL, NULL),
(10000029, 10000029, 0, 0, 0, 0, 1, NULL, NULL, NULL, NULL),
(10000030, 10000030, 0, 0, 0, 0, 1, NULL, NULL, NULL, NULL),
(10000031, 10000031, 0, 0, 0, 0, 1, NULL, NULL, NULL, NULL),
(10000032, 10000032, 0, 0, 0, 0, 1, NULL, NULL, NULL, NULL),
(10000033, 10000033, 0, 0, 0, 0, 1, NULL, NULL, NULL, NULL),
(10000034, 10000034, 0, 0, 0, 0, 1, NULL, NULL, NULL, NULL),
(10000035, 10000035, 0, 0, 0, 0, 1, NULL, NULL, NULL, NULL),
(10000036, 10000036, 0, 0, 0, 0, 1, NULL, NULL, NULL, NULL),
(10000037, 10000037, 0, 0, 0, 0, 1, NULL, NULL, NULL, NULL),
(10000038, 10000038, 0, 0, 0, 0, 1, NULL, NULL, NULL, NULL),
(10000039, 10000039, 0, 0, 0, 0, 1, NULL, NULL, NULL, NULL),
(10000040, 10000040, 0, 0, 0, 0, 1, NULL, NULL, NULL, NULL),
(10000041, 10000041, 0, 0, 0, 0, 1, NULL, NULL, NULL, NULL),
(10000042, 10000042, 0, 0, 0, 0, 1, NULL, NULL, NULL, NULL),
(10000043, 10000043, 0, 0, 0, 0, 1, NULL, NULL, NULL, NULL),
(10000044, 10000044, 0, 0, 0, 0, 1, NULL, NULL, NULL, NULL),
(10000045, 10000045, 0, 0, 0, 0, 1, NULL, NULL, NULL, NULL),
(10000046, 10000046, 0, 0, 0, 0, 1, NULL, NULL, NULL, NULL),
(10000047, 10000047, 0, 0, 0, 0, 1, NULL, NULL, NULL, NULL),
(10000048, 10000048, 0, 0, 0, 0, 1, NULL, NULL, NULL, NULL),
(10000049, 10000049, 0, 0, 0, 0, 1, NULL, NULL, NULL, NULL),
(10000050, 10000050, 0, 0, 0, 0, 1, NULL, NULL, NULL, NULL),
(10000051, 10000051, 0, 0, 0, 0, 1, NULL, NULL, NULL, NULL),
(10000052, 10000052, 0, 0, 0, 0, 1, NULL, NULL, NULL, NULL),
(10000053, 10000053, 0, 0, 0, 0, 1, NULL, NULL, NULL, NULL),
(10000054, 10000054, 0, 0, 0, 0, 1, NULL, NULL, NULL, NULL),
(10000055, 10000055, 0, 0, 0, 0, 1, NULL, NULL, NULL, NULL),
(10000056, 10000056, 0, 0, 0, 0, 1, NULL, NULL, NULL, NULL),
(10000057, 10000057, 0, 0, 0, 0, 1, NULL, NULL, NULL, NULL),
(10000058, 10000058, 0, 0, 0, 0, 1, NULL, NULL, NULL, NULL),
(10000059, 10000059, 0, 0, 0, 0, 1, NULL, NULL, NULL, NULL),
(10000060, 10000060, 0, 0, 0, 0, 1, NULL, NULL, NULL, NULL),
(10000061, 10000061, 0, 0, 0, 0, 1, NULL, NULL, NULL, NULL),
(10000062, 10000062, 0, 0, 0, 0, 1, NULL, NULL, NULL, NULL),
(10000063, 10000063, 0, 0, 0, 0, 1, NULL, NULL, NULL, NULL),
(10000064, 10000064, 0, 0, 0, 0, 1, NULL, NULL, NULL, NULL),
(10000065, 10000065, 0, 0, 0, 0, 1, NULL, NULL, NULL, NULL),
(10000066, 10000066, 0, 0, 0, 0, 1, NULL, NULL, NULL, NULL),
(10000067, 10000067, 0, 0, 0, 0, 1, NULL, NULL, NULL, NULL),
(10000068, 10000068, 0, 0, 0, 0, 1, NULL, NULL, NULL, NULL),
(10000069, 10000069, 0, 0, 0, 0, 1, NULL, NULL, NULL, NULL),
(10000070, 10000070, 0, 0, 0, 0, 1, NULL, NULL, NULL, NULL),
(10000071, 10000071, 0, 0, 0, 0, 1, NULL, NULL, NULL, NULL),
(10000072, 10000072, 0, 0, 0, 0, 1, NULL, NULL, NULL, NULL),
(10000073, 10000073, 0, 0, 0, 0, 1, NULL, NULL, NULL, NULL),
(10000074, 10000074, 0, 0, 0, 0, 1, NULL, NULL, NULL, NULL),
(10000075, 10000075, 0, 0, 0, 0, 1, NULL, NULL, NULL, NULL),
(10000076, 10000076, 0, 0, 0, 0, 1, NULL, NULL, NULL, NULL),
(10000077, 10000077, 0, 0, 0, 0, 1, NULL, NULL, NULL, NULL),
(10000078, 10000078, 0, 0, 0, 0, 1, NULL, NULL, NULL, NULL);

-- --------------------------------------------------------

--
-- Table structure for table `tbl_music_profile`
--

CREATE TABLE IF NOT EXISTS `tbl_music_profile` (
  `id` int(10) unsigned NOT NULL AUTO_INCREMENT,
  `user_id` int(10) unsigned NOT NULL,
  `music` tinyint(3) NOT NULL,
  `level` tinyint(2) NOT NULL,
  `year_begin` tinyint(2) NOT NULL,
  `year_end` tinyint(2) NOT NULL,
  `school_orchband` tinyint(2) DEFAULT NULL,
  `school_leader` tinyint(2) DEFAULT NULL,
  `ext_orchband` tinyint(2) DEFAULT NULL,
  `ext_leader` tinyint(2) DEFAULT NULL,
  `comments` text COLLATE utf8_bin,
  `create_time` datetime NOT NULL,
  `create_user_id` int(10) unsigned NOT NULL,
  `update_time` datetime NOT NULL,
  `update_user_id` int(10) unsigned NOT NULL,
  PRIMARY KEY (`id`)
) ENGINE=InnoDB  DEFAULT CHARSET=utf8 COLLATE=utf8_bin AUTO_INCREMENT=159 ;

--
-- Dumping data for table `tbl_music_profile`
--

INSERT INTO `tbl_music_profile` (`id`, `user_id`, `music`, `level`, `year_begin`, `year_end`, `school_orchband`, `school_leader`, `ext_orchband`, `ext_leader`, `comments`, `create_time`, `create_user_id`, `update_time`, `update_user_id`) VALUES
(2, 29, 7, 3, 9, 13, NULL, NULL, NULL, NULL, '', '2011-10-24 16:42:23', 29, '2011-10-24 16:42:23', 29),
(3, 28, 5, 2, 7, 14, 1, 4, NULL, NULL, '', '2011-11-07 22:27:35', 28, '2011-11-07 22:27:35', 28),
(4, 68, 2, 2, 10, 14, 2, 2, NULL, NULL, '', '2011-11-07 23:03:25', 68, '2011-11-07 23:03:25', 68),
(5, 74, 20, 3, 7, 14, 3, 2, 3, 3, '', '2011-11-08 20:18:52', 74, '2011-11-08 20:18:52', 74),
(6, 82, 13, 2, 8, 14, 2, 2, NULL, NULL, '', '2011-11-08 22:39:46', 82, '2011-11-08 22:39:46', 82),
(7, 98, 2, 4, 1, 6, NULL, NULL, NULL, NULL, '', '2011-11-25 23:43:28', 98, '2011-11-25 23:43:28', 98),
(13, 10000021, 24, 3, 12, 12, 2, 1, NULL, 4, NULL, '0000-00-00 00:00:00', 0, '0000-00-00 00:00:00', 0),
(14, 10000021, 5, 0, 4, 6, 3, 8, 1, NULL, NULL, '0000-00-00 00:00:00', 0, '0000-00-00 00:00:00', 0),
(15, 10000022, 1, 4, 1, 6, 3, NULL, 6, 7, NULL, '0000-00-00 00:00:00', 0, '0000-00-00 00:00:00', 0),
(16, 10000022, 20, 2, 13, 13, 4, NULL, 6, 6, NULL, '0000-00-00 00:00:00', 0, '0000-00-00 00:00:00', 0),
(17, 10000023, 5, 4, 5, 8, 1, 2, 6, 3, NULL, '0000-00-00 00:00:00', 0, '0000-00-00 00:00:00', 0),
(18, 10000023, 10, 0, 10, 10, NULL, 4, 6, 5, NULL, '0000-00-00 00:00:00', 0, '0000-00-00 00:00:00', 0),
(19, 10000024, 30, 3, 0, 0, 4, 7, 3, 4, NULL, '0000-00-00 00:00:00', 0, '0000-00-00 00:00:00', 0),
(20, 10000024, 12, 4, 7, 7, 4, NULL, 3, NULL, NULL, '0000-00-00 00:00:00', 0, '0000-00-00 00:00:00', 0),
(21, 10000025, 21, 0, 13, 13, NULL, NULL, 6, 6, NULL, '0000-00-00 00:00:00', 0, '0000-00-00 00:00:00', 0),
(22, 10000025, 25, 0, 3, 8, 3, 8, 6, 5, NULL, '0000-00-00 00:00:00', 0, '0000-00-00 00:00:00', 0),
(23, 10000026, 2, 4, 10, 14, 2, 6, 1, NULL, NULL, '0000-00-00 00:00:00', 0, '0000-00-00 00:00:00', 0),
(24, 10000027, 42, 4, 13, 13, 2, 6, 1, 7, NULL, '0000-00-00 00:00:00', 0, '0000-00-00 00:00:00', 0),
(25, 10000028, 13, 1, 3, 12, 1, 1, 6, 4, NULL, '0000-00-00 00:00:00', 0, '0000-00-00 00:00:00', 0),
(26, 10000028, 1, 3, 10, 13, NULL, 6, 6, 8, NULL, '0000-00-00 00:00:00', 0, '0000-00-00 00:00:00', 0),
(27, 10000029, 35, 2, 2, 8, 2, 7, 4, 6, NULL, '0000-00-00 00:00:00', 0, '0000-00-00 00:00:00', 0),
(28, 10000030, 5, 4, 10, 14, 2, 8, NULL, 6, NULL, '0000-00-00 00:00:00', 0, '0000-00-00 00:00:00', 0),
(29, 10000030, 11, 2, 4, 10, 1, NULL, 7, 6, NULL, '0000-00-00 00:00:00', 0, '0000-00-00 00:00:00', 0),
(30, 10000031, 8, 4, 14, 14, 4, 3, 5, 2, NULL, '0000-00-00 00:00:00', 0, '0000-00-00 00:00:00', 0),
(31, 10000032, 28, 3, 6, 13, 3, 8, 6, NULL, NULL, '0000-00-00 00:00:00', 0, '0000-00-00 00:00:00', 0),
(32, 10000032, 14, 4, 11, 14, 2, 5, 2, 1, NULL, '0000-00-00 00:00:00', 0, '0000-00-00 00:00:00', 0),
(33, 10000033, 1, 2, 3, 7, 2, 6, NULL, 4, NULL, '0000-00-00 00:00:00', 0, '0000-00-00 00:00:00', 0),
(34, 10000033, 9, 4, 8, 8, 4, 1, 2, 8, NULL, '0000-00-00 00:00:00', 0, '0000-00-00 00:00:00', 0),
(35, 10000034, 38, 4, 1, 10, 2, 4, 6, 5, NULL, '0000-00-00 00:00:00', 0, '0000-00-00 00:00:00', 0),
(36, 10000035, 14, 2, 9, 13, 4, 1, 6, 5, NULL, '0000-00-00 00:00:00', 0, '0000-00-00 00:00:00', 0),
(37, 10000038, 28, 4, 6, 7, 3, 5, 1, NULL, NULL, '0000-00-00 00:00:00', 0, '0000-00-00 00:00:00', 0),
(38, 10000039, 17, 1, 2, 4, 4, 4, 1, 2, NULL, '0000-00-00 00:00:00', 0, '0000-00-00 00:00:00', 0),
(39, 10000039, 32, 4, 9, 13, 1, NULL, 4, 2, NULL, '0000-00-00 00:00:00', 0, '0000-00-00 00:00:00', 0),
(40, 10000040, 15, 4, 1, 14, 1, NULL, 6, 7, NULL, '0000-00-00 00:00:00', 0, '0000-00-00 00:00:00', 0),
(41, 10000041, 15, 4, 13, 14, 4, 7, 5, 3, NULL, '0000-00-00 00:00:00', 0, '0000-00-00 00:00:00', 0),
(42, 10000042, 10, 4, 1, 12, 2, 5, 7, 6, NULL, '0000-00-00 00:00:00', 0, '0000-00-00 00:00:00', 0),
(43, 10000043, 31, 0, 5, 5, 3, 6, 6, 2, NULL, '0000-00-00 00:00:00', 0, '0000-00-00 00:00:00', 0),
(44, 10000044, 37, 0, 10, 13, 1, 8, 4, NULL, NULL, '0000-00-00 00:00:00', 0, '0000-00-00 00:00:00', 0),
(45, 10000044, 9, 0, 10, 10, 2, 5, 2, 7, NULL, '0000-00-00 00:00:00', 0, '0000-00-00 00:00:00', 0),
(46, 10000045, 9, 3, 0, 0, 3, NULL, 3, 2, NULL, '0000-00-00 00:00:00', 0, '0000-00-00 00:00:00', 0),
(47, 10000045, 16, 0, 1, 2, 3, 6, NULL, 8, NULL, '0000-00-00 00:00:00', 0, '0000-00-00 00:00:00', 0),
(48, 10000046, 2, 1, 11, 13, 2, 6, 2, NULL, NULL, '0000-00-00 00:00:00', 0, '0000-00-00 00:00:00', 0),
(49, 10000046, 7, 3, 12, 14, 3, 1, 1, NULL, NULL, '0000-00-00 00:00:00', 0, '0000-00-00 00:00:00', 0),
(50, 10000047, 10, 2, 12, 12, 4, NULL, 4, 7, NULL, '0000-00-00 00:00:00', 0, '0000-00-00 00:00:00', 0),
(51, 10000050, 38, 1, 3, 10, NULL, 6, 4, 5, NULL, '0000-00-00 00:00:00', 0, '0000-00-00 00:00:00', 0),
(52, 10000053, 5, 1, 13, 13, NULL, 5, 2, 8, NULL, '0000-00-00 00:00:00', 0, '0000-00-00 00:00:00', 0),
(53, 10000053, 16, 3, 14, 14, 3, 4, 3, 3, NULL, '0000-00-00 00:00:00', 0, '0000-00-00 00:00:00', 0),
(54, 10000054, 11, 1, 13, 14, 4, 6, NULL, 7, NULL, '0000-00-00 00:00:00', 0, '0000-00-00 00:00:00', 0),
(55, 10000055, 27, 3, 10, 11, 1, 5, 2, 4, NULL, '0000-00-00 00:00:00', 0, '0000-00-00 00:00:00', 0),
(56, 10000057, 37, 0, 5, 7, NULL, 6, 4, NULL, NULL, '0000-00-00 00:00:00', 0, '0000-00-00 00:00:00', 0),
(57, 10000057, 20, 1, 14, 14, 4, 4, 7, 3, NULL, '0000-00-00 00:00:00', 0, '0000-00-00 00:00:00', 0),
(58, 10000058, 38, 2, 0, 0, 4, 2, 4, 7, NULL, '0000-00-00 00:00:00', 0, '0000-00-00 00:00:00', 0),
(59, 10000059, 32, 2, 8, 12, 2, NULL, 4, 7, NULL, '0000-00-00 00:00:00', 0, '0000-00-00 00:00:00', 0),
(60, 10000059, 21, 0, 8, 8, 4, 5, 7, 6, NULL, '0000-00-00 00:00:00', 0, '0000-00-00 00:00:00', 0),
(61, 10000060, 34, 3, 11, 13, NULL, 2, 3, 8, NULL, '0000-00-00 00:00:00', 0, '0000-00-00 00:00:00', 0),
(62, 10000060, 28, 3, 1, 7, 3, 8, 7, 6, NULL, '0000-00-00 00:00:00', 0, '0000-00-00 00:00:00', 0),
(63, 10000061, 29, 3, 3, 4, 1, 7, NULL, 5, NULL, '0000-00-00 00:00:00', 0, '0000-00-00 00:00:00', 0),
(64, 10000061, 4, 0, 4, 13, NULL, 3, 2, 5, NULL, '0000-00-00 00:00:00', 0, '0000-00-00 00:00:00', 0),
(65, 10000062, 27, 0, 2, 6, 3, 7, NULL, 8, NULL, '0000-00-00 00:00:00', 0, '0000-00-00 00:00:00', 0),
(66, 10000063, 23, 0, 3, 14, 2, 1, 4, 6, NULL, '0000-00-00 00:00:00', 0, '0000-00-00 00:00:00', 0),
(67, 10000064, 26, 2, 0, 0, 4, 4, 4, 5, NULL, '0000-00-00 00:00:00', 0, '0000-00-00 00:00:00', 0),
(68, 10000064, 36, 2, 3, 14, 1, 1, 3, 6, NULL, '0000-00-00 00:00:00', 0, '0000-00-00 00:00:00', 0),
(69, 10000065, 7, 0, 12, 14, 4, 2, 1, 1, NULL, '0000-00-00 00:00:00', 0, '0000-00-00 00:00:00', 0),
(70, 10000065, 37, 0, 7, 11, 2, 2, 4, 5, NULL, '0000-00-00 00:00:00', 0, '0000-00-00 00:00:00', 0),
(71, 10000067, 40, 2, 13, 13, 4, NULL, 3, 7, NULL, '0000-00-00 00:00:00', 0, '0000-00-00 00:00:00', 0),
(72, 10000067, 13, 0, 14, 14, 1, 7, 4, 5, NULL, '0000-00-00 00:00:00', 0, '0000-00-00 00:00:00', 0),
(73, 10000068, 27, 2, 2, 7, 3, 5, 7, 6, NULL, '0000-00-00 00:00:00', 0, '0000-00-00 00:00:00', 0),
(74, 10000069, 35, 3, 12, 12, 1, 6, 2, 6, NULL, '0000-00-00 00:00:00', 0, '0000-00-00 00:00:00', 0),
(75, 10000069, 41, 4, 10, 14, 3, 7, 1, 3, NULL, '0000-00-00 00:00:00', 0, '0000-00-00 00:00:00', 0),
(76, 10000071, 6, 2, 10, 14, 3, 2, 7, 5, NULL, '0000-00-00 00:00:00', 0, '0000-00-00 00:00:00', 0),
(77, 10000072, 7, 3, 5, 8, 4, 4, 7, 8, NULL, '0000-00-00 00:00:00', 0, '0000-00-00 00:00:00', 0),
(78, 10000073, 41, 4, 13, 14, 3, 5, 5, 2, NULL, '0000-00-00 00:00:00', 0, '0000-00-00 00:00:00', 0),
(79, 10000074, 1, 4, 6, 6, NULL, 3, 2, 2, NULL, '0000-00-00 00:00:00', 0, '0000-00-00 00:00:00', 0),
(80, 10000074, 37, 0, 7, 14, NULL, 6, 3, 6, NULL, '0000-00-00 00:00:00', 0, '0000-00-00 00:00:00', 0),
(81, 10000076, 4, 4, 14, 14, 2, 4, NULL, 7, NULL, '0000-00-00 00:00:00', 0, '0000-00-00 00:00:00', 0),
(82, 10000077, 27, 3, 7, 8, 1, 7, 2, 7, NULL, '0000-00-00 00:00:00', 0, '0000-00-00 00:00:00', 0),
(83, 10000077, 16, 4, 8, 14, 3, 1, 6, 5, NULL, '0000-00-00 00:00:00', 0, '0000-00-00 00:00:00', 0),
(98, 10000085, 32, 0, 4, 4, NULL, NULL, 5, 7, NULL, '0000-00-00 00:00:00', 0, '0000-00-00 00:00:00', 0),
(99, 10000085, 2, 4, 3, 10, NULL, 1, 2, 5, NULL, '0000-00-00 00:00:00', 0, '0000-00-00 00:00:00', 0),
(100, 10000086, 11, 3, 7, 10, NULL, NULL, 6, 3, NULL, '0000-00-00 00:00:00', 0, '0000-00-00 00:00:00', 0),
(101, 10000087, 18, 1, 1, 2, NULL, 7, NULL, 5, NULL, '0000-00-00 00:00:00', 0, '0000-00-00 00:00:00', 0),
(102, 10000088, 4, 2, 13, 13, NULL, 4, 4, 5, NULL, '0000-00-00 00:00:00', 0, '0000-00-00 00:00:00', 0),
(103, 10000088, 9, 2, 2, 10, 1, 2, 4, 1, NULL, '0000-00-00 00:00:00', 0, '0000-00-00 00:00:00', 0),
(104, 10000089, 6, 2, 3, 9, 2, 8, 2, 7, NULL, '0000-00-00 00:00:00', 0, '0000-00-00 00:00:00', 0),
(105, 10000090, 6, 2, 5, 14, 1, NULL, 1, 2, NULL, '0000-00-00 00:00:00', 0, '0000-00-00 00:00:00', 0),
(106, 10000092, 10, 2, 0, 0, 1, 8, 3, 4, NULL, '0000-00-00 00:00:00', 0, '0000-00-00 00:00:00', 0),
(107, 10000093, 38, 1, 4, 9, 3, 6, NULL, 2, NULL, '0000-00-00 00:00:00', 0, '0000-00-00 00:00:00', 0),
(108, 10000093, 28, 1, 4, 10, 2, 1, 6, 8, NULL, '0000-00-00 00:00:00', 0, '0000-00-00 00:00:00', 0),
(109, 10000094, 8, 4, 5, 6, NULL, 4, 7, 8, NULL, '0000-00-00 00:00:00', 0, '0000-00-00 00:00:00', 0),
(110, 10000094, 13, 3, 9, 11, 1, 5, NULL, 6, NULL, '0000-00-00 00:00:00', 0, '0000-00-00 00:00:00', 0),
(111, 10000095, 32, 0, 4, 8, NULL, NULL, NULL, 5, NULL, '0000-00-00 00:00:00', 0, '0000-00-00 00:00:00', 0),
(112, 10000095, 20, 3, 8, 8, 3, 2, 5, NULL, NULL, '0000-00-00 00:00:00', 0, '0000-00-00 00:00:00', 0),
(113, 10000096, 25, 0, 7, 11, 1, 5, NULL, NULL, NULL, '0000-00-00 00:00:00', 0, '0000-00-00 00:00:00', 0),
(114, 10000096, 2, 2, 5, 11, 1, 8, 7, NULL, NULL, '0000-00-00 00:00:00', 0, '0000-00-00 00:00:00', 0),
(115, 10000097, 37, 4, 2, 4, 1, 6, 3, 5, NULL, '0000-00-00 00:00:00', 0, '0000-00-00 00:00:00', 0),
(116, 10000099, 8, 4, 9, 13, 1, NULL, 5, 7, NULL, '0000-00-00 00:00:00', 0, '0000-00-00 00:00:00', 0),
(117, 10000099, 21, 0, 1, 4, 3, 1, 1, NULL, NULL, '0000-00-00 00:00:00', 0, '0000-00-00 00:00:00', 0),
(118, 10000100, 39, 0, 6, 13, 1, 6, 2, 2, NULL, '0000-00-00 00:00:00', 0, '0000-00-00 00:00:00', 0),
(119, 10000100, 31, 2, 4, 10, 4, NULL, 7, 1, NULL, '0000-00-00 00:00:00', 0, '0000-00-00 00:00:00', 0),
(120, 10000102, 15, 0, 6, 14, 1, 5, 2, 1, NULL, '0000-00-00 00:00:00', 0, '0000-00-00 00:00:00', 0),
(121, 10000102, 2, 4, 2, 6, NULL, 7, NULL, 2, NULL, '0000-00-00 00:00:00', 0, '0000-00-00 00:00:00', 0),
(122, 10000104, 35, 3, 2, 14, 4, 1, 2, 6, NULL, '0000-00-00 00:00:00', 0, '0000-00-00 00:00:00', 0),
(123, 10000106, 6, 2, 3, 12, 2, NULL, 6, 8, NULL, '0000-00-00 00:00:00', 0, '0000-00-00 00:00:00', 0),
(124, 10000107, 36, 4, 13, 14, 4, 1, 2, 7, NULL, '0000-00-00 00:00:00', 0, '0000-00-00 00:00:00', 0),
(125, 10000108, 36, 4, 6, 14, 1, 8, NULL, 8, NULL, '0000-00-00 00:00:00', 0, '0000-00-00 00:00:00', 0),
(126, 10000111, 39, 1, 0, 0, 4, 5, 6, NULL, NULL, '0000-00-00 00:00:00', 0, '0000-00-00 00:00:00', 0),
(127, 10000111, 30, 3, 3, 5, NULL, NULL, NULL, NULL, NULL, '0000-00-00 00:00:00', 0, '0000-00-00 00:00:00', 0),
(128, 10000112, 31, 3, 6, 10, NULL, 7, 1, 5, NULL, '0000-00-00 00:00:00', 0, '0000-00-00 00:00:00', 0),
(129, 10000112, 41, 4, 11, 12, 3, NULL, 5, 1, NULL, '0000-00-00 00:00:00', 0, '0000-00-00 00:00:00', 0),
(130, 10000113, 16, 1, 6, 6, 4, 7, NULL, 1, NULL, '0000-00-00 00:00:00', 0, '0000-00-00 00:00:00', 0),
(131, 10000116, 4, 4, 7, 7, 2, NULL, 4, 6, NULL, '0000-00-00 00:00:00', 0, '0000-00-00 00:00:00', 0),
(132, 10000116, 26, 3, 9, 10, NULL, 1, 1, 3, NULL, '0000-00-00 00:00:00', 0, '0000-00-00 00:00:00', 0),
(133, 10000117, 32, 3, 3, 8, 4, 5, 5, 7, NULL, '0000-00-00 00:00:00', 0, '0000-00-00 00:00:00', 0),
(134, 10000119, 39, 1, 5, 14, 3, 4, 4, 2, NULL, '0000-00-00 00:00:00', 0, '0000-00-00 00:00:00', 0),
(135, 10000120, 28, 4, 0, 0, NULL, 3, 1, NULL, NULL, '0000-00-00 00:00:00', 0, '0000-00-00 00:00:00', 0),
(136, 10000124, 42, 4, 10, 14, 3, NULL, 4, NULL, NULL, '0000-00-00 00:00:00', 0, '0000-00-00 00:00:00', 0),
(137, 10000124, 5, 1, 6, 8, 3, 8, NULL, 2, NULL, '0000-00-00 00:00:00', 0, '0000-00-00 00:00:00', 0),
(138, 10000125, 8, 3, 12, 14, 3, 7, 7, 2, NULL, '0000-00-00 00:00:00', 0, '0000-00-00 00:00:00', 0),
(139, 10000125, 42, 2, 11, 12, 2, 7, 2, 6, NULL, '0000-00-00 00:00:00', 0, '0000-00-00 00:00:00', 0),
(140, 10000126, 18, 3, 8, 11, 2, NULL, NULL, 4, NULL, '0000-00-00 00:00:00', 0, '0000-00-00 00:00:00', 0),
(141, 10000126, 7, 1, 5, 9, NULL, 4, 1, 6, NULL, '0000-00-00 00:00:00', 0, '0000-00-00 00:00:00', 0),
(142, 10000127, 41, 0, 0, 0, NULL, 7, 2, 2, NULL, '0000-00-00 00:00:00', 0, '0000-00-00 00:00:00', 0),
(143, 10000129, 7, 2, 5, 11, NULL, 4, NULL, NULL, NULL, '0000-00-00 00:00:00', 0, '0000-00-00 00:00:00', 0),
(144, 10000129, 8, 2, 2, 11, NULL, 1, 3, NULL, NULL, '0000-00-00 00:00:00', 0, '0000-00-00 00:00:00', 0),
(145, 10000131, 34, 0, 10, 14, 3, 6, 3, 3, NULL, '0000-00-00 00:00:00', 0, '0000-00-00 00:00:00', 0),
(146, 10000131, 15, 3, 2, 2, 4, 7, 3, 7, NULL, '0000-00-00 00:00:00', 0, '0000-00-00 00:00:00', 0),
(147, 10000134, 38, 1, 12, 13, 3, 6, NULL, 7, NULL, '0000-00-00 00:00:00', 0, '0000-00-00 00:00:00', 0),
(148, 10000134, 12, 3, 6, 13, 1, NULL, NULL, NULL, NULL, '0000-00-00 00:00:00', 0, '0000-00-00 00:00:00', 0),
(149, 10000135, 1, 0, 14, 14, 2, 3, 1, NULL, NULL, '0000-00-00 00:00:00', 0, '0000-00-00 00:00:00', 0),
(150, 10000135, 40, 4, 3, 7, 4, 4, 4, 6, NULL, '0000-00-00 00:00:00', 0, '0000-00-00 00:00:00', 0),
(151, 10000136, 38, 1, 5, 14, 4, 7, 7, 4, NULL, '0000-00-00 00:00:00', 0, '0000-00-00 00:00:00', 0),
(152, 10000137, 35, 3, 0, 0, NULL, 7, 1, NULL, NULL, '0000-00-00 00:00:00', 0, '0000-00-00 00:00:00', 0),
(153, 10000138, 9, 1, 6, 11, 4, 1, 4, 1, NULL, '0000-00-00 00:00:00', 0, '0000-00-00 00:00:00', 0),
(154, 10000139, 32, 1, 3, 3, 2, 4, 5, 6, NULL, '0000-00-00 00:00:00', 0, '0000-00-00 00:00:00', 0),
(155, 10000140, 16, 4, 14, 14, 2, 1, NULL, NULL, NULL, '0000-00-00 00:00:00', 0, '0000-00-00 00:00:00', 0),
(156, 10000141, 27, 0, 2, 4, NULL, 5, 4, 5, NULL, '0000-00-00 00:00:00', 0, '0000-00-00 00:00:00', 0),
(157, 10000141, 29, 4, 11, 11, 2, 7, 1, 7, NULL, '0000-00-00 00:00:00', 0, '0000-00-00 00:00:00', 0),
(158, 102, 3, 2, 5, 13, NULL, NULL, NULL, NULL, '', '2012-03-25 21:39:45', 102, '2012-03-25 21:39:45', 102);

-- --------------------------------------------------------

--
-- Table structure for table `tbl_order_payment`
--

CREATE TABLE IF NOT EXISTS `tbl_order_payment` (
  `id` int(11) NOT NULL AUTO_INCREMENT,
  `order_id` varchar(20) DEFAULT NULL,
  `user_id` int(11) NOT NULL,
  `bill_fname` varchar(50) DEFAULT NULL,
  `bill_lname` varchar(50) DEFAULT NULL,
  `bill_address1` longtext,
  `bill_address2` longtext,
  `bill_city` varchar(100) DEFAULT NULL,
  `bill_state` varchar(100) DEFAULT NULL,
  `bill_postal_code` varchar(10) DEFAULT NULL,
  `country` varchar(50) DEFAULT NULL,
  `payment_type` enum('1','2','3') DEFAULT '1' COMMENT '1=>credit card,2=>paypal,3=>googl checkout',
  `card_type` int(11) DEFAULT NULL,
  `nameoncard` varchar(50) DEFAULT NULL,
  `cardno` varchar(20) DEFAULT NULL,
  `securitycode` varchar(5) DEFAULT NULL,
  `exp_month` int(11) DEFAULT NULL,
  `exp_year` int(20) DEFAULT NULL,
  `created_date` timestamp NOT NULL DEFAULT CURRENT_TIMESTAMP ON UPDATE CURRENT_TIMESTAMP,
  `totalamount` decimal(12,2) DEFAULT NULL,
  `paidamount` decimal(12,2) DEFAULT NULL,
  `allow_refund_amount` decimal(12,2) DEFAULT NULL,
  `coupon_id` int(11) DEFAULT NULL,
  `discount` int(11) DEFAULT NULL,
  `qty` int(11) NOT NULL DEFAULT '1',
  `credits_id` int(11) DEFAULT NULL,
  `refund_amount` decimal(12,2) DEFAULT '0.00',
  PRIMARY KEY (`id`),
  UNIQUE KEY `id` (`id`)
) ENGINE=MyISAM  DEFAULT CHARSET=latin1 AUTO_INCREMENT=2 ;

--
-- Dumping data for table `tbl_order_payment`
--

INSERT INTO `tbl_order_payment` (`id`, `order_id`, `user_id`, `bill_fname`, `bill_lname`, `bill_address1`, `bill_address2`, `bill_city`, `bill_state`, `bill_postal_code`, `country`, `payment_type`, `card_type`, `nameoncard`, `cardno`, `securitycode`, `exp_month`, `exp_year`, `created_date`, `totalamount`, `paidamount`, `allow_refund_amount`, `coupon_id`, `discount`, `qty`, `credits_id`, `refund_amount`) VALUES
(1, 'mece1001', 100, 'jkp', 'myname', 'jkfa', NULL, 'cfajads', 'AL', '80090', 'India', '1', 1, 'kp', '344764037517055', '112', 8, 2012, '2012-03-23 12:47:20', 20.00, 20.00, 20.00, NULL, NULL, 1, 1, 0.00);

-- --------------------------------------------------------

--
-- Table structure for table `tbl_other_profile`
--

CREATE TABLE IF NOT EXISTS `tbl_other_profile` (
  `id` int(10) unsigned NOT NULL AUTO_INCREMENT,
  `user_id` int(10) unsigned NOT NULL,
  `name` varchar(2) COLLATE utf8_bin DEFAULT NULL,
  `year_begin` tinyint(2) unsigned DEFAULT NULL,
  `year_end` tinyint(2) unsigned DEFAULT NULL,
  `comments` text COLLATE utf8_bin,
  `create_time` datetime NOT NULL,
  `create_user_id` int(11) NOT NULL,
  `update_time` datetime NOT NULL,
  `update_user_id` int(11) NOT NULL,
  PRIMARY KEY (`id`)
) ENGINE=InnoDB  DEFAULT CHARSET=utf8 COLLATE=utf8_bin AUTO_INCREMENT=154 ;

--
-- Dumping data for table `tbl_other_profile`
--

INSERT INTO `tbl_other_profile` (`id`, `user_id`, `name`, `year_begin`, `year_end`, `comments`, `create_time`, `create_user_id`, `update_time`, `update_user_id`) VALUES
(2, 28, 'as', 4, 6, 0x6173646664617366, '2011-10-25 10:20:45', 28, '2011-10-25 10:20:45', 28),
(9, 10000020, 'MN', 6, 7, NULL, '0000-00-00 00:00:00', 0, '0000-00-00 00:00:00', 0),
(10, 10000020, 'QG', 4, 5, NULL, '0000-00-00 00:00:00', 0, '0000-00-00 00:00:00', 0),
(11, 10000021, 'MD', 3, 4, NULL, '0000-00-00 00:00:00', 0, '0000-00-00 00:00:00', 0),
(12, 10000024, 'NH', 2, 3, NULL, '0000-00-00 00:00:00', 0, '0000-00-00 00:00:00', 0),
(13, 10000026, 'MY', 3, 6, NULL, '0000-00-00 00:00:00', 0, '0000-00-00 00:00:00', 0),
(14, 10000026, 'VS', NULL, NULL, NULL, '0000-00-00 00:00:00', 0, '0000-00-00 00:00:00', 0),
(15, 10000030, 'FY', 7, 7, NULL, '0000-00-00 00:00:00', 0, '0000-00-00 00:00:00', 0),
(16, 10000031, 'TY', 1, 3, NULL, '0000-00-00 00:00:00', 0, '0000-00-00 00:00:00', 0),
(17, 10000032, 'WX', 5, 6, NULL, '0000-00-00 00:00:00', 0, '0000-00-00 00:00:00', 0),
(18, 10000033, 'PP', NULL, NULL, NULL, '0000-00-00 00:00:00', 0, '0000-00-00 00:00:00', 0),
(19, 10000034, 'CQ', 1, 3, NULL, '0000-00-00 00:00:00', 0, '0000-00-00 00:00:00', 0),
(20, 10000034, 'CM', 5, 5, NULL, '0000-00-00 00:00:00', 0, '0000-00-00 00:00:00', 0),
(21, 10000039, 'BW', 3, 3, NULL, '0000-00-00 00:00:00', 0, '0000-00-00 00:00:00', 0),
(22, 10000040, 'JS', 6, 7, NULL, '0000-00-00 00:00:00', 0, '0000-00-00 00:00:00', 0),
(23, 10000042, 'VC', 6, 6, NULL, '0000-00-00 00:00:00', 0, '0000-00-00 00:00:00', 0),
(24, 10000042, 'JL', 5, 7, NULL, '0000-00-00 00:00:00', 0, '0000-00-00 00:00:00', 0),
(25, 10000043, 'ZJ', 7, 7, NULL, '0000-00-00 00:00:00', 0, '0000-00-00 00:00:00', 0),
(26, 10000045, 'EX', 7, 7, NULL, '0000-00-00 00:00:00', 0, '0000-00-00 00:00:00', 0),
(27, 10000045, 'QO', 7, 7, NULL, '0000-00-00 00:00:00', 0, '0000-00-00 00:00:00', 0),
(28, 10000046, 'AU', 1, 3, NULL, '0000-00-00 00:00:00', 0, '0000-00-00 00:00:00', 0),
(29, 10000046, 'KO', 5, 5, NULL, '0000-00-00 00:00:00', 0, '0000-00-00 00:00:00', 0),
(30, 10000047, 'BF', 5, 5, NULL, '0000-00-00 00:00:00', 0, '0000-00-00 00:00:00', 0),
(31, 10000047, 'SU', 4, 7, NULL, '0000-00-00 00:00:00', 0, '0000-00-00 00:00:00', 0),
(32, 10000048, 'VG', 6, 6, NULL, '0000-00-00 00:00:00', 0, '0000-00-00 00:00:00', 0),
(33, 10000050, 'MQ', 4, 5, NULL, '0000-00-00 00:00:00', 0, '0000-00-00 00:00:00', 0),
(34, 10000050, 'RA', 7, 7, NULL, '0000-00-00 00:00:00', 0, '0000-00-00 00:00:00', 0),
(35, 10000051, 'MI', 6, 6, NULL, '0000-00-00 00:00:00', 0, '0000-00-00 00:00:00', 0),
(36, 10000053, 'OH', 2, 7, NULL, '0000-00-00 00:00:00', 0, '0000-00-00 00:00:00', 0),
(37, 10000053, 'CD', NULL, NULL, NULL, '0000-00-00 00:00:00', 0, '0000-00-00 00:00:00', 0),
(38, 10000054, 'DR', 4, 5, NULL, '0000-00-00 00:00:00', 0, '0000-00-00 00:00:00', 0),
(39, 10000054, 'PI', 4, 7, NULL, '0000-00-00 00:00:00', 0, '0000-00-00 00:00:00', 0),
(40, 10000055, 'KA', NULL, NULL, NULL, '0000-00-00 00:00:00', 0, '0000-00-00 00:00:00', 0),
(41, 10000055, 'US', 6, 6, NULL, '0000-00-00 00:00:00', 0, '0000-00-00 00:00:00', 0),
(42, 10000057, 'MV', 4, 7, NULL, '0000-00-00 00:00:00', 0, '0000-00-00 00:00:00', 0),
(43, 10000058, 'OT', 2, 6, NULL, '0000-00-00 00:00:00', 0, '0000-00-00 00:00:00', 0),
(44, 10000059, 'JJ', 7, 7, NULL, '0000-00-00 00:00:00', 0, '0000-00-00 00:00:00', 0),
(45, 10000059, 'QA', 6, 7, NULL, '0000-00-00 00:00:00', 0, '0000-00-00 00:00:00', 0),
(46, 10000060, 'XH', 2, 2, NULL, '0000-00-00 00:00:00', 0, '0000-00-00 00:00:00', 0),
(47, 10000060, 'WZ', 7, 7, NULL, '0000-00-00 00:00:00', 0, '0000-00-00 00:00:00', 0),
(48, 10000063, 'BL', 1, 3, NULL, '0000-00-00 00:00:00', 0, '0000-00-00 00:00:00', 0),
(49, 10000063, 'ZG', NULL, NULL, NULL, '0000-00-00 00:00:00', 0, '0000-00-00 00:00:00', 0),
(50, 10000064, 'BP', 7, 7, NULL, '0000-00-00 00:00:00', 0, '0000-00-00 00:00:00', 0),
(51, 10000066, 'QP', 3, 3, NULL, '0000-00-00 00:00:00', 0, '0000-00-00 00:00:00', 0),
(52, 10000066, 'RS', 4, 7, NULL, '0000-00-00 00:00:00', 0, '0000-00-00 00:00:00', 0),
(53, 10000067, 'HW', 6, 6, NULL, '0000-00-00 00:00:00', 0, '0000-00-00 00:00:00', 0),
(54, 10000070, 'CS', 1, 5, NULL, '0000-00-00 00:00:00', 0, '0000-00-00 00:00:00', 0),
(55, 10000070, 'VO', 4, 6, NULL, '0000-00-00 00:00:00', 0, '0000-00-00 00:00:00', 0),
(56, 10000072, 'OX', 2, 5, NULL, '0000-00-00 00:00:00', 0, '0000-00-00 00:00:00', 0),
(57, 10000072, 'LU', 3, 7, NULL, '0000-00-00 00:00:00', 0, '0000-00-00 00:00:00', 0),
(58, 10000073, 'XV', 5, 7, NULL, '0000-00-00 00:00:00', 0, '0000-00-00 00:00:00', 0),
(59, 10000073, 'EH', 5, 6, NULL, '0000-00-00 00:00:00', 0, '0000-00-00 00:00:00', 0),
(60, 10000074, 'ZJ', 2, 7, NULL, '0000-00-00 00:00:00', 0, '0000-00-00 00:00:00', 0),
(61, 10000074, 'HK', 1, 3, NULL, '0000-00-00 00:00:00', 0, '0000-00-00 00:00:00', 0),
(62, 10000075, 'DX', 1, 5, NULL, '0000-00-00 00:00:00', 0, '0000-00-00 00:00:00', 0),
(63, 10000076, 'IE', 3, 5, NULL, '0000-00-00 00:00:00', 0, '0000-00-00 00:00:00', 0),
(64, 10000076, 'KQ', 1, 7, NULL, '0000-00-00 00:00:00', 0, '0000-00-00 00:00:00', 0),
(65, 10000078, 'JO', 2, 5, NULL, '0000-00-00 00:00:00', 0, '0000-00-00 00:00:00', 0),
(96, 10000085, 'UI', 1, 5, NULL, '0000-00-00 00:00:00', 0, '0000-00-00 00:00:00', 0),
(97, 10000087, 'QV', 7, 7, NULL, '0000-00-00 00:00:00', 0, '0000-00-00 00:00:00', 0),
(98, 10000088, 'KL', 2, 6, NULL, '0000-00-00 00:00:00', 0, '0000-00-00 00:00:00', 0),
(99, 10000090, 'KY', 7, 7, NULL, '0000-00-00 00:00:00', 0, '0000-00-00 00:00:00', 0),
(100, 10000090, 'ER', 7, 7, NULL, '0000-00-00 00:00:00', 0, '0000-00-00 00:00:00', 0),
(101, 10000091, 'QR', 6, 6, NULL, '0000-00-00 00:00:00', 0, '0000-00-00 00:00:00', 0),
(102, 10000091, 'WZ', 2, 2, NULL, '0000-00-00 00:00:00', 0, '0000-00-00 00:00:00', 0),
(103, 10000093, 'OW', 7, 7, NULL, '0000-00-00 00:00:00', 0, '0000-00-00 00:00:00', 0),
(104, 10000094, 'EX', 3, 5, NULL, '0000-00-00 00:00:00', 0, '0000-00-00 00:00:00', 0),
(105, 10000095, 'LN', 4, 5, NULL, '0000-00-00 00:00:00', 0, '0000-00-00 00:00:00', 0),
(106, 10000095, 'BT', 6, 7, NULL, '0000-00-00 00:00:00', 0, '0000-00-00 00:00:00', 0),
(107, 10000096, 'YT', 7, 7, NULL, '0000-00-00 00:00:00', 0, '0000-00-00 00:00:00', 0),
(108, 10000096, 'LZ', 1, 4, NULL, '0000-00-00 00:00:00', 0, '0000-00-00 00:00:00', 0),
(109, 10000097, 'YX', 5, 6, NULL, '0000-00-00 00:00:00', 0, '0000-00-00 00:00:00', 0),
(110, 10000098, 'YZ', 4, 4, NULL, '0000-00-00 00:00:00', 0, '0000-00-00 00:00:00', 0),
(111, 10000098, 'KA', 1, 6, NULL, '0000-00-00 00:00:00', 0, '0000-00-00 00:00:00', 0),
(112, 10000100, 'TE', 6, 6, NULL, '0000-00-00 00:00:00', 0, '0000-00-00 00:00:00', 0),
(113, 10000100, 'QP', 4, 5, NULL, '0000-00-00 00:00:00', 0, '0000-00-00 00:00:00', 0),
(114, 10000101, 'CR', NULL, NULL, NULL, '0000-00-00 00:00:00', 0, '0000-00-00 00:00:00', 0),
(115, 10000102, 'GW', 2, 3, NULL, '0000-00-00 00:00:00', 0, '0000-00-00 00:00:00', 0),
(116, 10000102, 'WO', 7, 7, NULL, '0000-00-00 00:00:00', 0, '0000-00-00 00:00:00', 0),
(117, 10000105, 'PZ', 1, 5, NULL, '0000-00-00 00:00:00', 0, '0000-00-00 00:00:00', 0),
(118, 10000105, 'ST', 3, 3, NULL, '0000-00-00 00:00:00', 0, '0000-00-00 00:00:00', 0),
(119, 10000106, 'AR', 1, 4, NULL, '0000-00-00 00:00:00', 0, '0000-00-00 00:00:00', 0),
(120, 10000106, 'PG', 5, 7, NULL, '0000-00-00 00:00:00', 0, '0000-00-00 00:00:00', 0),
(121, 10000107, 'BQ', 2, 2, NULL, '0000-00-00 00:00:00', 0, '0000-00-00 00:00:00', 0),
(122, 10000108, 'VT', NULL, NULL, NULL, '0000-00-00 00:00:00', 0, '0000-00-00 00:00:00', 0),
(123, 10000111, 'DX', 2, 5, NULL, '0000-00-00 00:00:00', 0, '0000-00-00 00:00:00', 0),
(124, 10000113, 'OE', 7, 7, NULL, '0000-00-00 00:00:00', 0, '0000-00-00 00:00:00', 0),
(125, 10000113, 'JG', 2, 7, NULL, '0000-00-00 00:00:00', 0, '0000-00-00 00:00:00', 0),
(126, 10000114, 'HX', 3, 7, NULL, '0000-00-00 00:00:00', 0, '0000-00-00 00:00:00', 0),
(127, 10000116, 'OM', 7, 7, NULL, '0000-00-00 00:00:00', 0, '0000-00-00 00:00:00', 0),
(128, 10000116, 'XR', 6, 7, NULL, '0000-00-00 00:00:00', 0, '0000-00-00 00:00:00', 0),
(129, 10000118, 'LE', 1, 3, NULL, '0000-00-00 00:00:00', 0, '0000-00-00 00:00:00', 0),
(130, 10000118, 'YG', 5, 7, NULL, '0000-00-00 00:00:00', 0, '0000-00-00 00:00:00', 0),
(131, 10000119, 'WC', 7, 7, NULL, '0000-00-00 00:00:00', 0, '0000-00-00 00:00:00', 0),
(132, 10000123, 'AH', 3, 3, NULL, '0000-00-00 00:00:00', 0, '0000-00-00 00:00:00', 0),
(133, 10000123, 'MH', 6, 6, NULL, '0000-00-00 00:00:00', 0, '0000-00-00 00:00:00', 0),
(134, 10000124, 'WS', 3, 7, NULL, '0000-00-00 00:00:00', 0, '0000-00-00 00:00:00', 0),
(135, 10000124, 'DN', 3, 7, NULL, '0000-00-00 00:00:00', 0, '0000-00-00 00:00:00', 0),
(136, 10000127, 'AS', 4, 4, NULL, '0000-00-00 00:00:00', 0, '0000-00-00 00:00:00', 0),
(137, 10000128, 'MA', 1, 2, NULL, '0000-00-00 00:00:00', 0, '0000-00-00 00:00:00', 0),
(138, 10000128, 'WQ', 7, 7, NULL, '0000-00-00 00:00:00', 0, '0000-00-00 00:00:00', 0),
(139, 10000129, 'AJ', 1, 4, NULL, '0000-00-00 00:00:00', 0, '0000-00-00 00:00:00', 0),
(140, 10000129, 'WS', 6, 6, NULL, '0000-00-00 00:00:00', 0, '0000-00-00 00:00:00', 0),
(141, 10000131, 'ZC', 6, 6, NULL, '0000-00-00 00:00:00', 0, '0000-00-00 00:00:00', 0),
(142, 10000131, 'ZR', 2, 2, NULL, '0000-00-00 00:00:00', 0, '0000-00-00 00:00:00', 0),
(143, 10000132, 'GV', 3, 4, NULL, '0000-00-00 00:00:00', 0, '0000-00-00 00:00:00', 0),
(144, 10000133, 'PZ', 5, 6, NULL, '0000-00-00 00:00:00', 0, '0000-00-00 00:00:00', 0),
(145, 10000134, 'LU', 2, 4, NULL, '0000-00-00 00:00:00', 0, '0000-00-00 00:00:00', 0),
(146, 10000136, 'YF', 1, 7, NULL, '0000-00-00 00:00:00', 0, '0000-00-00 00:00:00', 0),
(147, 10000136, 'QV', 6, 7, NULL, '0000-00-00 00:00:00', 0, '0000-00-00 00:00:00', 0),
(148, 10000137, 'BJ', 4, 6, NULL, '0000-00-00 00:00:00', 0, '0000-00-00 00:00:00', 0),
(149, 10000140, 'GF', 2, 7, NULL, '0000-00-00 00:00:00', 0, '0000-00-00 00:00:00', 0),
(150, 10000140, 'SF', 5, 6, NULL, '0000-00-00 00:00:00', 0, '0000-00-00 00:00:00', 0),
(151, 102, 'fg', 5, 6, '', '2012-03-25 21:40:45', 102, '2012-03-25 21:40:45', 102),
(152, 102, 'fg', 5, 6, '', '2012-03-25 21:40:45', 102, '2012-03-25 21:40:45', 102),
(153, 102, 'df', 2, 6, '', '2012-03-25 21:40:45', 102, '2012-03-25 21:40:45', 102);

-- --------------------------------------------------------

--
-- Table structure for table `tbl_other_school_admit_profile`
--

CREATE TABLE IF NOT EXISTS `tbl_other_school_admit_profile` (
  `id` int(10) unsigned NOT NULL AUTO_INCREMENT,
  `user_id` int(10) unsigned NOT NULL,
  `otherschool_id` mediumint(6) DEFAULT NULL,
  `create_time` datetime DEFAULT NULL,
  `create_user_id` int(10) DEFAULT NULL,
  `update_time` datetime DEFAULT NULL,
  `update_user_id` int(10) DEFAULT NULL,
  PRIMARY KEY (`id`)
) ENGINE=InnoDB  DEFAULT CHARSET=utf8 COLLATE=utf8_bin AUTO_INCREMENT=41 ;

--
-- Dumping data for table `tbl_other_school_admit_profile`
--

INSERT INTO `tbl_other_school_admit_profile` (`id`, `user_id`, `otherschool_id`, `create_time`, `create_user_id`, `update_time`, `update_user_id`) VALUES
(6, 28, 1805, '2011-10-25 11:08:58', 28, '2011-10-25 11:08:58', 28),
(8, 28, 779, '2011-10-25 11:11:44', 28, '2011-10-25 11:11:44', 28),
(9, 28, 1536, '2011-10-25 11:20:12', 28, '2011-10-25 11:20:12', 28),
(10, 28, 2504, '2011-10-25 11:23:25', 28, '2011-10-25 11:23:25', 28),
(11, 28, 1540, '2011-10-25 11:24:19', 28, '2011-10-25 11:24:19', 28),
(12, 29, 2096, '2011-10-31 16:02:06', 29, '2011-10-31 16:02:06', 29),
(13, 66, 833, '2011-11-07 22:30:36', 66, '2011-11-07 22:30:36', 66),
(14, 66, 2135, '2011-11-07 22:30:52', 66, '2011-11-07 22:30:52', 66),
(15, 67, 1881, '2011-11-07 22:40:38', 67, '2011-11-07 22:40:38', 67),
(16, 68, 2320, '2011-11-07 22:55:54', 68, '2011-11-07 22:55:54', 68),
(17, 68, 2400, '2011-11-07 22:56:00', 68, '2011-11-07 22:56:00', 68),
(18, 69, 742, '2011-11-07 23:16:24', 69, '2011-11-07 23:16:24', 69),
(19, 70, 1351, '2011-11-08 13:18:54', 70, '2011-11-08 13:18:54', 70),
(20, 71, 85, '2011-11-08 13:33:47', 71, '2011-11-08 13:33:47', 71),
(21, 71, 2048, '2011-11-08 13:33:55', 71, '2011-11-08 13:33:55', 71),
(22, 72, 1684, '2011-11-08 13:41:41', 72, '2011-11-08 13:41:41', 72),
(23, 73, 25, '2011-11-08 15:21:51', 73, '2011-11-08 15:21:51', 73),
(24, 74, 253, '2011-11-08 20:17:26', 74, '2011-11-08 20:17:26', 74),
(25, 75, 1385, '2011-11-08 20:29:36', 75, '2011-11-08 20:29:36', 75),
(26, 79, 2234, '2011-11-08 22:24:11', 79, '2011-11-08 22:24:11', 79),
(27, 81, 1873, '2011-11-08 22:33:43', 81, '2011-11-08 22:33:43', 81),
(28, 82, 455, '2011-11-08 22:37:26', 82, '2011-11-08 22:37:26', 82),
(29, 82, 2504, '2011-11-08 22:37:32', 82, '2011-11-08 22:37:32', 82),
(30, 83, 959, '2011-11-09 11:48:42', 83, '2011-11-09 11:48:42', 83),
(38, 93, 1805, '2011-11-25 22:58:51', 93, '2011-11-25 22:58:51', 93),
(39, 10000146, 2523, '2012-03-26 21:09:42', 10000146, '2012-03-26 21:09:42', 10000146),
(40, 10000148, 1308, '2012-03-26 21:31:07', 10000148, '2012-03-26 21:31:07', 10000148);

-- --------------------------------------------------------

--
-- Table structure for table `tbl_payment_cardtype`
--

CREATE TABLE IF NOT EXISTS `tbl_payment_cardtype` (
  `id` int(11) NOT NULL AUTO_INCREMENT,
  `cardname` varchar(50) NOT NULL,
  `status` tinyint(3) DEFAULT '1',
  `delflg` tinyint(2) DEFAULT '0',
  `shortname` varchar(10) DEFAULT NULL,
  PRIMARY KEY (`id`)
) ENGINE=InnoDB  DEFAULT CHARSET=latin1 AUTO_INCREMENT=5 ;

--
-- Dumping data for table `tbl_payment_cardtype`
--

INSERT INTO `tbl_payment_cardtype` (`id`, `cardname`, `status`, `delflg`, `shortname`) VALUES
(1, 'Visa', 1, 0, 'Visa'),
(2, 'MasterCard', 1, 0, 'MasterCard'),
(3, 'Discover', 1, 0, 'Discover'),
(4, 'American Express', 1, 0, 'Amex');

-- --------------------------------------------------------

--
-- Table structure for table `tbl_payment_refund`
--

CREATE TABLE IF NOT EXISTS `tbl_payment_refund` (
  `id` int(11) NOT NULL AUTO_INCREMENT,
  `order_id` int(11) NOT NULL,
  `user_id` int(11) DEFAULT NULL,
  `refund_amt` decimal(10,2) DEFAULT NULL,
  `refund_date` timestamp NOT NULL DEFAULT CURRENT_TIMESTAMP ON UPDATE CURRENT_TIMESTAMP,
  `status` tinyint(2) DEFAULT '1',
  PRIMARY KEY (`id`)
) ENGINE=InnoDB  DEFAULT CHARSET=latin1 AUTO_INCREMENT=5 ;

--
-- Dumping data for table `tbl_payment_refund`
--

INSERT INTO `tbl_payment_refund` (`id`, `order_id`, `user_id`, `refund_amt`, `refund_date`, `status`) VALUES
(1, 1, 103, 89.00, '2012-02-01 11:11:09', 1),
(2, 1, 103, 90.00, '2012-02-01 11:29:06', 1),
(3, 1, 103, 4.00, '2012-02-01 11:33:54', 1),
(4, 2, 103, 400.00, '2012-02-08 13:14:30', 1);

-- --------------------------------------------------------

--
-- Table structure for table `tbl_personal_profile`
--

CREATE TABLE IF NOT EXISTS `tbl_personal_profile` (
  `user_id` int(10) unsigned NOT NULL,
  `date_of_birth` date DEFAULT NULL,
  `citizenship` char(3) DEFAULT NULL,
  `ethnic_origin` tinyint(3) DEFAULT NULL,
  `legacy_direct` enum('','N','M','F','B') DEFAULT NULL,
  `legacy_indirect` enum('','N','S','O','B') DEFAULT NULL,
  `hometown_zipcode` char(5) DEFAULT NULL,
  `state` tinyint(2) unsigned DEFAULT NULL,
  `income_bracket` enum('','A','B','C','D','E','F','G','H') DEFAULT NULL,
  `parental_status` enum('','M','D','N','C','W','S') DEFAULT NULL,
  `other_schools_admitted` varchar(50) DEFAULT NULL,
  `religion_id` char(2) DEFAULT NULL,
  `foreign_languages_spoken` varchar(30) DEFAULT NULL,
  `current_major` varchar(50) DEFAULT NULL,
  `hs_grad_year` mediumint(4) unsigned DEFAULT NULL,
  `skills` varchar(100) DEFAULT NULL,
  `create_time` datetime DEFAULT NULL,
  `create_user_id` int(10) unsigned DEFAULT NULL,
  `update_time` datetime DEFAULT NULL,
  `update_user_id` int(10) unsigned DEFAULT NULL,
  `country_reside` tinyint(3) unsigned DEFAULT NULL,
  `city` varchar(30) DEFAULT NULL,
  PRIMARY KEY (`user_id`),
  KEY `RELIGION` (`religion_id`)
) ENGINE=InnoDB DEFAULT CHARSET=latin1;

--
-- Dumping data for table `tbl_personal_profile`
--

INSERT INTO `tbl_personal_profile` (`user_id`, `date_of_birth`, `citizenship`, `ethnic_origin`, `legacy_direct`, `legacy_indirect`, `hometown_zipcode`, `state`, `income_bracket`, `parental_status`, `other_schools_admitted`, `religion_id`, `foreign_languages_spoken`, `current_major`, `hs_grad_year`, `skills`, `create_time`, `create_user_id`, `update_time`, `update_user_id`, `country_reside`, `city`) VALUES
(66, '0000-00-00', '1', NULL, 'N', 'N', '94040', 5, 'F', 'M', NULL, NULL, NULL, '11', 2006, NULL, '2011-11-07 22:28:55', 66, '2011-11-07 22:30:27', 66, 1, NULL),
(67, '0000-00-00', '1', 70, 'N', 'N', '', 3, 'C', 'M', NULL, NULL, NULL, '12', 2005, NULL, '2011-11-07 22:39:33', 67, '2011-11-07 22:40:25', 67, 1, NULL),
(68, '0000-00-00', '1', 37, 'N', 'N', '', 15, 'F', 'M', NULL, NULL, NULL, '118', 2010, NULL, '2011-11-07 22:54:44', 68, '2011-11-07 22:55:43', 68, 1, NULL),
(69, '0000-00-00', '1', 1, 'N', 'N', '', 18, 'D', 'M', NULL, NULL, NULL, '95', 2010, NULL, '2011-11-07 23:06:37', 69, '2011-11-07 23:16:16', 69, 1, NULL),
(70, '0000-00-00', '', 4, 'N', 'N', '', 7, 'H', 'M', NULL, NULL, NULL, '163', 2010, NULL, '2011-11-08 12:48:49', 70, '2011-11-08 13:18:23', 70, 1, NULL),
(71, '0000-00-00', '1', NULL, 'M', NULL, '', 16, 'E', 'M', NULL, NULL, NULL, '129', 2011, NULL, '2011-11-08 13:26:48', 71, '2011-11-08 13:33:14', 71, 1, NULL),
(72, '0000-00-00', '1', 58, 'N', 'N', '', 3, 'F', 'M', NULL, NULL, NULL, '63', 2010, NULL, '2011-11-08 13:39:24', 72, '2011-11-08 13:40:38', 72, 1, NULL),
(73, '0000-00-00', '1', 90, 'N', 'N', '', 18, 'E', 'D', NULL, NULL, NULL, '1', 2010, NULL, '2011-11-08 13:56:29', 73, '2011-11-08 15:21:35', 73, 1, NULL),
(74, '0000-00-00', '1', NULL, 'N', 'N', '10023', 34, 'F', 'M', NULL, NULL, NULL, '129', 2010, NULL, '2011-11-08 20:15:59', 74, '2011-11-08 20:17:15', 74, 1, NULL),
(75, '0000-00-00', '1', NULL, 'M', NULL, '', 46, 'F', 'M', NULL, 'A7', NULL, '74', 2011, NULL, '2011-11-08 20:22:08', 75, '2011-11-08 20:29:26', 75, 1, NULL),
(76, '0000-00-00', '1', 21, NULL, 'S', '07470', NULL, 'F', 'M', NULL, 'BD', NULL, '31', 2009, NULL, '2011-11-08 20:38:04', 76, '2011-11-08 20:38:54', 76, 35, NULL),
(77, '0000-00-00', '1', 48, 'N', 'N', '', 45, 'E', 'M', NULL, 'AK', NULL, '173', 2010, NULL, '2011-11-08 20:49:55', 77, '2011-11-08 21:00:37', 77, 1, NULL),
(78, '0000-00-00', '1', 29, 'N', 'N', '', 1, 'D', 'N', NULL, 'A9', NULL, '107', 2010, NULL, '2011-11-08 21:03:29', 78, '2011-11-08 21:20:51', 78, 1, NULL),
(79, '0000-00-00', '1', 4, 'N', 'N', '', 23, 'G', 'M', NULL, 'AZ', NULL, '19', 2011, NULL, '2011-11-08 21:59:41', 79, '2011-11-08 22:22:38', 79, 1, NULL),
(80, '0000-00-00', '1', 87, 'F', 'S', '', 5, 'G', 'M', NULL, 'AM', NULL, '61', 2007, NULL, '2011-11-08 22:27:42', 80, '2011-11-08 22:29:06', 80, 1, NULL),
(81, '0000-00-00', '1', 4, 'N', 'N', '', 8, 'F', 'M', NULL, 'A7', NULL, '51', 2011, NULL, '2011-11-08 22:32:29', 81, '2011-11-08 22:33:36', 81, 1, NULL),
(82, '0000-00-00', '1', 54, 'N', 'N', '', 23, 'F', 'M', NULL, 'A1', NULL, '116', 2011, NULL, '2011-11-08 22:36:28', 82, '2011-11-08 22:37:15', 82, 1, NULL),
(83, '0000-00-00', '1', 4, 'N', 'N', '', NULL, 'E', 'M', NULL, 'A9', NULL, '78', 2010, NULL, '2011-11-09 11:47:14', 83, '2011-11-09 11:48:26', 83, 5, NULL),
(84, '0000-00-00', '', 4, 'N', 'N', '', 16, 'D', 'D', NULL, 'AS', NULL, '43', 2010, NULL, '2011-11-09 21:00:39', 84, '2011-11-09 21:02:04', 84, 1, NULL),
(100, '0000-00-00', '1', 4, 'M', 'N', '10069', 34, NULL, NULL, NULL, NULL, NULL, '18', 2010, NULL, '2011-11-29 16:03:31', 100, '2011-12-11 10:30:39', 100, 1, NULL),
(102, '0000-00-00', '1', 17, 'B', 'B', '', 16, 'C', 'M', NULL, NULL, NULL, '20', 2007, NULL, '2011-11-29 22:38:29', 102, '2012-03-29 16:32:57', 102, 1, ''),
(10000000, NULL, NULL, 30, '', '', NULL, 43, 'G', 'S', NULL, 'AN', NULL, '131', 2009, NULL, NULL, NULL, NULL, NULL, 1, NULL),
(10000001, NULL, '1', NULL, NULL, '', NULL, NULL, 'G', 'M', NULL, 'AL', NULL, '90', 2009, NULL, NULL, NULL, NULL, NULL, 1, NULL),
(10000002, NULL, '1', NULL, '', '', NULL, 52, NULL, '', NULL, NULL, NULL, '112', NULL, NULL, NULL, NULL, NULL, NULL, 1, NULL),
(10000003, NULL, '1', 103, 'M', NULL, NULL, 5, '', 'W', NULL, NULL, NULL, '13', 2011, NULL, NULL, NULL, NULL, NULL, 1, NULL),
(10000004, NULL, '1', NULL, '', 'B', NULL, 46, 'D', 'W', NULL, 'AO', NULL, '116', 2008, NULL, NULL, NULL, NULL, NULL, 1, NULL),
(10000005, NULL, '158', NULL, NULL, '', NULL, NULL, '', NULL, NULL, 'BA', NULL, '37', 2006, NULL, NULL, NULL, NULL, NULL, 1, NULL),
(10000006, NULL, '1', 52, NULL, NULL, NULL, NULL, 'E', 'S', NULL, NULL, NULL, '58', 2005, NULL, NULL, NULL, NULL, NULL, 1, NULL),
(10000007, NULL, '2', NULL, '', '', NULL, 52, NULL, NULL, NULL, NULL, NULL, '55', 2011, NULL, NULL, NULL, NULL, NULL, 1, NULL),
(10000008, NULL, '1', 28, '', '', NULL, 49, NULL, '', NULL, 'A4', NULL, '169', NULL, NULL, NULL, NULL, NULL, NULL, 1, NULL),
(10000009, NULL, '1', 34, '', '', NULL, NULL, 'C', NULL, NULL, 'AH', NULL, '92', 2006, NULL, NULL, NULL, NULL, NULL, 1, NULL),
(10000010, NULL, '63', 75, '', '', NULL, 9, 'G', 'W', NULL, 'A9', NULL, '135', 2011, NULL, NULL, NULL, NULL, NULL, 1, NULL),
(10000011, NULL, '1', 110, '', '', NULL, 27, '', 'W', NULL, 'BD', NULL, '136', 2011, NULL, NULL, NULL, NULL, NULL, 1, NULL),
(10000012, NULL, '20', NULL, '', '', NULL, 17, NULL, 'N', NULL, 'A7', NULL, '121', 2006, NULL, NULL, NULL, NULL, NULL, 1, NULL),
(10000013, NULL, NULL, 35, '', '', NULL, 46, 'G', 'N', NULL, 'BD', NULL, NULL, NULL, NULL, NULL, NULL, NULL, NULL, 1, NULL),
(10000014, NULL, '1', 85, '', '', NULL, 53, 'F', 'D', NULL, 'BB', NULL, '68', 2010, NULL, NULL, NULL, NULL, NULL, 1, NULL),
(10000015, NULL, '1', 25, NULL, '', NULL, NULL, '', NULL, NULL, 'AJ', NULL, '34', 2008, NULL, NULL, NULL, NULL, NULL, 1, NULL),
(10000016, NULL, '1', 40, 'N', NULL, NULL, 4, 'F', 'N', NULL, 'A9', NULL, NULL, 2011, NULL, NULL, NULL, NULL, NULL, 1, NULL),
(10000017, NULL, '1', 112, 'B', NULL, NULL, 31, '', 'M', NULL, 'AK', NULL, '104', 2007, NULL, NULL, NULL, NULL, NULL, 1, NULL),
(10000018, NULL, '2', NULL, '', NULL, NULL, 11, NULL, 'D', NULL, NULL, NULL, '10', NULL, NULL, NULL, NULL, NULL, NULL, 1, NULL),
(10000019, NULL, '1', 69, NULL, '', NULL, 51, 'B', 'D', NULL, 'AC', NULL, '171', NULL, NULL, NULL, NULL, NULL, NULL, 1, NULL),
(10000020, NULL, '98', 25, '', '', NULL, NULL, 'F', 'W', NULL, 'AB', NULL, '164', 2011, NULL, NULL, NULL, NULL, NULL, 1, NULL),
(10000021, NULL, '7', 100, '', '', NULL, 16, '', 'N', NULL, NULL, NULL, '148', 2011, NULL, NULL, NULL, NULL, NULL, 1, NULL),
(10000022, NULL, '1', 52, 'B', '', NULL, 20, 'G', 'M', NULL, NULL, NULL, '80', 2007, NULL, NULL, NULL, NULL, NULL, 1, NULL),
(10000023, NULL, '1', 78, NULL, NULL, NULL, 10, 'F', 'N', NULL, NULL, NULL, '117', 2006, NULL, NULL, NULL, NULL, NULL, 1, NULL),
(10000024, NULL, '135', NULL, '', '', NULL, 28, 'B', 'C', NULL, 'AX', NULL, NULL, 2011, NULL, NULL, NULL, NULL, NULL, 1, NULL),
(10000025, NULL, NULL, NULL, '', '', NULL, NULL, 'C', 'C', NULL, 'A8', NULL, '140', 2005, NULL, NULL, NULL, NULL, NULL, 1, NULL),
(10000026, NULL, '1', 60, NULL, '', NULL, NULL, NULL, '', NULL, 'AV', NULL, '177', 2009, NULL, NULL, NULL, NULL, NULL, 1, NULL),
(10000027, NULL, '1', 70, '', '', NULL, 39, 'A', 'N', NULL, 'BA', NULL, '136', 2007, NULL, NULL, NULL, NULL, NULL, 1, NULL),
(10000028, NULL, '1', 92, '', '', NULL, 40, 'H', 'M', NULL, 'A1', NULL, '134', 2006, NULL, NULL, NULL, NULL, NULL, 1, NULL),
(10000029, NULL, '108', 78, '', '', NULL, 19, '', 'D', NULL, NULL, NULL, '29', 2011, NULL, NULL, NULL, NULL, NULL, 1, NULL),
(10000030, NULL, '1', 74, NULL, '', NULL, 20, 'B', 'M', NULL, 'BA', NULL, NULL, NULL, NULL, NULL, NULL, NULL, NULL, 1, NULL),
(10000031, NULL, '1', 78, '', '', NULL, 24, '', 'S', NULL, 'A8', NULL, '152', NULL, NULL, NULL, NULL, NULL, NULL, 1, NULL),
(10000032, NULL, '43', NULL, '', NULL, NULL, 8, 'D', 'W', NULL, NULL, NULL, '68', 2005, NULL, NULL, NULL, NULL, NULL, 1, NULL),
(10000033, NULL, '1', 82, 'N', NULL, NULL, NULL, '', 'S', NULL, 'AL', NULL, '108', 2006, NULL, NULL, NULL, NULL, NULL, 1, NULL),
(10000034, NULL, '1', NULL, NULL, '', NULL, 13, NULL, 'D', NULL, 'BB', NULL, '76', NULL, NULL, NULL, NULL, NULL, NULL, 1, NULL),
(10000035, NULL, '1', 14, '', '', NULL, NULL, 'G', 'C', NULL, 'A7', NULL, NULL, NULL, NULL, NULL, NULL, NULL, NULL, 1, NULL),
(10000036, NULL, '1', 53, 'B', '', NULL, 25, 'H', 'N', NULL, 'AA', NULL, '47', 2009, NULL, NULL, NULL, NULL, NULL, 1, NULL),
(10000037, NULL, '1', 111, NULL, '', NULL, 41, '', NULL, NULL, 'AG', NULL, NULL, 2006, NULL, NULL, NULL, NULL, NULL, 1, NULL),
(10000038, NULL, '1', 58, '', NULL, NULL, NULL, 'A', 'M', NULL, 'AM', NULL, NULL, 2011, NULL, NULL, NULL, NULL, NULL, 1, NULL),
(10000039, NULL, '1', NULL, '', '', NULL, 49, 'D', 'D', NULL, 'AM', NULL, '104', 2009, NULL, NULL, NULL, NULL, NULL, 1, NULL),
(10000040, NULL, NULL, 63, 'B', '', NULL, 27, 'G', 'N', NULL, 'AI', NULL, '14', NULL, NULL, NULL, NULL, NULL, NULL, 1, NULL),
(10000041, NULL, NULL, 74, '', '', NULL, 16, 'B', 'C', NULL, 'A3', NULL, '136', 2010, NULL, NULL, NULL, NULL, NULL, 1, NULL),
(10000042, NULL, '1', 10, '', NULL, NULL, 34, NULL, 'N', NULL, 'AZ', NULL, NULL, 2005, NULL, NULL, NULL, NULL, NULL, 1, NULL),
(10000043, NULL, '1', 66, '', '', NULL, 17, 'B', 'W', NULL, 'AZ', NULL, NULL, 2005, NULL, NULL, NULL, NULL, NULL, 1, NULL),
(10000044, NULL, NULL, 68, '', '', NULL, NULL, NULL, 'D', NULL, 'AY', NULL, '125', 2008, NULL, NULL, NULL, NULL, NULL, 1, NULL),
(10000045, NULL, '1', 39, '', '', NULL, 8, 'B', 'D', NULL, NULL, NULL, '43', 2005, NULL, NULL, NULL, NULL, NULL, 1, NULL),
(10000046, NULL, NULL, 68, '', '', NULL, 29, 'F', NULL, NULL, NULL, NULL, '56', 2005, NULL, NULL, NULL, NULL, NULL, 1, NULL),
(10000047, NULL, '1', 27, '', '', NULL, 5, 'F', 'C', NULL, 'AQ', NULL, '106', 2011, NULL, NULL, NULL, NULL, NULL, 1, NULL),
(10000048, NULL, '1', 28, NULL, '', NULL, 5, 'D', '', NULL, NULL, NULL, '108', 2009, NULL, NULL, NULL, NULL, NULL, 1, NULL),
(10000049, NULL, '56', 79, '', NULL, NULL, 39, 'F', 'C', NULL, 'A5', NULL, '59', 2007, NULL, NULL, NULL, NULL, NULL, 1, NULL),
(10000050, NULL, '1', 28, '', '', NULL, 8, NULL, NULL, NULL, 'BD', NULL, '85', 2008, NULL, NULL, NULL, NULL, NULL, 1, NULL),
(10000051, NULL, '1', 50, NULL, '', NULL, 4, NULL, NULL, NULL, 'A8', NULL, '164', 2010, NULL, NULL, NULL, NULL, NULL, 1, NULL),
(10000052, NULL, '1', NULL, NULL, '', NULL, 14, 'A', 'N', NULL, 'AD', NULL, '12', 2008, NULL, NULL, NULL, NULL, NULL, 1, NULL),
(10000053, NULL, '91', 79, '', '', NULL, 22, 'F', 'S', NULL, 'AS', NULL, NULL, 2011, NULL, NULL, NULL, NULL, NULL, 1, NULL),
(10000054, NULL, '1', NULL, NULL, '', NULL, 14, 'B', 'N', NULL, 'AR', NULL, '167', 2008, NULL, NULL, NULL, NULL, NULL, 1, NULL),
(10000055, NULL, '1', NULL, '', '', NULL, 6, 'D', 'N', NULL, 'BC', NULL, '105', NULL, NULL, NULL, NULL, NULL, NULL, 1, NULL),
(10000056, NULL, '1', NULL, '', '', NULL, 34, NULL, NULL, NULL, 'AO', NULL, '175', NULL, NULL, NULL, NULL, NULL, NULL, 1, NULL),
(10000057, NULL, '1', 34, '', '', NULL, NULL, 'C', NULL, NULL, 'A7', NULL, '86', 2011, NULL, NULL, NULL, NULL, NULL, 1, NULL),
(10000058, NULL, '1', 101, '', NULL, NULL, 51, NULL, 'D', NULL, 'AC', NULL, '153', 2009, NULL, NULL, NULL, NULL, NULL, 1, NULL),
(10000059, NULL, '1', 93, NULL, '', NULL, 40, 'B', 'D', NULL, NULL, NULL, '102', 2009, NULL, NULL, NULL, NULL, NULL, 1, NULL),
(10000060, NULL, '1', 65, '', NULL, NULL, 52, 'C', 'C', NULL, NULL, NULL, NULL, 2007, NULL, NULL, NULL, NULL, NULL, 1, NULL),
(10000061, NULL, '1', 111, '', '', NULL, NULL, 'A', 'N', NULL, 'AM', NULL, '14', NULL, NULL, NULL, NULL, NULL, NULL, 1, NULL),
(10000062, NULL, '1', NULL, NULL, NULL, NULL, 36, 'E', 'C', NULL, NULL, NULL, '114', NULL, NULL, NULL, NULL, NULL, NULL, 1, NULL),
(10000063, NULL, '1', 31, '', '', NULL, 47, 'B', 'C', NULL, NULL, NULL, '19', 2010, NULL, NULL, NULL, NULL, NULL, 1, NULL),
(10000064, NULL, '171', 101, '', '', NULL, 41, NULL, 'M', NULL, NULL, NULL, '161', 2008, NULL, NULL, NULL, NULL, NULL, 1, NULL),
(10000065, NULL, '1', 23, NULL, '', NULL, 27, '', '', NULL, 'AS', NULL, '29', 2006, NULL, NULL, NULL, NULL, NULL, 1, NULL),
(10000066, NULL, '1', NULL, '', '', NULL, 50, 'D', '', NULL, 'A1', NULL, '32', 2005, NULL, NULL, NULL, NULL, NULL, 1, NULL),
(10000067, NULL, '1', 84, '', '', NULL, 35, 'G', 'N', NULL, 'BA', NULL, NULL, NULL, NULL, NULL, NULL, NULL, NULL, 1, NULL),
(10000068, NULL, NULL, 1, '', NULL, NULL, 13, 'A', 'S', NULL, 'AV', NULL, '150', 2010, NULL, NULL, NULL, NULL, NULL, 1, NULL),
(10000069, NULL, NULL, 1, '', '', NULL, 5, 'B', NULL, NULL, 'AC', NULL, '84', 2007, NULL, NULL, NULL, NULL, NULL, 1, NULL),
(10000070, NULL, '171', 79, '', '', NULL, 45, 'F', 'M', NULL, NULL, NULL, '154', 2011, NULL, NULL, NULL, NULL, NULL, 1, NULL),
(10000071, NULL, '1', 10, '', '', NULL, 17, 'F', 'C', NULL, 'AR', NULL, '23', NULL, NULL, NULL, NULL, NULL, NULL, 1, NULL),
(10000072, NULL, '1', NULL, '', '', NULL, 38, 'E', NULL, NULL, 'AT', NULL, '32', 2009, NULL, NULL, NULL, NULL, NULL, 1, NULL),
(10000073, NULL, '1', 47, '', '', NULL, 26, NULL, NULL, NULL, 'BD', NULL, '173', 2009, NULL, NULL, NULL, NULL, NULL, 1, NULL),
(10000074, NULL, '1', 90, NULL, '', NULL, NULL, 'B', 'N', NULL, 'A3', NULL, NULL, 2007, NULL, NULL, NULL, NULL, NULL, 1, NULL),
(10000075, NULL, '1', 109, 'F', '', NULL, NULL, 'C', 'C', NULL, 'AC', NULL, '150', 2007, NULL, NULL, NULL, NULL, NULL, 1, NULL),
(10000076, NULL, NULL, 59, '', '', NULL, 30, 'D', 'W', NULL, 'AJ', NULL, '21', 2010, NULL, NULL, NULL, NULL, NULL, 1, NULL),
(10000077, NULL, '170', 19, '', '', NULL, 44, NULL, 'C', NULL, 'A4', NULL, '102', NULL, NULL, NULL, NULL, NULL, NULL, 1, NULL),
(10000078, NULL, '1', 51, '', '', NULL, 1, 'E', 'S', NULL, 'BA', NULL, '97', 2010, NULL, NULL, NULL, NULL, NULL, NULL, NULL),
(10000085, NULL, '1', NULL, '', '', NULL, 50, 'H', 'S', NULL, NULL, NULL, '61', 2008, NULL, NULL, NULL, NULL, NULL, NULL, NULL),
(10000086, NULL, '1', 66, '', NULL, NULL, 38, 'C', 'M', NULL, 'AV', NULL, '118', 2009, NULL, NULL, NULL, NULL, NULL, NULL, NULL),
(10000087, NULL, '1', NULL, 'N', NULL, NULL, 43, 'F', NULL, NULL, 'A9', NULL, NULL, 2007, NULL, NULL, NULL, NULL, NULL, NULL, NULL),
(10000088, NULL, '1', NULL, '', '', NULL, 40, 'B', 'M', NULL, NULL, NULL, NULL, 2011, NULL, NULL, NULL, NULL, NULL, NULL, NULL),
(10000089, NULL, '1', NULL, NULL, NULL, NULL, 42, '', 'M', NULL, 'BC', NULL, '154', 2007, NULL, NULL, NULL, NULL, NULL, NULL, NULL),
(10000090, NULL, '1', NULL, '', '', NULL, 39, 'A', 'N', NULL, 'AW', NULL, NULL, 2010, NULL, NULL, NULL, NULL, NULL, NULL, NULL),
(10000091, NULL, NULL, 89, 'M', NULL, NULL, NULL, 'F', 'S', NULL, 'A3', NULL, '96', 2005, NULL, NULL, NULL, NULL, NULL, NULL, NULL),
(10000092, NULL, '180', 26, '', '', NULL, NULL, 'E', 'M', NULL, 'BC', NULL, NULL, 2011, NULL, NULL, NULL, NULL, NULL, NULL, NULL),
(10000093, NULL, '1', NULL, '', '', NULL, 21, NULL, 'N', NULL, 'BC', NULL, NULL, 2009, NULL, NULL, NULL, NULL, NULL, NULL, NULL),
(10000094, NULL, '1', 37, NULL, '', NULL, 32, 'A', '', NULL, 'BA', NULL, '173', 2010, NULL, NULL, NULL, NULL, NULL, NULL, NULL),
(10000095, NULL, '1', 39, '', '', NULL, 15, 'E', 'N', NULL, 'A5', NULL, '110', 2005, NULL, NULL, NULL, NULL, NULL, NULL, NULL),
(10000096, NULL, '1', 52, NULL, '', NULL, 17, 'E', 'S', NULL, 'AV', NULL, '15', 2005, NULL, NULL, NULL, NULL, NULL, NULL, NULL),
(10000097, NULL, '1', NULL, '', '', NULL, 52, NULL, 'M', NULL, 'AZ', NULL, '166', 2011, NULL, NULL, NULL, NULL, NULL, NULL, NULL),
(10000098, NULL, '124', 73, '', '', NULL, 26, 'A', 'C', NULL, 'A6', NULL, '130', 2005, NULL, NULL, NULL, NULL, NULL, NULL, NULL),
(10000099, NULL, '1', 59, '', '', NULL, 29, 'D', 'M', NULL, 'BA', NULL, NULL, NULL, NULL, NULL, NULL, NULL, NULL, NULL, NULL),
(10000100, NULL, '1', 92, '', '', NULL, 9, 'B', 'N', NULL, 'AC', NULL, NULL, 2006, NULL, NULL, NULL, NULL, NULL, NULL, NULL),
(10000101, NULL, '1', 84, '', '', NULL, 35, 'E', 'M', NULL, 'AM', NULL, NULL, 2006, NULL, NULL, NULL, NULL, NULL, NULL, NULL),
(10000102, NULL, '1', 106, '', NULL, NULL, 46, 'G', 'D', NULL, 'A8', NULL, NULL, 2011, NULL, NULL, NULL, NULL, NULL, NULL, NULL),
(10000103, NULL, '1', 110, '', 'O', NULL, NULL, NULL, 'W', NULL, 'A2', NULL, '119', NULL, NULL, NULL, NULL, NULL, NULL, NULL, NULL),
(10000104, NULL, '1', 85, '', '', NULL, 28, NULL, 'M', NULL, 'AB', NULL, '40', 2008, NULL, NULL, NULL, NULL, NULL, NULL, NULL),
(10000105, NULL, '1', NULL, '', '', NULL, 50, 'H', 'C', NULL, 'AW', NULL, NULL, 2011, NULL, NULL, NULL, NULL, NULL, NULL, NULL),
(10000106, NULL, '1', NULL, '', '', NULL, 3, NULL, 'M', NULL, 'BA', NULL, NULL, 2011, NULL, NULL, NULL, NULL, NULL, NULL, NULL),
(10000107, NULL, NULL, 103, '', NULL, NULL, 15, 'A', 'C', NULL, 'AE', NULL, NULL, 2007, NULL, NULL, NULL, NULL, NULL, NULL, NULL),
(10000108, NULL, '89', 26, '', '', NULL, NULL, 'D', 'N', NULL, 'AC', NULL, '100', 2011, NULL, NULL, NULL, NULL, NULL, NULL, NULL),
(10000109, NULL, NULL, 113, '', '', NULL, 35, NULL, 'M', NULL, 'AU', NULL, '86', 2006, NULL, NULL, NULL, NULL, NULL, NULL, NULL),
(10000110, NULL, '15', 10, '', '', NULL, 23, NULL, 'S', NULL, 'AK', NULL, '43', NULL, NULL, NULL, NULL, NULL, NULL, NULL, NULL),
(10000111, NULL, '37', 12, 'M', '', NULL, NULL, 'H', NULL, NULL, 'AG', NULL, NULL, 2010, NULL, NULL, NULL, NULL, NULL, NULL, NULL),
(10000112, NULL, '1', 17, NULL, NULL, NULL, 30, 'H', 'M', NULL, 'A8', NULL, '41', 2008, NULL, NULL, NULL, NULL, NULL, NULL, NULL),
(10000113, NULL, '147', 80, '', '', NULL, NULL, 'E', 'D', NULL, 'BA', NULL, '5', 2005, NULL, NULL, NULL, NULL, NULL, NULL, NULL),
(10000114, NULL, '53', 69, NULL, '', NULL, 21, '', 'M', NULL, NULL, NULL, '78', 2005, NULL, NULL, NULL, NULL, NULL, NULL, NULL),
(10000115, NULL, '1', NULL, 'N', 'B', NULL, 46, 'D', 'W', NULL, 'A9', NULL, '60', 2008, NULL, NULL, NULL, NULL, NULL, NULL, NULL),
(10000116, NULL, '1', NULL, NULL, '', NULL, 46, 'H', 'W', NULL, NULL, NULL, '148', 2007, NULL, NULL, NULL, NULL, NULL, NULL, NULL),
(10000117, NULL, '1', 84, '', '', NULL, 12, 'G', NULL, NULL, NULL, NULL, NULL, 2006, NULL, NULL, NULL, NULL, NULL, NULL, NULL),
(10000118, NULL, '140', 2, '', '', NULL, NULL, 'B', 'W', NULL, NULL, NULL, '123', NULL, NULL, NULL, NULL, NULL, NULL, NULL, NULL),
(10000119, NULL, '161', 47, '', '', NULL, 38, 'G', NULL, NULL, NULL, NULL, '142', 2010, NULL, NULL, NULL, NULL, NULL, NULL, NULL),
(10000120, NULL, NULL, NULL, '', '', NULL, 45, 'B', 'C', NULL, 'AY', NULL, '35', 2009, NULL, NULL, NULL, NULL, NULL, NULL, NULL),
(10000121, NULL, '1', 73, '', 'S', NULL, 32, 'F', '', NULL, 'AO', NULL, '13', 2010, NULL, NULL, NULL, NULL, NULL, NULL, NULL),
(10000122, NULL, NULL, NULL, '', '', NULL, 33, '', 'M', NULL, 'AZ', NULL, '76', NULL, NULL, NULL, NULL, NULL, NULL, NULL, NULL),
(10000123, NULL, '54', NULL, '', '', NULL, NULL, 'E', 'W', NULL, NULL, NULL, '52', NULL, NULL, NULL, NULL, NULL, NULL, NULL, NULL),
(10000124, NULL, '1', 82, NULL, NULL, NULL, 12, '', 'S', NULL, 'BA', NULL, '8', 2007, NULL, NULL, NULL, NULL, NULL, NULL, NULL),
(10000125, NULL, '1', 121, '', 'N', NULL, 1, 'C', 'M', NULL, 'A9', NULL, '162', 2005, NULL, NULL, NULL, NULL, NULL, NULL, NULL),
(10000126, NULL, '140', NULL, '', '', NULL, NULL, NULL, 'W', NULL, 'BC', NULL, '107', 2009, NULL, NULL, NULL, NULL, NULL, NULL, NULL),
(10000127, NULL, NULL, NULL, '', '', NULL, 34, 'F', 'C', NULL, 'AK', NULL, '59', 2009, NULL, NULL, NULL, NULL, NULL, NULL, NULL),
(10000128, NULL, '1', NULL, '', '', NULL, 13, 'A', 'M', NULL, 'BA', NULL, '125', 2008, NULL, NULL, NULL, NULL, NULL, NULL, NULL),
(10000129, NULL, '156', 90, '', NULL, NULL, 53, 'G', 'D', NULL, 'AV', NULL, '87', 2010, NULL, NULL, NULL, NULL, NULL, NULL, NULL),
(10000130, NULL, '1', 76, NULL, '', NULL, 43, '', NULL, NULL, 'AV', NULL, '99', 2008, NULL, NULL, NULL, NULL, NULL, NULL, NULL),
(10000131, NULL, '1', 64, '', '', NULL, 1, 'E', 'S', NULL, 'A3', NULL, NULL, 2011, NULL, NULL, NULL, NULL, NULL, NULL, NULL),
(10000132, NULL, '1', 66, '', '', NULL, 7, 'H', '', NULL, NULL, NULL, '111', 2011, NULL, NULL, NULL, NULL, NULL, NULL, NULL),
(10000133, NULL, '1', 71, NULL, '', NULL, 39, NULL, 'W', NULL, 'AT', NULL, '14', NULL, NULL, NULL, NULL, NULL, NULL, NULL, NULL),
(10000134, NULL, '1', NULL, NULL, NULL, NULL, 43, 'C', 'C', NULL, 'BD', NULL, '145', 2005, NULL, NULL, NULL, NULL, NULL, NULL, NULL),
(10000135, NULL, '171', NULL, 'F', '', NULL, 35, NULL, 'S', NULL, 'A7', NULL, NULL, 2006, NULL, NULL, NULL, NULL, NULL, NULL, NULL),
(10000136, NULL, '1', 62, NULL, '', NULL, 54, NULL, 'S', NULL, 'AH', NULL, '72', 2007, NULL, NULL, NULL, NULL, NULL, NULL, NULL),
(10000137, NULL, '1', NULL, '', NULL, NULL, 14, 'B', '', NULL, 'AH', NULL, NULL, 2008, NULL, NULL, NULL, NULL, NULL, NULL, NULL),
(10000138, NULL, '46', 86, '', NULL, NULL, 47, 'A', 'N', NULL, NULL, NULL, '157', 2006, NULL, NULL, NULL, NULL, NULL, NULL, NULL),
(10000139, NULL, '1', 76, '', 'N', NULL, 21, 'E', 'M', NULL, NULL, NULL, NULL, 2011, NULL, NULL, NULL, NULL, NULL, NULL, NULL),
(10000140, NULL, '1', NULL, '', '', NULL, 10, 'C', NULL, NULL, NULL, NULL, NULL, 2010, NULL, NULL, NULL, NULL, NULL, NULL, NULL),
(10000141, NULL, '1', 73, 'F', NULL, NULL, NULL, 'D', 'N', NULL, NULL, NULL, '123', 2010, NULL, NULL, NULL, NULL, NULL, NULL, NULL);

-- --------------------------------------------------------

--
-- Table structure for table `tbl_profile_ref_file`
--

CREATE TABLE IF NOT EXISTS `tbl_profile_ref_file` (
  `id` int(11) NOT NULL AUTO_INCREMENT,
  `user_id` int(11) DEFAULT NULL,
  `v_profile_id` int(11) DEFAULT NULL,
  `filename` longtext,
  `uploadedtime` timestamp NOT NULL DEFAULT CURRENT_TIMESTAMP ON UPDATE CURRENT_TIMESTAMP,
  PRIMARY KEY (`id`)
) ENGINE=MyISAM  DEFAULT CHARSET=latin1 AUTO_INCREMENT=15 ;

--
-- Dumping data for table `tbl_profile_ref_file`
--

INSERT INTO `tbl_profile_ref_file` (`id`, `user_id`, `v_profile_id`, `filename`, `uploadedtime`) VALUES
(14, 102, 1, 'Art Labels.docx', '2012-03-20 22:58:04');

-- --------------------------------------------------------

--
-- Table structure for table `tbl_promo`
--

CREATE TABLE IF NOT EXISTS `tbl_promo` (
  `id` int(11) NOT NULL AUTO_INCREMENT,
  `promo_code` varchar(200) NOT NULL,
  `act_fromdate` date DEFAULT NULL,
  `act_todate` date DEFAULT NULL,
  `createdate` timestamp NOT NULL DEFAULT CURRENT_TIMESTAMP,
  `user_id` int(11) DEFAULT NULL,
  `delflg` tinyint(2) DEFAULT '0',
  PRIMARY KEY (`id`)
) ENGINE=MyISAM DEFAULT CHARSET=latin1 AUTO_INCREMENT=1 ;

--
-- Dumping data for table `tbl_promo`
--


-- --------------------------------------------------------

--
-- Table structure for table `tbl_promo_code`
--

CREATE TABLE IF NOT EXISTS `tbl_promo_code` (
  `id` int(11) NOT NULL AUTO_INCREMENT,
  `promo_code` varchar(200) NOT NULL,
  `discount_value` decimal(4,2) DEFAULT '0.00',
  `act_fromdate` date DEFAULT NULL,
  `act_todate` date DEFAULT NULL,
  `createdate` timestamp NOT NULL DEFAULT CURRENT_TIMESTAMP,
  `user_id` int(11) DEFAULT NULL,
  `delflg` tinyint(2) DEFAULT '0',
  PRIMARY KEY (`id`)
) ENGINE=MyISAM  DEFAULT CHARSET=latin1 AUTO_INCREMENT=15 ;

--
-- Dumping data for table `tbl_promo_code`
--

INSERT INTO `tbl_promo_code` (`id`, `promo_code`, `discount_value`, `act_fromdate`, `act_todate`, `createdate`, `user_id`, `delflg`) VALUES
(2, 'fd30136326adb718b876cedf7e1ea873', 6.00, '2012-01-02', '2012-01-31', '2012-01-03 18:26:44', NULL, 0),
(3, '6ba1432b31969fa2d708e6bdad30eac3', 6.00, '2012-01-04', '2012-01-31', '2012-01-03 19:49:03', NULL, 0),
(4, 'a536df7903203a49ae3b8426856474bc', 3.00, '2012-01-03', '2012-01-31', '2012-01-04 12:17:53', NULL, 0),
(5, '2caff184f3aa27c1a08993e434683189', 0.00, '2012-01-04', '2012-01-31', '2012-01-18 11:08:38', NULL, 0),
(6, '8c2a0b993e542f0c82cc86635740b5f5', 0.00, '2012-01-12', '2012-01-31', '2012-01-18 12:40:43', NULL, 0),
(9, 'ba6bdf3b3d3934e057b307ab5f629f36', 0.00, '2012-01-04', '2012-01-31', '2012-01-23 13:36:38', NULL, 0),
(10, 'f0c1c8b0bd7a4b7edbb507a4c2df02f6', 23.00, '2012-02-22', '2012-02-29', '2012-02-08 11:10:42', NULL, 0),
(11, 'abb30a8e1602bd434efa162505ac27fa', 0.00, '0000-00-00', '0000-00-00', '2012-02-08 11:31:37', NULL, 0),
(12, '5efa5aa45e5645419b77c58698d20209', 0.00, '2012-02-01', '2012-02-29', '2012-02-08 12:58:45', NULL, 0),
(14, 'EARLY10', 10.00, '2012-02-09', '2012-02-29', '2012-02-10 13:23:45', NULL, 0);

-- --------------------------------------------------------

--
-- Table structure for table `tbl_race_type`
--

CREATE TABLE IF NOT EXISTS `tbl_race_type` (
  `id` char(1) NOT NULL,
  `name` varchar(50) NOT NULL,
  PRIMARY KEY (`id`)
) ENGINE=InnoDB DEFAULT CHARSET=latin1;

--
-- Dumping data for table `tbl_race_type`
--

INSERT INTO `tbl_race_type` (`id`, `name`) VALUES
('A', 'White'),
('B', 'Asian / Pacific-Islander'),
('C', 'Black / African-American'),
('D', 'Hispanic / Latino'),
('E', 'Middle Eastern'),
('F', 'Native American'),
('H', 'Bi / Multi-Racial'),
('I', 'Other');

-- --------------------------------------------------------

--
-- Table structure for table `tbl_rating`
--

CREATE TABLE IF NOT EXISTS `tbl_rating` (
  `id` int(10) unsigned NOT NULL AUTO_INCREMENT,
  `user_id` int(10) unsigned NOT NULL,
  `rating` int(1) unsigned DEFAULT NULL,
  `comment` varchar(255) CHARACTER SET utf8 COLLATE utf8_bin DEFAULT NULL,
  `create_user_id` int(10) DEFAULT NULL,
  `create_time` datetime DEFAULT NULL,
  PRIMARY KEY (`id`),
  KEY `FK_tbl_rating_1` (`user_id`)
) ENGINE=InnoDB  DEFAULT CHARSET=latin1 AUTO_INCREMENT=36 ;

--
-- Dumping data for table `tbl_rating`
--

INSERT INTO `tbl_rating` (`id`, `user_id`, `rating`, `comment`, `create_user_id`, `create_time`) VALUES
(5, 68, 4, 'sdfasdf', 78, '2011-11-08 21:28:40'),
(6, 71, 4, '', 83, '2011-11-09 20:47:46'),
(7, 28, 5, '', 83, '2011-11-12 22:21:54'),
(8, 28, 4, '', 83, '2011-11-14 17:53:56'),
(9, 71, 2, 'stellar profile!', 83, '2011-11-14 18:14:04'),
(10, 28, 2, '', 83, '2011-11-14 18:14:24'),
(11, 71, 4, '', 83, '2011-11-14 18:15:59'),
(12, 28, 3, 'great', 83, '2011-11-14 18:17:42'),
(13, 71, 5, '', 83, '2011-11-15 07:33:44'),
(14, 71, 5, '', 83, '2011-11-15 07:35:29'),
(15, 71, 5, 'tester', 83, '2011-11-15 07:35:53'),
(16, 28, 4, '', 75, '2011-11-22 22:23:28'),
(17, 70, 4, '', 75, '2011-11-22 22:26:36'),
(18, 75, 3, '', 75, '2011-11-22 23:04:11'),
(19, 76, 4, '', 75, '2011-11-23 07:55:54'),
(20, 69, 4, 'dfsdfd', 75, '2011-11-23 07:57:14'),
(21, 81, 2, 'fdfsdfda', 75, '2011-11-23 08:00:46'),
(22, 80, 5, '', 75, '2011-11-23 08:03:27'),
(23, 72, 4, 'test', 75, '2011-11-23 11:03:35'),
(24, 68, 6, '', 98, '2011-11-28 22:03:34'),
(25, 79, 2, '', 98, '2011-11-28 22:49:28'),
(26, 71, 5, '', 102, '2011-11-30 23:02:10'),
(27, 69, 4, 'great', 102, '2011-12-04 19:29:10'),
(28, 67, 5, 'great', 102, '2011-12-04 19:29:49'),
(29, 66, 4, 'great', 100, '2011-12-06 22:34:11'),
(30, 10000008, 5, 'Perfect!', 102, '2012-02-06 16:22:28'),
(31, 10000019, 4, 'great', 100, '2012-03-04 17:48:29'),
(32, 102, 4, 'great profile', 100, '2012-03-04 21:53:41'),
(33, 10000067, 4, 'great', 100, '2012-03-17 16:18:12'),
(34, 10000061, 4, '', 100, '2012-03-18 22:25:07'),
(35, 74, 4, '', 100, '2012-03-18 22:35:48');

-- --------------------------------------------------------

--
-- Table structure for table `tbl_refer_friends`
--

CREATE TABLE IF NOT EXISTS `tbl_refer_friends` (
  `id` double NOT NULL AUTO_INCREMENT,
  `user_id` double DEFAULT NULL,
  `friend_email` varchar(128) DEFAULT NULL,
  `date_referred` timestamp NOT NULL DEFAULT CURRENT_TIMESTAMP ON UPDATE CURRENT_TIMESTAMP,
  `is_signed_up` tinyint(4) DEFAULT NULL,
  `date_signed_up` datetime DEFAULT NULL,
  `friend_id` double DEFAULT NULL,
  `active` tinyint(4) DEFAULT '0',
  `keyValue` varchar(255) DEFAULT NULL,
  `wizard_complete` tinyint(1) NOT NULL DEFAULT '0',
  PRIMARY KEY (`id`)
) ENGINE=MyISAM  DEFAULT CHARSET=latin1 AUTO_INCREMENT=26 ;

--
-- Dumping data for table `tbl_refer_friends`
--

INSERT INTO `tbl_refer_friends` (`id`, `user_id`, `friend_email`, `date_referred`, `is_signed_up`, `date_signed_up`, `friend_id`, `active`, `keyValue`, `wizard_complete`) VALUES
(1, 102, 'jasonechen@gmail.com', '2012-02-02 23:48:10', NULL, NULL, NULL, 0, '1328244490', 0),
(25, 102, 'jasonechen@yahoo.com', '2012-03-27 12:47:17', NULL, NULL, NULL, 0, '1332866837', 0),
(3, 102, 'jasonechen@gmail.com', '2012-02-23 23:59:41', NULL, NULL, NULL, 0, '1330059581', 0),
(23, 102, 'jasonechen@yahoo.com', '2012-03-27 11:58:06', NULL, NULL, NULL, 0, '1332863886', 0),
(5, 102, 'jasonechen@gmail.com', '2012-02-24 00:21:11', NULL, NULL, NULL, 0, '1330060871', 0),
(6, 102, 'jasonechen@gmail.com', '2012-03-02 17:06:01', NULL, NULL, NULL, 0, '1330725961', 0),
(7, 102, 'jasonechen@yahoo.com', '2012-03-27 11:32:01', NULL, NULL, NULL, 0, '1330726059', 1),
(24, 102, 'jasonechen@yahoo.com', '2012-03-27 12:04:57', NULL, NULL, NULL, 0, '1332864297', 0),
(18, 102, 'jason.chen@crowdprep.com', '2012-03-27 00:31:25', NULL, NULL, 10000150, 1, '', 1);

-- --------------------------------------------------------

--
-- Table structure for table `tbl_religion_type`
--

CREATE TABLE IF NOT EXISTS `tbl_religion_type` (
  `id` char(2) NOT NULL,
  `name` varchar(70) NOT NULL,
  PRIMARY KEY (`id`)
) ENGINE=InnoDB DEFAULT CHARSET=latin1;

--
-- Dumping data for table `tbl_religion_type`
--

INSERT INTO `tbl_religion_type` (`id`, `name`) VALUES
('A1', 'I prefer not to answer'),
('A2', 'African Methodist Episcopal'),
('A3', 'Anglican'),
('A4', 'Assembly of God'),
('A5', 'Baha''i'),
('A6', 'Baptist'),
('A7', 'Southern Baptist Convention'),
('A8', 'Buddhism'),
('A9', 'Christian Disciples'),
('AA', 'Christian Reformed Church in America'),
('AB', 'Church of the Brethen'),
('AC', 'Church of Christ'),
('AD', 'United Church of Christ'),
('AE', 'Christian Science (Church of Christ, Scientist)'),
('AF', 'Church of God'),
('AG', 'Church of Jesus Christ of Latter-Day Saints'),
('AH', 'Church of the Nazarene'),
('AI', 'Eastern Orthodox Churches'),
('AJ', 'Episcopal'),
('AK', 'Hinduism'),
('AL', 'Islam/Muslim/ Moslem'),
('AM', 'Judaism'),
('AN', 'Evangelical Lutheran Church in America'),
('AO', 'Lutheran Church--Missouri Synod'),
('AP', 'Mennonite'),
('AQ', 'Methodist'),
('AR', 'Pentecostal'),
('AS', 'Presbyterian Church (USA)'),
('AT', 'Reformed Church in America'),
('AU', 'Roman Catholic'),
('AV', 'Seventh-Day Adventist'),
('AW', 'Sikhism'),
('AX', 'Society of Friends (Quaker)'),
('AY', 'Unitarian Universalist Association'),
('AZ', 'Wesleyan Church'),
('BA', 'United Methodist'),
('BB', 'Worldwide Church of God'),
('BC', 'Other'),
('BD', 'Atheist/Agnostic');

-- --------------------------------------------------------

--
-- Table structure for table `tbl_research_profile`
--

CREATE TABLE IF NOT EXISTS `tbl_research_profile` (
  `id` int(10) unsigned NOT NULL AUTO_INCREMENT,
  `user_id` int(10) unsigned NOT NULL,
  `subject` text COLLATE utf8_bin,
  `field` tinyint(4) DEFAULT NULL,
  `year_begin` tinyint(4) DEFAULT NULL,
  `year_end` tinyint(4) DEFAULT NULL,
  `hours` tinyint(4) DEFAULT NULL,
  `comments` text COLLATE utf8_bin,
  `create_time` datetime NOT NULL,
  `create_user_id` int(11) NOT NULL,
  `update_time` datetime NOT NULL,
  `update_user_id` int(11) NOT NULL,
  PRIMARY KEY (`id`)
) ENGINE=InnoDB  DEFAULT CHARSET=utf8 COLLATE=utf8_bin AUTO_INCREMENT=276 ;

--
-- Dumping data for table `tbl_research_profile`
--

INSERT INTO `tbl_research_profile` (`id`, `user_id`, `subject`, `field`, `year_begin`, `year_end`, `hours`, `comments`, `create_time`, `create_user_id`, `update_time`, `update_user_id`) VALUES
(1, 28, 0x416c7a6865696d657227732044697365617365, 28, 4, 6, 2, '', '2011-10-23 11:24:32', 28, '2011-10-23 11:24:32', 28),
(16, 10000021, 0x484b46, 48, NULL, NULL, 4, NULL, '0000-00-00 00:00:00', 0, '0000-00-00 00:00:00', 0),
(17, 10000021, 0x484c434843444748, 34, 5, 7, 4, NULL, '0000-00-00 00:00:00', 0, '0000-00-00 00:00:00', 0),
(18, 10000021, 0x505654594146445a, 20, 5, 7, 3, NULL, '0000-00-00 00:00:00', 0, '0000-00-00 00:00:00', 0),
(19, 10000022, 0x4f4657, 30, 7, 7, 4, NULL, '0000-00-00 00:00:00', 0, '0000-00-00 00:00:00', 0),
(20, 10000022, 0x464d5258, 35, 2, 3, 1, NULL, '0000-00-00 00:00:00', 0, '0000-00-00 00:00:00', 0),
(21, 10000022, 0x545241, 34, 2, 2, 1, NULL, '0000-00-00 00:00:00', 0, '0000-00-00 00:00:00', 0),
(22, 10000023, 0x4d4e59425148554e5459, 32, 1, 1, 3, NULL, '0000-00-00 00:00:00', 0, '0000-00-00 00:00:00', 0),
(23, 10000023, 0x4b55484f, 36, 4, 4, 5, NULL, '0000-00-00 00:00:00', 0, '0000-00-00 00:00:00', 0),
(24, 10000023, 0x4c594253515758, 16, 2, 2, 1, NULL, '0000-00-00 00:00:00', 0, '0000-00-00 00:00:00', 0),
(25, 10000024, 0x4e47485a4755585a5752, 14, 7, 7, 1, NULL, '0000-00-00 00:00:00', 0, '0000-00-00 00:00:00', 0),
(26, 10000024, 0x57574249, 18, 6, 6, 3, NULL, '0000-00-00 00:00:00', 0, '0000-00-00 00:00:00', 0),
(27, 10000024, 0x46594d524d4444474a, 19, 2, 6, 5, NULL, '0000-00-00 00:00:00', 0, '0000-00-00 00:00:00', 0),
(28, 10000025, 0x4349585345, 4, 7, 7, 5, NULL, '0000-00-00 00:00:00', 0, '0000-00-00 00:00:00', 0),
(29, 10000026, 0x4d5a5845435a, 19, 7, 7, NULL, NULL, '0000-00-00 00:00:00', 0, '0000-00-00 00:00:00', 0),
(30, 10000026, 0x414c59515349, 18, 4, 6, 1, NULL, '0000-00-00 00:00:00', 0, '0000-00-00 00:00:00', 0),
(31, 10000026, 0x504b464148, 52, 3, 4, 4, NULL, '0000-00-00 00:00:00', 0, '0000-00-00 00:00:00', 0),
(32, 10000027, 0x4854544e43, 6, 4, 4, 2, NULL, '0000-00-00 00:00:00', 0, '0000-00-00 00:00:00', 0),
(33, 10000030, 0x4a594c4d4957434f4643, 27, 4, 6, 3, NULL, '0000-00-00 00:00:00', 0, '0000-00-00 00:00:00', 0),
(34, 10000030, 0x4b50555745, 19, 7, 7, 1, NULL, '0000-00-00 00:00:00', 0, '0000-00-00 00:00:00', 0),
(35, 10000030, 0x594d4745554958, 29, 7, 7, 3, NULL, '0000-00-00 00:00:00', 0, '0000-00-00 00:00:00', 0),
(36, 10000031, 0x585643, 27, 6, 7, NULL, NULL, '0000-00-00 00:00:00', 0, '0000-00-00 00:00:00', 0),
(37, 10000031, 0x584849, 9, 4, 4, 4, NULL, '0000-00-00 00:00:00', 0, '0000-00-00 00:00:00', 0),
(38, 10000032, 0x415856544e4542425a, 32, NULL, NULL, 4, NULL, '0000-00-00 00:00:00', 0, '0000-00-00 00:00:00', 0),
(39, 10000033, 0x4b484a494b4f424e54, 11, 4, 4, 3, NULL, '0000-00-00 00:00:00', 0, '0000-00-00 00:00:00', 0),
(40, 10000033, 0x43585444564254, 31, 7, 7, 2, NULL, '0000-00-00 00:00:00', 0, '0000-00-00 00:00:00', 0),
(41, 10000033, 0x574758554751475349, 49, 7, 7, 2, NULL, '0000-00-00 00:00:00', 0, '0000-00-00 00:00:00', 0),
(42, 10000034, 0x485443424c455947, 35, 2, 5, 3, NULL, '0000-00-00 00:00:00', 0, '0000-00-00 00:00:00', 0),
(43, 10000034, 0x45414b574e4545, 8, 7, 7, 5, NULL, '0000-00-00 00:00:00', 0, '0000-00-00 00:00:00', 0),
(44, 10000035, 0x435a564556434a4344, 21, 1, 3, NULL, NULL, '0000-00-00 00:00:00', 0, '0000-00-00 00:00:00', 0),
(45, 10000035, 0x44484f42505958, 15, 7, 7, 3, NULL, '0000-00-00 00:00:00', 0, '0000-00-00 00:00:00', 0),
(46, 10000035, 0x504b4f53434e5158, 10, 5, 7, 3, NULL, '0000-00-00 00:00:00', 0, '0000-00-00 00:00:00', 0),
(47, 10000036, 0x45514d444155, 18, 7, 7, 2, NULL, '0000-00-00 00:00:00', 0, '0000-00-00 00:00:00', 0),
(48, 10000036, 0x425751, 27, 4, 7, 1, NULL, '0000-00-00 00:00:00', 0, '0000-00-00 00:00:00', 0),
(49, 10000037, 0x5447584c45425153, 3, 5, 5, 3, NULL, '0000-00-00 00:00:00', 0, '0000-00-00 00:00:00', 0),
(50, 10000038, 0x4e414f56584c484a5757, 4, 3, 6, NULL, NULL, '0000-00-00 00:00:00', 0, '0000-00-00 00:00:00', 0),
(51, 10000038, 0x54475141554e4442, 19, 7, 7, 2, NULL, '0000-00-00 00:00:00', 0, '0000-00-00 00:00:00', 0),
(52, 10000038, 0x4a444f5553, 10, 1, 3, 5, NULL, '0000-00-00 00:00:00', 0, '0000-00-00 00:00:00', 0),
(53, 10000041, 0x51545646594b4c, 11, 3, 6, 1, NULL, '0000-00-00 00:00:00', 0, '0000-00-00 00:00:00', 0),
(54, 10000041, 0x504541454a545347, 19, 5, 5, 4, NULL, '0000-00-00 00:00:00', 0, '0000-00-00 00:00:00', 0),
(55, 10000041, 0x53525a45494b4e48444b, 37, 1, 3, NULL, NULL, '0000-00-00 00:00:00', 0, '0000-00-00 00:00:00', 0),
(56, 10000042, 0x574351544c48444351, 29, 7, 7, 3, NULL, '0000-00-00 00:00:00', 0, '0000-00-00 00:00:00', 0),
(57, 10000042, 0x414f545a555745435249, 50, 2, 3, 3, NULL, '0000-00-00 00:00:00', 0, '0000-00-00 00:00:00', 0),
(58, 10000042, 0x565a4a5052594b, 5, 5, 6, NULL, NULL, '0000-00-00 00:00:00', 0, '0000-00-00 00:00:00', 0),
(59, 10000043, 0x5853574145514b4f, 34, 4, 6, NULL, NULL, '0000-00-00 00:00:00', 0, '0000-00-00 00:00:00', 0),
(60, 10000044, 0x4a574b51464d4a4c56, 1, 5, 5, 5, NULL, '0000-00-00 00:00:00', 0, '0000-00-00 00:00:00', 0),
(61, 10000044, 0x564759415a56, 24, 6, 6, 1, NULL, '0000-00-00 00:00:00', 0, '0000-00-00 00:00:00', 0),
(62, 10000044, 0x4f5852, 21, 2, 5, 1, NULL, '0000-00-00 00:00:00', 0, '0000-00-00 00:00:00', 0),
(63, 10000045, 0x55554156525047, 25, 3, 4, 3, NULL, '0000-00-00 00:00:00', 0, '0000-00-00 00:00:00', 0),
(64, 10000048, 0x44464d4e, 13, 3, 3, 2, NULL, '0000-00-00 00:00:00', 0, '0000-00-00 00:00:00', 0),
(65, 10000048, 0x564e57, 36, 5, 7, 5, NULL, '0000-00-00 00:00:00', 0, '0000-00-00 00:00:00', 0),
(66, 10000049, 0x435556574450, 6, 1, 4, 5, NULL, '0000-00-00 00:00:00', 0, '0000-00-00 00:00:00', 0),
(67, 10000049, 0x54525057, 33, 4, 5, 3, NULL, '0000-00-00 00:00:00', 0, '0000-00-00 00:00:00', 0),
(68, 10000050, 0x475854434d57424a42, 34, 2, 5, 4, NULL, '0000-00-00 00:00:00', 0, '0000-00-00 00:00:00', 0),
(69, 10000050, 0x414b54435a4a, 41, 6, 7, NULL, NULL, '0000-00-00 00:00:00', 0, '0000-00-00 00:00:00', 0),
(70, 10000050, 0x4e53454f514e4b, 31, 1, 3, 2, NULL, '0000-00-00 00:00:00', 0, '0000-00-00 00:00:00', 0),
(71, 10000051, 0x4b4550, 20, 2, 3, 3, NULL, '0000-00-00 00:00:00', 0, '0000-00-00 00:00:00', 0),
(72, 10000051, 0x555255485a474642, 24, 1, 1, 3, NULL, '0000-00-00 00:00:00', 0, '0000-00-00 00:00:00', 0),
(73, 10000051, 0x5742585a434751, 36, 1, 1, 1, NULL, '0000-00-00 00:00:00', 0, '0000-00-00 00:00:00', 0),
(74, 10000053, 0x5359535a595a, 16, 1, 1, 4, NULL, '0000-00-00 00:00:00', 0, '0000-00-00 00:00:00', 0),
(75, 10000053, 0x48464559554856504c, 39, 6, 6, 1, NULL, '0000-00-00 00:00:00', 0, '0000-00-00 00:00:00', 0),
(76, 10000053, 0x435846, 32, 6, 7, 2, NULL, '0000-00-00 00:00:00', 0, '0000-00-00 00:00:00', 0),
(77, 10000054, 0x5657465942, 29, 5, 7, 1, NULL, '0000-00-00 00:00:00', 0, '0000-00-00 00:00:00', 0),
(78, 10000054, 0x41435a584d4b, 39, 6, 6, 5, NULL, '0000-00-00 00:00:00', 0, '0000-00-00 00:00:00', 0),
(79, 10000054, 0x4e524a49584a504458, 19, NULL, NULL, 4, NULL, '0000-00-00 00:00:00', 0, '0000-00-00 00:00:00', 0),
(80, 10000055, 0x4145565444, 44, 4, 6, NULL, NULL, '0000-00-00 00:00:00', 0, '0000-00-00 00:00:00', 0),
(81, 10000055, 0x4d544758454a, 39, 7, 7, 1, NULL, '0000-00-00 00:00:00', 0, '0000-00-00 00:00:00', 0),
(82, 10000056, 0x57495342435253, 47, 7, 7, 5, NULL, '0000-00-00 00:00:00', 0, '0000-00-00 00:00:00', 0),
(83, 10000058, 0x585948464b50494644, 10, 7, 7, 3, NULL, '0000-00-00 00:00:00', 0, '0000-00-00 00:00:00', 0),
(84, 10000059, 0x544747474f4f51415a, 26, NULL, NULL, 4, NULL, '0000-00-00 00:00:00', 0, '0000-00-00 00:00:00', 0),
(85, 10000060, 0x515643494754, 3, 7, 7, 3, NULL, '0000-00-00 00:00:00', 0, '0000-00-00 00:00:00', 0),
(86, 10000060, 0x4c564e534c545a, 34, 5, 6, 5, NULL, '0000-00-00 00:00:00', 0, '0000-00-00 00:00:00', 0),
(87, 10000061, 0x5a4e594c4b, 45, 7, 7, 5, NULL, '0000-00-00 00:00:00', 0, '0000-00-00 00:00:00', 0),
(88, 10000062, 0x4a49515645, 3, 5, 5, NULL, NULL, '0000-00-00 00:00:00', 0, '0000-00-00 00:00:00', 0),
(89, 10000062, 0x545344, 20, NULL, NULL, 4, NULL, '0000-00-00 00:00:00', 0, '0000-00-00 00:00:00', 0),
(90, 10000063, 0x515858414c43, 50, 5, 6, 3, NULL, '0000-00-00 00:00:00', 0, '0000-00-00 00:00:00', 0),
(91, 10000065, 0x495946564d, 17, 2, 2, 2, NULL, '0000-00-00 00:00:00', 0, '0000-00-00 00:00:00', 0),
(92, 10000066, 0x4d4c4c46485344, 51, 5, 6, NULL, NULL, '0000-00-00 00:00:00', 0, '0000-00-00 00:00:00', 0),
(93, 10000066, 0x4646544b585450434c, 12, 1, 4, 5, NULL, '0000-00-00 00:00:00', 0, '0000-00-00 00:00:00', 0),
(94, 10000066, 0x46484b4741574b, 33, 6, 6, NULL, NULL, '0000-00-00 00:00:00', 0, '0000-00-00 00:00:00', 0),
(95, 10000067, 0x4a5a54, 35, 6, 6, 3, NULL, '0000-00-00 00:00:00', 0, '0000-00-00 00:00:00', 0),
(96, 10000068, 0x495655534d, 24, 5, 7, NULL, NULL, '0000-00-00 00:00:00', 0, '0000-00-00 00:00:00', 0),
(97, 10000069, 0x484f4b4941, 32, 2, 5, 3, NULL, '0000-00-00 00:00:00', 0, '0000-00-00 00:00:00', 0),
(98, 10000072, 0x5554454c4146, 49, 5, 6, 2, NULL, '0000-00-00 00:00:00', 0, '0000-00-00 00:00:00', 0),
(99, 10000072, 0x415658574a4c5a, 32, 2, 5, NULL, NULL, '0000-00-00 00:00:00', 0, '0000-00-00 00:00:00', 0),
(100, 10000072, 0x48444344544b, 10, 1, 2, 2, NULL, '0000-00-00 00:00:00', 0, '0000-00-00 00:00:00', 0),
(101, 10000073, 0x484351414d57, 52, 3, 6, 1, NULL, '0000-00-00 00:00:00', 0, '0000-00-00 00:00:00', 0),
(102, 10000073, 0x595a53, 27, 1, 5, NULL, NULL, '0000-00-00 00:00:00', 0, '0000-00-00 00:00:00', 0),
(103, 10000073, 0x414154, 37, 5, 6, 2, NULL, '0000-00-00 00:00:00', 0, '0000-00-00 00:00:00', 0),
(104, 10000074, 0x465948, 19, 1, 4, NULL, NULL, '0000-00-00 00:00:00', 0, '0000-00-00 00:00:00', 0),
(105, 10000074, 0x46504a575648414f54, 51, 5, 5, 1, NULL, '0000-00-00 00:00:00', 0, '0000-00-00 00:00:00', 0),
(106, 10000074, 0x4e52435758524b545a49, 29, 4, 5, 3, NULL, '0000-00-00 00:00:00', 0, '0000-00-00 00:00:00', 0),
(107, 10000075, 0x55534257, 7, 2, 3, 2, NULL, '0000-00-00 00:00:00', 0, '0000-00-00 00:00:00', 0),
(108, 10000076, 0x524741504b454b4d58, 29, 2, 2, 3, NULL, '0000-00-00 00:00:00', 0, '0000-00-00 00:00:00', 0),
(109, 10000077, 0x5a5843504b584b474551, 22, 5, 7, 1, NULL, '0000-00-00 00:00:00', 0, '0000-00-00 00:00:00', 0),
(110, 10000077, 0x5042424f4c474a4b5a, 10, 4, 4, 1, NULL, '0000-00-00 00:00:00', 0, '0000-00-00 00:00:00', 0),
(111, 10000077, 0x475049595449534f, 39, 7, 7, 3, NULL, '0000-00-00 00:00:00', 0, '0000-00-00 00:00:00', 0),
(112, 10000078, 0x4b5444, 4, 1, 2, 1, NULL, '0000-00-00 00:00:00', 0, '0000-00-00 00:00:00', 0),
(113, 10000078, 0x5a515244535059, 25, 1, 3, 4, NULL, '0000-00-00 00:00:00', 0, '0000-00-00 00:00:00', 0),
(114, 10000078, 0x4f585051, 24, 1, 3, 3, NULL, '0000-00-00 00:00:00', 0, '0000-00-00 00:00:00', 0),
(185, 10000085, 0x594f564a47465759504f, 44, 6, 7, NULL, NULL, '0000-00-00 00:00:00', 0, '0000-00-00 00:00:00', 0),
(186, 10000085, 0x4f4653484a4b474547, 46, 2, 3, 5, NULL, '0000-00-00 00:00:00', 0, '0000-00-00 00:00:00', 0),
(187, 10000085, 0x52465a, 39, 1, 4, 4, NULL, '0000-00-00 00:00:00', 0, '0000-00-00 00:00:00', 0),
(188, 10000086, 0x434f584348575856, 2, 3, 7, NULL, NULL, '0000-00-00 00:00:00', 0, '0000-00-00 00:00:00', 0),
(189, 10000086, 0x5a514849, 7, 6, 6, NULL, NULL, '0000-00-00 00:00:00', 0, '0000-00-00 00:00:00', 0),
(190, 10000086, 0x4d4b455341525a4f52, 3, 4, 7, 5, NULL, '0000-00-00 00:00:00', 0, '0000-00-00 00:00:00', 0),
(191, 10000087, 0x4e4d424151, 1, 5, 6, 4, NULL, '0000-00-00 00:00:00', 0, '0000-00-00 00:00:00', 0),
(192, 10000087, 0x59575745, 22, 3, 3, 3, NULL, '0000-00-00 00:00:00', 0, '0000-00-00 00:00:00', 0),
(193, 10000088, 0x48434a, 38, 6, 7, NULL, NULL, '0000-00-00 00:00:00', 0, '0000-00-00 00:00:00', 0),
(194, 10000089, 0x4c4c474c564f54485159, 38, 6, 7, 1, NULL, '0000-00-00 00:00:00', 0, '0000-00-00 00:00:00', 0),
(195, 10000090, 0x424e5a494a57475a4d, 50, 4, 6, NULL, NULL, '0000-00-00 00:00:00', 0, '0000-00-00 00:00:00', 0),
(196, 10000090, 0x44524b, 26, 6, 6, 4, NULL, '0000-00-00 00:00:00', 0, '0000-00-00 00:00:00', 0),
(197, 10000092, 0x4b434f4651464d, 10, 5, 6, 2, NULL, '0000-00-00 00:00:00', 0, '0000-00-00 00:00:00', 0),
(198, 10000092, 0x425a51585951, 16, 1, 7, 2, NULL, '0000-00-00 00:00:00', 0, '0000-00-00 00:00:00', 0),
(199, 10000094, 0x4345524c524a44, 44, 3, 3, 1, NULL, '0000-00-00 00:00:00', 0, '0000-00-00 00:00:00', 0),
(200, 10000095, 0x4f454857455a484c, 52, 4, 4, 1, NULL, '0000-00-00 00:00:00', 0, '0000-00-00 00:00:00', 0),
(201, 10000095, 0x484b56514f56, 29, 7, 7, 1, NULL, '0000-00-00 00:00:00', 0, '0000-00-00 00:00:00', 0),
(202, 10000095, 0x4846574f48424e, 24, 6, 7, 4, NULL, '0000-00-00 00:00:00', 0, '0000-00-00 00:00:00', 0),
(203, 10000096, 0x4c5857, 1, 4, 4, 2, NULL, '0000-00-00 00:00:00', 0, '0000-00-00 00:00:00', 0),
(204, 10000096, 0x524d4b4a465956, 27, 4, 5, NULL, NULL, '0000-00-00 00:00:00', 0, '0000-00-00 00:00:00', 0),
(205, 10000096, 0x5357574a505a4955, 23, 4, 4, 4, NULL, '0000-00-00 00:00:00', 0, '0000-00-00 00:00:00', 0),
(206, 10000099, 0x50524d4a4f52, 26, 1, 3, 4, NULL, '0000-00-00 00:00:00', 0, '0000-00-00 00:00:00', 0),
(207, 10000099, 0x4e5a505a524b46565446, 40, 1, 4, NULL, NULL, '0000-00-00 00:00:00', 0, '0000-00-00 00:00:00', 0),
(208, 10000099, 0x4557524e5953, 36, 6, 6, 2, NULL, '0000-00-00 00:00:00', 0, '0000-00-00 00:00:00', 0),
(209, 10000100, 0x464a485a4a43, 9, 2, 6, 5, NULL, '0000-00-00 00:00:00', 0, '0000-00-00 00:00:00', 0),
(210, 10000100, 0x414657494e4a55, 35, 5, 6, 4, NULL, '0000-00-00 00:00:00', 0, '0000-00-00 00:00:00', 0),
(211, 10000100, 0x5a464b, 24, 3, 5, NULL, NULL, '0000-00-00 00:00:00', 0, '0000-00-00 00:00:00', 0),
(212, 10000101, 0x59514147414c49525445, 53, 3, 7, 5, NULL, '0000-00-00 00:00:00', 0, '0000-00-00 00:00:00', 0),
(213, 10000101, 0x4b5859505354465441, 18, 1, 1, 1, NULL, '0000-00-00 00:00:00', 0, '0000-00-00 00:00:00', 0),
(214, 10000102, 0x555a44, 10, 1, 7, 2, NULL, '0000-00-00 00:00:00', 0, '0000-00-00 00:00:00', 0),
(215, 10000105, 0x4652585a, 6, 6, 7, NULL, NULL, '0000-00-00 00:00:00', 0, '0000-00-00 00:00:00', 0),
(216, 10000105, 0x41434148, 24, 1, 7, 3, NULL, '0000-00-00 00:00:00', 0, '0000-00-00 00:00:00', 0),
(217, 10000105, 0x4256595441, 33, 1, 2, NULL, NULL, '0000-00-00 00:00:00', 0, '0000-00-00 00:00:00', 0),
(218, 10000106, 0x4750495a5959, 11, 2, 5, 3, NULL, '0000-00-00 00:00:00', 0, '0000-00-00 00:00:00', 0),
(219, 10000106, 0x5a4f57, 39, 4, 7, 1, NULL, '0000-00-00 00:00:00', 0, '0000-00-00 00:00:00', 0),
(220, 10000106, 0x474148, 34, 6, 6, 4, NULL, '0000-00-00 00:00:00', 0, '0000-00-00 00:00:00', 0),
(221, 10000107, 0x585a5144544a4d49, 49, 2, 2, 5, NULL, '0000-00-00 00:00:00', 0, '0000-00-00 00:00:00', 0),
(222, 10000107, 0x42484549, 12, 3, 3, 1, NULL, '0000-00-00 00:00:00', 0, '0000-00-00 00:00:00', 0),
(223, 10000108, 0x444f474e4656585552, 27, 6, 7, 3, NULL, '0000-00-00 00:00:00', 0, '0000-00-00 00:00:00', 0),
(224, 10000108, 0x554e534a49, 37, 3, 4, 1, NULL, '0000-00-00 00:00:00', 0, '0000-00-00 00:00:00', 0),
(225, 10000110, 0x534f57, 31, 6, 7, 2, NULL, '0000-00-00 00:00:00', 0, '0000-00-00 00:00:00', 0),
(226, 10000110, 0x594b4a5a5650, 40, 2, 6, NULL, NULL, '0000-00-00 00:00:00', 0, '0000-00-00 00:00:00', 0),
(227, 10000111, 0x5956564d54, 42, 2, 5, NULL, NULL, '0000-00-00 00:00:00', 0, '0000-00-00 00:00:00', 0),
(228, 10000113, 0x51434859, 39, 3, 4, 5, NULL, '0000-00-00 00:00:00', 0, '0000-00-00 00:00:00', 0),
(229, 10000113, 0x5159544550445649, 44, 5, 7, 1, NULL, '0000-00-00 00:00:00', 0, '0000-00-00 00:00:00', 0),
(230, 10000114, 0x4e525145534a565647, 29, NULL, NULL, 1, NULL, '0000-00-00 00:00:00', 0, '0000-00-00 00:00:00', 0),
(231, 10000115, 0x59594c4c4a, 23, 6, 6, 2, NULL, '0000-00-00 00:00:00', 0, '0000-00-00 00:00:00', 0),
(232, 10000116, 0x5042424f4c474a4b5a, 46, 6, 7, 5, NULL, '0000-00-00 00:00:00', 0, '0000-00-00 00:00:00', 0),
(233, 10000116, 0x475049595449534f, 3, 1, 1, 1, NULL, '0000-00-00 00:00:00', 0, '0000-00-00 00:00:00', 0),
(234, 10000116, 0x5a4b55, 40, 6, 7, NULL, NULL, '0000-00-00 00:00:00', 0, '0000-00-00 00:00:00', 0),
(235, 10000118, 0x52435957595853425043, 36, 7, 7, 5, NULL, '0000-00-00 00:00:00', 0, '0000-00-00 00:00:00', 0),
(236, 10000118, 0x5750444559514a5a4b4f, 35, 5, 7, 3, NULL, '0000-00-00 00:00:00', 0, '0000-00-00 00:00:00', 0),
(237, 10000118, 0x444d4f55584b545251, 13, 2, 6, 4, NULL, '0000-00-00 00:00:00', 0, '0000-00-00 00:00:00', 0),
(238, 10000119, 0x424f484354, 40, 3, 4, 4, NULL, '0000-00-00 00:00:00', 0, '0000-00-00 00:00:00', 0),
(239, 10000119, 0x5257594c414c564556, 21, 1, 6, 1, NULL, '0000-00-00 00:00:00', 0, '0000-00-00 00:00:00', 0),
(240, 10000123, 0x414551435358524e464d, 34, 7, 7, 1, NULL, '0000-00-00 00:00:00', 0, '0000-00-00 00:00:00', 0),
(241, 10000124, 0x444e594e4356, 40, 5, 6, 2, NULL, '0000-00-00 00:00:00', 0, '0000-00-00 00:00:00', 0),
(242, 10000124, 0x59495a454342, 43, 4, 6, 2, NULL, '0000-00-00 00:00:00', 0, '0000-00-00 00:00:00', 0),
(243, 10000124, 0x514e54, 36, 7, 7, NULL, NULL, '0000-00-00 00:00:00', 0, '0000-00-00 00:00:00', 0),
(244, 10000126, 0x494447514d504e, 35, 7, 7, 4, NULL, '0000-00-00 00:00:00', 0, '0000-00-00 00:00:00', 0),
(245, 10000126, 0x495255504744, 28, 4, 6, 4, NULL, '0000-00-00 00:00:00', 0, '0000-00-00 00:00:00', 0),
(246, 10000127, 0x59525241434d4749, 31, 2, 4, 5, NULL, '0000-00-00 00:00:00', 0, '0000-00-00 00:00:00', 0),
(247, 10000127, 0x5157554b, 53, 7, 7, 1, NULL, '0000-00-00 00:00:00', 0, '0000-00-00 00:00:00', 0),
(248, 10000127, 0x565356435a, 12, 2, 6, 2, NULL, '0000-00-00 00:00:00', 0, '0000-00-00 00:00:00', 0),
(249, 10000128, 0x444241574b49515956, 25, 7, 7, 1, NULL, '0000-00-00 00:00:00', 0, '0000-00-00 00:00:00', 0),
(250, 10000128, 0x5148565158, 13, 6, 6, 5, NULL, '0000-00-00 00:00:00', 0, '0000-00-00 00:00:00', 0),
(251, 10000128, 0x414351525451544d, 24, 7, 7, NULL, NULL, '0000-00-00 00:00:00', 0, '0000-00-00 00:00:00', 0),
(252, 10000129, 0x494e575858414459454d, 49, 5, 5, 4, NULL, '0000-00-00 00:00:00', 0, '0000-00-00 00:00:00', 0),
(253, 10000129, 0x4147524147525047524d, 13, 2, 5, 4, NULL, '0000-00-00 00:00:00', 0, '0000-00-00 00:00:00', 0),
(254, 10000132, 0x4455564349, 49, 4, 7, 3, NULL, '0000-00-00 00:00:00', 0, '0000-00-00 00:00:00', 0),
(255, 10000132, 0x4f42445445, 18, 2, 6, 2, NULL, '0000-00-00 00:00:00', 0, '0000-00-00 00:00:00', 0),
(256, 10000133, 0x474545445742, 10, 5, 6, NULL, NULL, '0000-00-00 00:00:00', 0, '0000-00-00 00:00:00', 0),
(257, 10000134, 0x43524a484754, 29, 2, 3, 1, NULL, '0000-00-00 00:00:00', 0, '0000-00-00 00:00:00', 0),
(258, 10000134, 0x4e59594a564c494943, 23, 1, 6, 1, NULL, '0000-00-00 00:00:00', 0, '0000-00-00 00:00:00', 0),
(259, 10000134, 0x43515a434b41, 30, 4, 5, 1, NULL, '0000-00-00 00:00:00', 0, '0000-00-00 00:00:00', 0),
(260, 10000135, 0x584b534f5246, 47, 7, 7, 3, NULL, '0000-00-00 00:00:00', 0, '0000-00-00 00:00:00', 0),
(261, 10000135, 0x55515a56424b5354554b, 25, 5, 7, 2, NULL, '0000-00-00 00:00:00', 0, '0000-00-00 00:00:00', 0),
(262, 10000135, 0x524a54454d454f4c, 40, 2, 2, 2, NULL, '0000-00-00 00:00:00', 0, '0000-00-00 00:00:00', 0),
(263, 10000137, 0x435249, 19, 2, 4, 2, NULL, '0000-00-00 00:00:00', 0, '0000-00-00 00:00:00', 0),
(264, 10000137, 0x4e4b4756464c, 21, 6, 6, NULL, NULL, '0000-00-00 00:00:00', 0, '0000-00-00 00:00:00', 0),
(265, 10000137, 0x4a56594e464447414757, 40, 2, 3, NULL, NULL, '0000-00-00 00:00:00', 0, '0000-00-00 00:00:00', 0),
(266, 10000138, 0x545157, 52, 1, 7, NULL, NULL, '0000-00-00 00:00:00', 0, '0000-00-00 00:00:00', 0),
(267, 10000139, 0x484f4a, 52, 1, 5, NULL, NULL, '0000-00-00 00:00:00', 0, '0000-00-00 00:00:00', 0),
(268, 10000141, 0x50594a4d, 8, 1, 3, NULL, NULL, '0000-00-00 00:00:00', 0, '0000-00-00 00:00:00', 0),
(269, 102, 0x736466736466, 1, NULL, NULL, NULL, '', '2012-03-25 21:40:45', 102, '2012-03-25 21:40:45', 102),
(270, 102, 0x647366736466, 4, NULL, NULL, NULL, '', '2012-03-25 21:40:45', 102, '2012-03-25 21:40:45', 102),
(271, 102, 0x64667364666466, 18, NULL, NULL, NULL, '', '2012-03-25 21:40:45', 102, '2012-03-25 21:40:45', 102),
(272, 102, 0x686768676668, 16, NULL, NULL, NULL, '', '2012-03-25 21:40:45', 102, '2012-03-25 21:40:45', 102),
(273, 102, 0x676866, 33, NULL, NULL, NULL, '', '2012-03-25 21:40:45', 102, '2012-03-25 21:40:45', 102),
(274, 102, 0x686766686766, 62, NULL, NULL, NULL, '', '2012-03-25 21:40:45', 102, '2012-03-25 21:40:45', 102),
(275, 102, 0x6766686466, 16, NULL, NULL, NULL, '', '2012-03-25 21:40:45', 102, '2012-03-25 21:40:45', 102);

-- --------------------------------------------------------

--
-- Table structure for table `tbl_sat2_profile`
--

CREATE TABLE IF NOT EXISTS `tbl_sat2_profile` (
  `id` int(10) unsigned NOT NULL AUTO_INCREMENT,
  `user_id` int(10) unsigned NOT NULL,
  `sat2_id` char(2) NOT NULL,
  `score` smallint(3) unsigned NOT NULL,
  `date_taken` date DEFAULT NULL,
  `create_time` datetime DEFAULT NULL,
  `create_user_id` int(10) unsigned DEFAULT NULL,
  `update_time` datetime DEFAULT NULL,
  `update_user_id` int(10) unsigned DEFAULT NULL,
  PRIMARY KEY (`id`),
  KEY `USER` (`user_id`),
  KEY `TYPE` (`sat2_id`)
) ENGINE=InnoDB  DEFAULT CHARSET=latin1 AUTO_INCREMENT=418 ;

--
-- Dumping data for table `tbl_sat2_profile`
--

INSERT INTO `tbl_sat2_profile` (`id`, `user_id`, `sat2_id`, `score`, `date_taken`, `create_time`, `create_user_id`, `update_time`, `update_user_id`) VALUES
(4, 66, 'UH', 480, NULL, '2011-11-07 22:31:22', 66, '2011-11-07 22:31:22', 66),
(5, 66, 'SP', 540, NULL, '2011-11-07 22:32:10', 66, '2011-11-07 22:32:10', 66),
(6, 67, 'M1', 580, NULL, '2011-11-07 22:46:13', 67, '2011-11-07 22:46:13', 67),
(7, 68, 'LR', 640, NULL, '2011-11-07 22:56:40', 68, '2011-11-07 22:56:40', 68),
(8, 68, 'MB', 640, NULL, '2011-11-07 22:56:48', 68, '2011-11-07 22:56:48', 68),
(9, 69, 'LR', 580, NULL, '2011-11-07 23:23:04', 69, '2011-11-07 23:23:04', 69),
(10, 71, 'UH', 600, NULL, '2011-11-08 13:34:47', 71, '2011-11-08 13:34:47', 71),
(11, 72, 'CH', 720, NULL, '2011-11-08 13:43:49', 72, '2011-11-08 13:43:49', 72),
(12, 72, 'PH', 630, NULL, '2011-11-08 13:44:07', 72, '2011-11-08 13:44:07', 72),
(13, 73, 'FR', 630, NULL, '2011-11-08 15:24:46', 73, '2011-11-08 15:24:46', 73),
(14, 73, 'M1', 650, NULL, '2011-11-08 15:24:54', 73, '2011-11-08 15:24:54', 73),
(15, 75, 'FR', 660, NULL, '2011-11-08 20:33:27', 75, '2011-11-08 20:33:27', 75),
(16, 75, 'M2', 630, NULL, '2011-11-08 20:33:35', 75, '2011-11-08 20:33:35', 75),
(17, 76, 'CH', 770, NULL, '2011-11-08 20:39:36', 76, '2011-11-08 20:39:36', 76),
(18, 76, 'EB', 770, NULL, '2011-11-08 20:41:49', 76, '2011-11-08 20:41:49', 76),
(19, 76, 'PH', 790, NULL, '2011-11-08 20:41:55', 76, '2011-11-08 20:41:55', 76),
(20, 77, 'EB', 630, NULL, '2011-11-08 21:01:00', 77, '2011-11-08 21:01:00', 77),
(21, 77, 'M1', 580, NULL, '2011-11-08 21:01:09', 77, '2011-11-08 21:01:09', 77),
(22, 78, 'LR', 630, NULL, '2011-11-08 21:21:59', 78, '2011-11-08 21:21:59', 78),
(23, 79, 'LR', 580, NULL, '2011-11-08 22:24:52', 79, '2011-11-08 22:24:52', 79),
(24, 80, 'MH', 680, NULL, '2011-11-08 22:30:29', 80, '2011-11-08 22:30:29', 80),
(25, 80, 'UH', 630, NULL, '2011-11-08 22:30:37', 80, '2011-11-08 22:30:37', 80),
(26, 82, 'IT', 740, NULL, '2011-11-08 22:38:35', 82, '2011-11-08 22:38:35', 82),
(27, 82, 'LR', 520, NULL, '2011-11-08 22:38:47', 82, '2011-11-08 22:38:47', 82),
(28, 83, 'LT', 710, NULL, '2011-11-09 11:49:32', 83, '2011-11-09 11:49:32', 83),
(44, 100, 'FR', 800, NULL, '2011-12-10 23:33:18', 100, '2011-12-10 23:33:18', 100),
(45, 100, 'EB', 740, NULL, '2011-12-10 23:33:18', 100, '2011-12-10 23:33:18', 100),
(46, 10000000, 'GL', 390, NULL, NULL, NULL, NULL, NULL),
(47, 10000000, 'JL', 440, NULL, NULL, NULL, NULL, NULL),
(48, 10000000, 'PH', 520, NULL, NULL, NULL, NULL, NULL),
(49, 10000000, 'FL', 740, NULL, NULL, NULL, NULL, NULL),
(50, 10000001, 'EB', 260, NULL, NULL, NULL, NULL, NULL),
(51, 10000002, 'GM', 350, NULL, NULL, NULL, NULL, NULL),
(52, 10000002, 'UH', 450, NULL, NULL, NULL, NULL, NULL),
(53, 10000004, 'WH', 550, NULL, NULL, NULL, NULL, NULL),
(54, 10000004, 'JL', 750, NULL, NULL, NULL, NULL, NULL),
(55, 10000005, 'M1', 430, NULL, NULL, NULL, NULL, NULL),
(56, 10000005, 'M2', 610, NULL, NULL, NULL, NULL, NULL),
(57, 10000005, 'CL', 370, NULL, NULL, NULL, NULL, NULL),
(58, 10000005, 'MB', 530, NULL, NULL, NULL, NULL, NULL),
(59, 10000005, 'MH', 340, NULL, NULL, NULL, NULL, NULL),
(60, 10000007, 'FR', 320, NULL, NULL, NULL, NULL, NULL),
(61, 10000007, 'CH', 410, NULL, NULL, NULL, NULL, NULL),
(62, 10000007, 'M2', 530, NULL, NULL, NULL, NULL, NULL),
(63, 10000008, 'FR', 320, NULL, NULL, NULL, NULL, NULL),
(64, 10000008, 'CL', 750, NULL, NULL, NULL, NULL, NULL),
(65, 10000008, 'UH', 280, NULL, NULL, NULL, NULL, NULL),
(66, 10000008, 'SP', 650, NULL, NULL, NULL, NULL, NULL),
(67, 10000008, 'M1', 540, NULL, NULL, NULL, NULL, NULL),
(68, 10000009, 'M2', 770, NULL, NULL, NULL, NULL, NULL),
(69, 10000010, 'GL', 410, NULL, NULL, NULL, NULL, NULL),
(70, 10000010, 'CL', 440, NULL, NULL, NULL, NULL, NULL),
(71, 10000010, 'FR', 760, NULL, NULL, NULL, NULL, NULL),
(72, 10000010, 'MH', 720, NULL, NULL, NULL, NULL, NULL),
(73, 10000010, 'GM', 740, NULL, NULL, NULL, NULL, NULL),
(74, 10000011, 'CH', 290, NULL, NULL, NULL, NULL, NULL),
(75, 10000011, 'MB', 660, NULL, NULL, NULL, NULL, NULL),
(76, 10000011, 'LT', 480, NULL, NULL, NULL, NULL, NULL),
(77, 10000012, 'CH', 300, NULL, NULL, NULL, NULL, NULL),
(78, 10000014, 'LT', 790, NULL, NULL, NULL, NULL, NULL),
(79, 10000015, 'EB', 510, NULL, NULL, NULL, NULL, NULL),
(80, 10000015, 'MB', 390, NULL, NULL, NULL, NULL, NULL),
(81, 10000015, 'FL', 750, NULL, NULL, NULL, NULL, NULL),
(82, 10000015, 'M2', 410, NULL, NULL, NULL, NULL, NULL),
(83, 10000015, 'KL', 620, NULL, NULL, NULL, NULL, NULL),
(84, 10000016, 'MH', 680, NULL, NULL, NULL, NULL, NULL),
(85, 10000016, 'CH', 220, NULL, NULL, NULL, NULL, NULL),
(86, 10000017, 'LT', 290, NULL, NULL, NULL, NULL, NULL),
(87, 10000017, 'LR', 720, NULL, NULL, NULL, NULL, NULL),
(88, 10000018, 'FL', 370, NULL, NULL, NULL, NULL, NULL),
(89, 10000018, 'KL', 340, NULL, NULL, NULL, NULL, NULL),
(90, 10000018, 'IT', 250, NULL, NULL, NULL, NULL, NULL),
(91, 10000018, 'GM', 580, NULL, NULL, NULL, NULL, NULL),
(92, 10000018, 'PH', 570, NULL, NULL, NULL, NULL, NULL),
(93, 10000019, 'JL', 210, NULL, NULL, NULL, NULL, NULL),
(94, 10000019, 'MB', 210, NULL, NULL, NULL, NULL, NULL),
(101, 10000021, 'FL', 350, NULL, NULL, NULL, NULL, NULL),
(102, 10000021, 'LT', 530, NULL, NULL, NULL, NULL, NULL),
(103, 10000021, 'CL', 660, NULL, NULL, NULL, NULL, NULL),
(104, 10000022, 'SP', 300, NULL, NULL, NULL, NULL, NULL),
(105, 10000023, 'CH', 660, NULL, NULL, NULL, NULL, NULL),
(106, 10000023, 'EB', 280, NULL, NULL, NULL, NULL, NULL),
(107, 10000023, 'M2', 600, NULL, NULL, NULL, NULL, NULL),
(108, 10000024, 'JL', 450, NULL, NULL, NULL, NULL, NULL),
(109, 10000024, 'WH', 630, NULL, NULL, NULL, NULL, NULL),
(110, 10000024, 'LR', 780, NULL, NULL, NULL, NULL, NULL),
(111, 10000024, 'KL', 460, NULL, NULL, NULL, NULL, NULL),
(112, 10000024, 'M1', 290, NULL, NULL, NULL, NULL, NULL),
(113, 10000025, 'KL', 510, NULL, NULL, NULL, NULL, NULL),
(114, 10000025, 'SP', 630, NULL, NULL, NULL, NULL, NULL),
(115, 10000025, 'WH', 340, NULL, NULL, NULL, NULL, NULL),
(116, 10000025, 'UH', 700, NULL, NULL, NULL, NULL, NULL),
(117, 10000026, 'KL', 710, NULL, NULL, NULL, NULL, NULL),
(118, 10000026, 'WH', 670, NULL, NULL, NULL, NULL, NULL),
(119, 10000026, 'LR', 410, NULL, NULL, NULL, NULL, NULL),
(120, 10000026, 'CH', 670, NULL, NULL, NULL, NULL, NULL),
(121, 10000027, 'KL', 610, NULL, NULL, NULL, NULL, NULL),
(122, 10000028, 'UH', 760, NULL, NULL, NULL, NULL, NULL),
(123, 10000028, 'SP', 320, NULL, NULL, NULL, NULL, NULL),
(124, 10000029, 'GM', 620, NULL, NULL, NULL, NULL, NULL),
(125, 10000030, 'M1', 640, NULL, NULL, NULL, NULL, NULL),
(126, 10000032, 'LR', 560, NULL, NULL, NULL, NULL, NULL),
(127, 10000032, 'JL', 380, NULL, NULL, NULL, NULL, NULL),
(128, 10000033, 'LR', 330, NULL, NULL, NULL, NULL, NULL),
(129, 10000033, 'CH', 410, NULL, NULL, NULL, NULL, NULL),
(130, 10000033, 'WH', 720, NULL, NULL, NULL, NULL, NULL),
(131, 10000033, 'FR', 640, NULL, NULL, NULL, NULL, NULL),
(132, 10000033, 'MB', 760, NULL, NULL, NULL, NULL, NULL),
(133, 10000034, 'SL', 390, NULL, NULL, NULL, NULL, NULL),
(134, 10000035, 'LT', 570, NULL, NULL, NULL, NULL, NULL),
(135, 10000037, 'SL', 290, NULL, NULL, NULL, NULL, NULL),
(136, 10000037, 'PH', 350, NULL, NULL, NULL, NULL, NULL),
(137, 10000038, 'MH', 240, NULL, NULL, NULL, NULL, NULL),
(138, 10000038, 'EB', 290, NULL, NULL, NULL, NULL, NULL),
(139, 10000038, 'KL', 420, NULL, NULL, NULL, NULL, NULL),
(140, 10000038, 'SL', 650, NULL, NULL, NULL, NULL, NULL),
(141, 10000039, 'GM', 470, NULL, NULL, NULL, NULL, NULL),
(142, 10000039, 'IT', 350, NULL, NULL, NULL, NULL, NULL),
(143, 10000039, 'MB', 400, NULL, NULL, NULL, NULL, NULL),
(144, 10000039, 'CL', 600, NULL, NULL, NULL, NULL, NULL),
(145, 10000039, 'CH', 360, NULL, NULL, NULL, NULL, NULL),
(146, 10000040, 'CL', 660, NULL, NULL, NULL, NULL, NULL),
(147, 10000040, 'GM', 360, NULL, NULL, NULL, NULL, NULL),
(148, 10000040, 'JL', 410, NULL, NULL, NULL, NULL, NULL),
(149, 10000040, 'PH', 700, NULL, NULL, NULL, NULL, NULL),
(150, 10000043, 'CH', 310, NULL, NULL, NULL, NULL, NULL),
(151, 10000045, 'LT', 780, NULL, NULL, NULL, NULL, NULL),
(152, 10000045, 'WH', 490, NULL, NULL, NULL, NULL, NULL),
(153, 10000045, 'M2', 610, NULL, NULL, NULL, NULL, NULL),
(154, 10000045, 'KL', 280, NULL, NULL, NULL, NULL, NULL),
(155, 10000046, 'IT', 640, NULL, NULL, NULL, NULL, NULL),
(156, 10000046, 'M2', 650, NULL, NULL, NULL, NULL, NULL),
(157, 10000047, 'CL', 250, NULL, NULL, NULL, NULL, NULL),
(158, 10000047, 'KL', 800, NULL, NULL, NULL, NULL, NULL),
(159, 10000048, 'JL', 720, NULL, NULL, NULL, NULL, NULL),
(160, 10000048, 'FR', 380, NULL, NULL, NULL, NULL, NULL),
(161, 10000048, 'GL', 670, NULL, NULL, NULL, NULL, NULL),
(162, 10000048, 'SL', 760, NULL, NULL, NULL, NULL, NULL),
(163, 10000049, 'FL', 660, NULL, NULL, NULL, NULL, NULL),
(164, 10000051, 'FL', 750, NULL, NULL, NULL, NULL, NULL),
(165, 10000052, 'CL', 530, NULL, NULL, NULL, NULL, NULL),
(166, 10000052, 'PH', 740, NULL, NULL, NULL, NULL, NULL),
(167, 10000052, 'FL', 330, NULL, NULL, NULL, NULL, NULL),
(168, 10000052, 'EB', 400, NULL, NULL, NULL, NULL, NULL),
(169, 10000053, 'LT', 600, NULL, NULL, NULL, NULL, NULL),
(170, 10000053, 'MH', 600, NULL, NULL, NULL, NULL, NULL),
(171, 10000053, 'MB', 340, NULL, NULL, NULL, NULL, NULL),
(172, 10000053, 'EB', 520, NULL, NULL, NULL, NULL, NULL),
(173, 10000053, 'CH', 660, NULL, NULL, NULL, NULL, NULL),
(174, 10000054, 'WH', 760, NULL, NULL, NULL, NULL, NULL),
(175, 10000054, 'FL', 640, NULL, NULL, NULL, NULL, NULL),
(176, 10000054, 'KL', 710, NULL, NULL, NULL, NULL, NULL),
(177, 10000054, 'MB', 320, NULL, NULL, NULL, NULL, NULL),
(178, 10000054, 'CH', 310, NULL, NULL, NULL, NULL, NULL),
(179, 10000055, 'PH', 400, NULL, NULL, NULL, NULL, NULL),
(180, 10000056, 'LT', 450, NULL, NULL, NULL, NULL, NULL),
(181, 10000056, 'WH', 780, NULL, NULL, NULL, NULL, NULL),
(182, 10000056, 'M1', 730, NULL, NULL, NULL, NULL, NULL),
(183, 10000056, 'GL', 390, NULL, NULL, NULL, NULL, NULL),
(184, 10000056, 'KL', 340, NULL, NULL, NULL, NULL, NULL),
(185, 10000057, 'KL', 710, NULL, NULL, NULL, NULL, NULL),
(186, 10000057, 'MB', 660, NULL, NULL, NULL, NULL, NULL),
(187, 10000057, 'MH', 320, NULL, NULL, NULL, NULL, NULL),
(188, 10000057, 'GM', 790, NULL, NULL, NULL, NULL, NULL),
(189, 10000058, 'SP', 380, NULL, NULL, NULL, NULL, NULL),
(190, 10000058, 'M1', 220, NULL, NULL, NULL, NULL, NULL),
(191, 10000058, 'MH', 500, NULL, NULL, NULL, NULL, NULL),
(192, 10000058, 'PH', 370, NULL, NULL, NULL, NULL, NULL),
(193, 10000059, 'EB', 210, NULL, NULL, NULL, NULL, NULL),
(194, 10000059, 'GL', 280, NULL, NULL, NULL, NULL, NULL),
(195, 10000059, 'LR', 490, NULL, NULL, NULL, NULL, NULL),
(196, 10000059, 'WH', 250, NULL, NULL, NULL, NULL, NULL),
(197, 10000059, 'CH', 570, NULL, NULL, NULL, NULL, NULL),
(198, 10000060, 'CL', 510, NULL, NULL, NULL, NULL, NULL),
(199, 10000061, 'CL', 240, NULL, NULL, NULL, NULL, NULL),
(200, 10000061, 'PH', 550, NULL, NULL, NULL, NULL, NULL),
(201, 10000061, 'KL', 610, NULL, NULL, NULL, NULL, NULL),
(202, 10000062, 'UH', 520, NULL, NULL, NULL, NULL, NULL),
(203, 10000062, 'M1', 770, NULL, NULL, NULL, NULL, NULL),
(204, 10000062, 'CL', 500, NULL, NULL, NULL, NULL, NULL),
(205, 10000064, 'LR', 350, NULL, NULL, NULL, NULL, NULL),
(206, 10000064, 'JL', 460, NULL, NULL, NULL, NULL, NULL),
(207, 10000064, 'CL', 570, NULL, NULL, NULL, NULL, NULL),
(208, 10000064, 'IT', 520, NULL, NULL, NULL, NULL, NULL),
(209, 10000064, 'GL', 800, NULL, NULL, NULL, NULL, NULL),
(210, 10000065, 'JL', 510, NULL, NULL, NULL, NULL, NULL),
(211, 10000065, 'MB', 400, NULL, NULL, NULL, NULL, NULL),
(212, 10000065, 'KL', 350, NULL, NULL, NULL, NULL, NULL),
(213, 10000065, 'FR', 270, NULL, NULL, NULL, NULL, NULL),
(214, 10000065, 'CL', 320, NULL, NULL, NULL, NULL, NULL),
(215, 10000067, 'MH', 570, NULL, NULL, NULL, NULL, NULL),
(216, 10000067, 'M1', 280, NULL, NULL, NULL, NULL, NULL),
(217, 10000067, 'JL', 360, NULL, NULL, NULL, NULL, NULL),
(218, 10000068, 'M2', 610, NULL, NULL, NULL, NULL, NULL),
(219, 10000069, 'CL', 260, NULL, NULL, NULL, NULL, NULL),
(220, 10000069, 'LT', 290, NULL, NULL, NULL, NULL, NULL),
(221, 10000069, 'GM', 450, NULL, NULL, NULL, NULL, NULL),
(222, 10000069, 'KL', 380, NULL, NULL, NULL, NULL, NULL),
(223, 10000070, 'IT', 250, NULL, NULL, NULL, NULL, NULL),
(224, 10000070, 'KL', 370, NULL, NULL, NULL, NULL, NULL),
(225, 10000070, 'SP', 440, NULL, NULL, NULL, NULL, NULL),
(226, 10000070, 'GM', 400, NULL, NULL, NULL, NULL, NULL),
(227, 10000071, 'SP', 290, NULL, NULL, NULL, NULL, NULL),
(228, 10000071, 'UH', 460, NULL, NULL, NULL, NULL, NULL),
(229, 10000071, 'KL', 260, NULL, NULL, NULL, NULL, NULL),
(230, 10000071, 'SL', 780, NULL, NULL, NULL, NULL, NULL),
(231, 10000071, 'M2', 200, NULL, NULL, NULL, NULL, NULL),
(232, 10000072, 'CH', 630, NULL, NULL, NULL, NULL, NULL),
(233, 10000072, 'MH', 580, NULL, NULL, NULL, NULL, NULL),
(234, 10000072, 'IT', 230, NULL, NULL, NULL, NULL, NULL),
(235, 10000072, 'LT', 260, NULL, NULL, NULL, NULL, NULL),
(236, 10000072, 'PH', 800, NULL, NULL, NULL, NULL, NULL),
(237, 10000073, 'M2', 640, NULL, NULL, NULL, NULL, NULL),
(238, 10000074, 'WH', 720, NULL, NULL, NULL, NULL, NULL),
(239, 10000074, 'UH', 250, NULL, NULL, NULL, NULL, NULL),
(240, 10000076, 'SL', 280, NULL, NULL, NULL, NULL, NULL),
(241, 10000077, 'WH', 790, NULL, NULL, NULL, NULL, NULL),
(242, 10000077, 'UH', 630, NULL, NULL, NULL, NULL, NULL),
(243, 10000078, 'KL', 480, NULL, NULL, NULL, NULL, NULL),
(244, 10000078, 'M1', 420, NULL, NULL, NULL, NULL, NULL),
(245, 10000078, 'PH', 220, NULL, NULL, NULL, NULL, NULL),
(246, 10000078, 'MB', 540, NULL, NULL, NULL, NULL, NULL),
(247, 10000078, 'MH', 590, NULL, NULL, NULL, NULL, NULL),
(248, 10000085, 'UH', 740, NULL, NULL, NULL, NULL, NULL),
(249, 10000085, 'M1', 320, NULL, NULL, NULL, NULL, NULL),
(250, 10000086, 'IT', 550, NULL, NULL, NULL, NULL, NULL),
(251, 10000086, 'KL', 660, NULL, NULL, NULL, NULL, NULL),
(252, 10000086, 'MB', 680, NULL, NULL, NULL, NULL, NULL),
(253, 10000086, 'LR', 760, NULL, NULL, NULL, NULL, NULL),
(254, 10000087, 'WH', 360, NULL, NULL, NULL, NULL, NULL),
(255, 10000087, 'UH', 660, NULL, NULL, NULL, NULL, NULL),
(256, 10000087, 'LR', 310, NULL, NULL, NULL, NULL, NULL),
(257, 10000087, 'JL', 750, NULL, NULL, NULL, NULL, NULL),
(258, 10000087, 'CH', 350, NULL, NULL, NULL, NULL, NULL),
(259, 10000089, 'CL', 300, NULL, NULL, NULL, NULL, NULL),
(260, 10000089, 'PH', 430, NULL, NULL, NULL, NULL, NULL),
(261, 10000090, 'FR', 730, NULL, NULL, NULL, NULL, NULL),
(262, 10000090, 'SL', 440, NULL, NULL, NULL, NULL, NULL),
(263, 10000090, 'SP', 340, NULL, NULL, NULL, NULL, NULL),
(264, 10000091, 'EB', 520, NULL, NULL, NULL, NULL, NULL),
(265, 10000091, 'JL', 590, NULL, NULL, NULL, NULL, NULL),
(266, 10000091, 'SL', 270, NULL, NULL, NULL, NULL, NULL),
(267, 10000091, 'FL', 410, NULL, NULL, NULL, NULL, NULL),
(268, 10000092, 'KL', 470, NULL, NULL, NULL, NULL, NULL),
(269, 10000092, 'EB', 800, NULL, NULL, NULL, NULL, NULL),
(270, 10000092, 'GL', 220, NULL, NULL, NULL, NULL, NULL),
(271, 10000094, 'SL', 520, NULL, NULL, NULL, NULL, NULL),
(272, 10000094, 'KL', 700, NULL, NULL, NULL, NULL, NULL),
(273, 10000094, 'LR', 700, NULL, NULL, NULL, NULL, NULL),
(274, 10000095, 'IT', 260, NULL, NULL, NULL, NULL, NULL),
(275, 10000095, 'CL', 440, NULL, NULL, NULL, NULL, NULL),
(276, 10000095, 'PH', 410, NULL, NULL, NULL, NULL, NULL),
(277, 10000096, 'MB', 330, NULL, NULL, NULL, NULL, NULL),
(278, 10000096, 'M2', 440, NULL, NULL, NULL, NULL, NULL),
(279, 10000096, 'UH', 220, NULL, NULL, NULL, NULL, NULL),
(280, 10000096, 'CH', 490, NULL, NULL, NULL, NULL, NULL),
(281, 10000096, 'LR', 580, NULL, NULL, NULL, NULL, NULL),
(282, 10000097, 'LR', 320, NULL, NULL, NULL, NULL, NULL),
(283, 10000098, 'GM', 780, NULL, NULL, NULL, NULL, NULL),
(284, 10000099, 'WH', 250, NULL, NULL, NULL, NULL, NULL),
(285, 10000100, 'LT', 570, NULL, NULL, NULL, NULL, NULL),
(286, 10000100, 'IT', 670, NULL, NULL, NULL, NULL, NULL),
(287, 10000100, 'EB', 350, NULL, NULL, NULL, NULL, NULL),
(288, 10000101, 'M1', 800, NULL, NULL, NULL, NULL, NULL),
(289, 10000101, 'WH', 530, NULL, NULL, NULL, NULL, NULL),
(290, 10000101, 'SL', 420, NULL, NULL, NULL, NULL, NULL),
(291, 10000101, 'FL', 330, NULL, NULL, NULL, NULL, NULL),
(292, 10000103, 'SL', 490, NULL, NULL, NULL, NULL, NULL),
(293, 10000103, 'JL', 640, NULL, NULL, NULL, NULL, NULL),
(294, 10000103, 'MB', 750, NULL, NULL, NULL, NULL, NULL),
(295, 10000103, 'GM', 670, NULL, NULL, NULL, NULL, NULL),
(296, 10000103, 'KL', 430, NULL, NULL, NULL, NULL, NULL),
(297, 10000104, 'MB', 200, NULL, NULL, NULL, NULL, NULL),
(298, 10000104, 'PH', 530, NULL, NULL, NULL, NULL, NULL),
(299, 10000104, 'GM', 270, NULL, NULL, NULL, NULL, NULL),
(300, 10000104, 'FL', 700, NULL, NULL, NULL, NULL, NULL),
(301, 10000105, 'MH', 220, NULL, NULL, NULL, NULL, NULL),
(302, 10000105, 'SL', 730, NULL, NULL, NULL, NULL, NULL),
(303, 10000105, 'GL', 580, NULL, NULL, NULL, NULL, NULL),
(304, 10000105, 'LT', 490, NULL, NULL, NULL, NULL, NULL),
(305, 10000106, 'MB', 310, NULL, NULL, NULL, NULL, NULL),
(306, 10000106, 'M1', 330, NULL, NULL, NULL, NULL, NULL),
(307, 10000106, 'UH', 330, NULL, NULL, NULL, NULL, NULL),
(308, 10000107, 'UH', 590, NULL, NULL, NULL, NULL, NULL),
(309, 10000107, 'PH', 310, NULL, NULL, NULL, NULL, NULL),
(310, 10000107, 'M1', 360, NULL, NULL, NULL, NULL, NULL),
(311, 10000107, 'CH', 270, NULL, NULL, NULL, NULL, NULL),
(312, 10000108, 'GM', 560, NULL, NULL, NULL, NULL, NULL),
(313, 10000108, 'CL', 270, NULL, NULL, NULL, NULL, NULL),
(314, 10000108, 'IT', 730, NULL, NULL, NULL, NULL, NULL),
(315, 10000109, 'GL', 670, NULL, NULL, NULL, NULL, NULL),
(316, 10000109, 'CL', 750, NULL, NULL, NULL, NULL, NULL),
(317, 10000109, 'SP', 360, NULL, NULL, NULL, NULL, NULL),
(318, 10000109, 'MH', 610, NULL, NULL, NULL, NULL, NULL),
(319, 10000109, 'LT', 300, NULL, NULL, NULL, NULL, NULL),
(320, 10000110, 'FR', 530, NULL, NULL, NULL, NULL, NULL),
(321, 10000110, 'M2', 690, NULL, NULL, NULL, NULL, NULL),
(322, 10000110, 'EB', 730, NULL, NULL, NULL, NULL, NULL),
(323, 10000110, 'MH', 580, NULL, NULL, NULL, NULL, NULL),
(324, 10000111, 'JL', 270, NULL, NULL, NULL, NULL, NULL),
(325, 10000111, 'SP', 440, NULL, NULL, NULL, NULL, NULL),
(326, 10000111, 'FR', 510, NULL, NULL, NULL, NULL, NULL),
(327, 10000111, 'SL', 400, NULL, NULL, NULL, NULL, NULL),
(328, 10000112, 'M2', 530, NULL, NULL, NULL, NULL, NULL),
(329, 10000112, 'WH', 450, NULL, NULL, NULL, NULL, NULL),
(330, 10000113, 'UH', 210, NULL, NULL, NULL, NULL, NULL),
(331, 10000113, 'GL', 670, NULL, NULL, NULL, NULL, NULL),
(332, 10000113, 'CL', 220, NULL, NULL, NULL, NULL, NULL),
(333, 10000113, 'FL', 370, NULL, NULL, NULL, NULL, NULL),
(334, 10000114, 'GM', 320, NULL, NULL, NULL, NULL, NULL),
(335, 10000114, 'M2', 670, NULL, NULL, NULL, NULL, NULL),
(336, 10000114, 'EB', 610, NULL, NULL, NULL, NULL, NULL),
(337, 10000115, 'M1', 600, NULL, NULL, NULL, NULL, NULL),
(338, 10000115, 'LR', 430, NULL, NULL, NULL, NULL, NULL),
(339, 10000115, 'MH', 630, NULL, NULL, NULL, NULL, NULL),
(340, 10000115, 'M2', 400, NULL, NULL, NULL, NULL, NULL),
(341, 10000115, 'JL', 620, NULL, NULL, NULL, NULL, NULL),
(342, 10000116, 'WH', 440, NULL, NULL, NULL, NULL, NULL),
(343, 10000116, 'FR', 370, NULL, NULL, NULL, NULL, NULL),
(344, 10000116, 'PH', 210, NULL, NULL, NULL, NULL, NULL),
(345, 10000116, 'M2', 280, NULL, NULL, NULL, NULL, NULL),
(346, 10000117, 'WH', 480, NULL, NULL, NULL, NULL, NULL),
(347, 10000117, 'EB', 600, NULL, NULL, NULL, NULL, NULL),
(348, 10000117, 'MB', 230, NULL, NULL, NULL, NULL, NULL),
(349, 10000117, 'GM', 310, NULL, NULL, NULL, NULL, NULL),
(350, 10000117, 'LR', 590, NULL, NULL, NULL, NULL, NULL),
(351, 10000118, 'MH', 610, NULL, NULL, NULL, NULL, NULL),
(352, 10000118, 'JL', 540, NULL, NULL, NULL, NULL, NULL),
(353, 10000119, 'PH', 540, NULL, NULL, NULL, NULL, NULL),
(354, 10000119, 'UH', 430, NULL, NULL, NULL, NULL, NULL),
(355, 10000119, 'FL', 510, NULL, NULL, NULL, NULL, NULL),
(356, 10000121, 'FL', 390, NULL, NULL, NULL, NULL, NULL),
(357, 10000121, 'LR', 210, NULL, NULL, NULL, NULL, NULL),
(358, 10000121, 'CL', 310, NULL, NULL, NULL, NULL, NULL),
(359, 10000122, 'SL', 660, NULL, NULL, NULL, NULL, NULL),
(360, 10000122, 'MH', 780, NULL, NULL, NULL, NULL, NULL),
(361, 10000122, 'FR', 450, NULL, NULL, NULL, NULL, NULL),
(362, 10000122, 'IT', 710, NULL, NULL, NULL, NULL, NULL),
(363, 10000123, 'SL', 590, NULL, NULL, NULL, NULL, NULL),
(364, 10000123, 'GM', 800, NULL, NULL, NULL, NULL, NULL),
(365, 10000123, 'GL', 610, NULL, NULL, NULL, NULL, NULL),
(366, 10000123, 'EB', 380, NULL, NULL, NULL, NULL, NULL),
(367, 10000123, 'IT', 650, NULL, NULL, NULL, NULL, NULL),
(368, 10000124, 'IT', 200, NULL, NULL, NULL, NULL, NULL),
(369, 10000124, 'EB', 550, NULL, NULL, NULL, NULL, NULL),
(370, 10000124, 'GL', 470, NULL, NULL, NULL, NULL, NULL),
(371, 10000124, 'MB', 550, NULL, NULL, NULL, NULL, NULL),
(372, 10000124, 'FR', 380, NULL, NULL, NULL, NULL, NULL),
(373, 10000125, 'CL', 780, NULL, NULL, NULL, NULL, NULL),
(374, 10000125, 'WH', 640, NULL, NULL, NULL, NULL, NULL),
(375, 10000126, 'FL', 590, NULL, NULL, NULL, NULL, NULL),
(376, 10000126, 'KL', 510, NULL, NULL, NULL, NULL, NULL),
(377, 10000126, 'MB', 520, NULL, NULL, NULL, NULL, NULL),
(378, 10000127, 'CL', 390, NULL, NULL, NULL, NULL, NULL),
(379, 10000128, 'GM', 280, NULL, NULL, NULL, NULL, NULL),
(380, 10000128, 'UH', 730, NULL, NULL, NULL, NULL, NULL),
(381, 10000128, 'CH', 600, NULL, NULL, NULL, NULL, NULL),
(382, 10000128, 'LT', 250, NULL, NULL, NULL, NULL, NULL),
(383, 10000128, 'MB', 760, NULL, NULL, NULL, NULL, NULL),
(384, 10000129, 'M1', 320, NULL, NULL, NULL, NULL, NULL),
(385, 10000129, 'KL', 570, NULL, NULL, NULL, NULL, NULL),
(386, 10000129, 'SP', 290, NULL, NULL, NULL, NULL, NULL),
(387, 10000131, 'MB', 510, NULL, NULL, NULL, NULL, NULL),
(388, 10000131, 'IT', 250, NULL, NULL, NULL, NULL, NULL),
(389, 10000133, 'M1', 200, NULL, NULL, NULL, NULL, NULL),
(390, 10000133, 'GM', 220, NULL, NULL, NULL, NULL, NULL),
(391, 10000133, 'LT', 200, NULL, NULL, NULL, NULL, NULL),
(392, 10000136, 'LT', 210, NULL, NULL, NULL, NULL, NULL),
(393, 10000136, 'EB', 760, NULL, NULL, NULL, NULL, NULL),
(394, 10000137, 'M2', 410, NULL, NULL, NULL, NULL, NULL),
(395, 10000137, 'CH', 220, NULL, NULL, NULL, NULL, NULL),
(396, 10000137, 'GM', 600, NULL, NULL, NULL, NULL, NULL),
(397, 10000137, 'SP', 730, NULL, NULL, NULL, NULL, NULL),
(398, 10000138, 'JL', 450, NULL, NULL, NULL, NULL, NULL),
(399, 10000138, 'GM', 570, NULL, NULL, NULL, NULL, NULL),
(400, 10000138, 'MH', 220, NULL, NULL, NULL, NULL, NULL),
(401, 10000138, 'KL', 650, NULL, NULL, NULL, NULL, NULL),
(402, 10000138, 'CH', 540, NULL, NULL, NULL, NULL, NULL),
(403, 10000139, 'M1', 560, NULL, NULL, NULL, NULL, NULL),
(404, 10000139, 'IT', 410, NULL, NULL, NULL, NULL, NULL),
(405, 10000139, 'FL', 630, NULL, NULL, NULL, NULL, NULL),
(406, 10000140, 'MH', 610, NULL, NULL, NULL, NULL, NULL),
(407, 10000140, 'WH', 500, NULL, NULL, NULL, NULL, NULL),
(408, 10000140, 'KL', 210, NULL, NULL, NULL, NULL, NULL),
(409, 10000140, 'SP', 520, NULL, NULL, NULL, NULL, NULL),
(410, 10000140, 'JL', 750, NULL, NULL, NULL, NULL, NULL),
(411, 10000141, 'EB', 370, NULL, NULL, NULL, NULL, NULL),
(412, 10000141, 'MB', 600, NULL, NULL, NULL, NULL, NULL),
(413, 10000141, 'FL', 260, NULL, NULL, NULL, NULL, NULL),
(414, 10000141, 'CH', 520, NULL, NULL, NULL, NULL, NULL),
(416, 102, 'EB', 750, NULL, '2012-03-27 22:53:06', 102, '2012-03-27 22:53:06', 102),
(417, 102, 'FL', 750, NULL, '2012-03-27 22:53:06', 102, '2012-03-27 22:53:06', 102);

-- --------------------------------------------------------

--
-- Table structure for table `tbl_sat2_type`
--

CREATE TABLE IF NOT EXISTS `tbl_sat2_type` (
  `id` char(2) NOT NULL,
  `subject` varchar(40) NOT NULL,
  PRIMARY KEY (`id`)
) ENGINE=InnoDB DEFAULT CHARSET=latin1;

--
-- Dumping data for table `tbl_sat2_type`
--

INSERT INTO `tbl_sat2_type` (`id`, `subject`) VALUES
('CH', 'Chemistry'),
('CL', 'Chinese with Listening'),
('EB', 'Ecological Biology'),
('FL', 'French with Listening'),
('FR', 'French'),
('GL', 'German with Listening'),
('GM', 'German'),
('IT', 'Italian'),
('JL', 'Japanese with Listening'),
('KL', 'Korean with Listening'),
('LR', 'Literature'),
('LT', 'Latin'),
('M1', 'Mathematics Level 1'),
('M2', 'Mathematics Level 2'),
('MB', 'Molecular Biology'),
('MH', 'Modern Hebrew'),
('PH', 'Physics'),
('SL', 'Spanish with Listening'),
('SP', 'Spanish'),
('UH', 'U.S. History'),
('WH', 'World History');

-- --------------------------------------------------------

--
-- Table structure for table `tbl_score_profile`
--

CREATE TABLE IF NOT EXISTS `tbl_score_profile` (
  `user_id` int(10) unsigned NOT NULL,
  `SAT_Math` smallint(3) unsigned DEFAULT NULL,
  `SAT_Critical_Read` smallint(3) unsigned DEFAULT NULL,
  `SAT_Writing` smallint(3) unsigned DEFAULT NULL,
  `SAT_Essay` smallint(3) unsigned DEFAULT NULL,
  `PSAT_Math` smallint(3) unsigned DEFAULT NULL,
  `PSAT_Verbal` smallint(3) unsigned DEFAULT NULL,
  `PSAT_Writing` smallint(3) unsigned DEFAULT NULL,
  `ACT_English` smallint(3) unsigned DEFAULT NULL,
  `ACT_Math` smallint(3) unsigned DEFAULT NULL,
  `ACT_Reading` smallint(3) unsigned DEFAULT NULL,
  `ACT_Science` smallint(3) unsigned DEFAULT NULL,
  `ACT_Writing` smallint(3) unsigned DEFAULT NULL,
  `ACT_Composite` smallint(3) unsigned DEFAULT NULL,
  `toefl` tinyint(3) unsigned DEFAULT NULL,
  `ielts` decimal(10,0) unsigned DEFAULT NULL,
  `create_time` datetime DEFAULT NULL,
  `create_user_id` int(10) unsigned DEFAULT NULL,
  `update_time` datetime DEFAULT NULL,
  `update_user_id` int(10) unsigned DEFAULT NULL,
  PRIMARY KEY (`user_id`)
) ENGINE=InnoDB DEFAULT CHARSET=latin1;

--
-- Dumping data for table `tbl_score_profile`
--

INSERT INTO `tbl_score_profile` (`user_id`, `SAT_Math`, `SAT_Critical_Read`, `SAT_Writing`, `SAT_Essay`, `PSAT_Math`, `PSAT_Verbal`, `PSAT_Writing`, `ACT_English`, `ACT_Math`, `ACT_Reading`, `ACT_Science`, `ACT_Writing`, `ACT_Composite`, `toefl`, `ielts`, `create_time`, `create_user_id`, `update_time`, `update_user_id`) VALUES
(66, 480, 570, 520, 6, 50, NULL, NULL, NULL, NULL, NULL, NULL, NULL, NULL, NULL, NULL, '2011-11-07 22:31:13', 66, '2011-11-07 22:31:13', 66),
(67, 490, 550, 570, 3, NULL, NULL, NULL, 23, 23, 22, 20, 8, 28, NULL, NULL, '2011-11-07 22:42:50', 67, '2011-11-07 22:46:26', 67),
(68, 660, 580, 630, 9, NULL, NULL, NULL, NULL, NULL, NULL, NULL, NULL, NULL, NULL, NULL, '2011-11-07 22:56:30', 68, '2011-11-07 22:56:30', 68),
(69, 550, 560, 620, 6, NULL, NULL, NULL, 22, 25, 28, 23, 6, 21, NULL, NULL, '2011-11-07 23:22:34', 69, '2011-11-07 23:22:51', 69),
(70, 650, 630, 690, 9, NULL, NULL, NULL, NULL, NULL, NULL, NULL, NULL, NULL, NULL, NULL, '2011-11-08 13:21:17', 70, '2011-11-08 13:21:17', 70),
(71, 590, 630, 600, 7, NULL, NULL, NULL, 24, 28, 23, 24, 8, 26, NULL, NULL, '2011-11-08 13:34:25', 71, '2011-11-08 13:35:08', 71),
(72, 680, 630, 610, 8, NULL, NULL, NULL, 25, 31, 28, 29, 7, 22, NULL, NULL, '2011-11-08 13:43:22', 72, '2011-11-08 13:43:39', 72),
(73, 600, 630, 630, 8, NULL, NULL, NULL, NULL, NULL, NULL, NULL, NULL, NULL, NULL, NULL, '2011-11-08 15:24:35', 73, '2011-11-08 15:24:35', 73),
(74, 640, 630, 580, 7, NULL, NULL, NULL, NULL, NULL, NULL, NULL, NULL, NULL, NULL, NULL, '2011-11-08 20:18:16', 74, '2011-11-08 20:18:16', 74),
(75, 660, 650, 690, 10, NULL, NULL, NULL, 32, 31, 34, 29, 9, 31, NULL, NULL, '2011-11-08 20:30:11', 75, '2011-11-08 20:30:27', 75),
(76, 780, 760, 770, 11, 75, 79, 79, NULL, NULL, NULL, NULL, NULL, NULL, NULL, NULL, '2011-11-08 20:39:30', 76, '2011-11-08 20:42:06', 76),
(77, 680, 700, 720, 10, NULL, NULL, NULL, NULL, NULL, NULL, NULL, NULL, NULL, NULL, NULL, '2011-11-08 21:00:52', 77, '2011-11-08 21:00:52', 77),
(78, 640, 620, 600, 9, NULL, NULL, NULL, NULL, NULL, NULL, NULL, NULL, NULL, NULL, NULL, '2011-11-08 21:21:49', 78, '2011-11-08 21:21:49', 78),
(79, 550, 620, 580, 7, NULL, NULL, NULL, NULL, NULL, NULL, NULL, NULL, NULL, NULL, NULL, '2011-11-08 22:24:43', 79, '2011-11-08 22:24:43', 79),
(80, 680, 640, 670, 7, NULL, NULL, NULL, 33, 31, 28, 30, 8, 32, NULL, NULL, '2011-11-08 22:30:00', 80, '2011-11-08 22:30:15', 80),
(81, 490, 650, 650, 7, NULL, NULL, NULL, NULL, NULL, NULL, NULL, NULL, NULL, NULL, NULL, '2011-11-08 22:33:54', 81, '2011-11-08 22:33:54', 81),
(82, 730, 770, 740, 11, NULL, NULL, NULL, 34, 34, 32, 34, 10, 34, NULL, NULL, '2011-11-08 22:38:15', 82, '2011-11-08 22:38:29', 82),
(83, 700, 710, 700, 8, NULL, NULL, NULL, NULL, NULL, NULL, NULL, NULL, NULL, NULL, NULL, '2011-11-09 11:49:05', 83, '2011-11-09 11:49:05', 83),
(84, 530, 560, 450, 6, NULL, NULL, NULL, 17, 17, 19, 23, 6, 17, NULL, NULL, '2011-11-09 21:03:01', 84, '2011-11-09 21:03:31', 84),
(100, 760, 640, 700, 4, NULL, NULL, NULL, NULL, NULL, NULL, NULL, NULL, NULL, NULL, NULL, '2011-12-10 23:32:54', 100, '2012-03-11 21:57:53', 100),
(102, 760, 720, 730, 7, 75, 76, 69, 31, 26, 28, 29, 6, 29, 115, 5, '2011-11-29 22:43:59', 102, '2012-03-25 21:42:33', 102),
(10000000, 510, 620, 330, 6, 40, 55, 74, 25, 28, 15, 3, 27, 18, NULL, NULL, NULL, NULL, NULL, NULL),
(10000001, 770, 630, 440, 4, 40, 75, 66, 25, 5, 11, 24, 16, 16, NULL, NULL, NULL, NULL, NULL, NULL),
(10000002, 450, 720, 290, 3, NULL, NULL, NULL, NULL, NULL, NULL, NULL, NULL, NULL, NULL, NULL, NULL, NULL, NULL, NULL),
(10000003, 670, 640, 370, 6, NULL, NULL, NULL, NULL, NULL, NULL, NULL, NULL, NULL, NULL, NULL, NULL, NULL, NULL, NULL),
(10000004, 710, 750, 290, 7, NULL, NULL, NULL, NULL, NULL, NULL, NULL, NULL, NULL, NULL, NULL, NULL, NULL, NULL, NULL),
(10000005, 370, 640, 750, 7, NULL, NULL, NULL, 13, 31, 16, 19, 20, 20, NULL, NULL, NULL, NULL, NULL, NULL),
(10000006, NULL, NULL, NULL, NULL, NULL, NULL, NULL, 4, 34, 1, 20, 13, 15, NULL, NULL, NULL, NULL, NULL, NULL),
(10000007, 290, 320, 300, 10, NULL, NULL, NULL, 30, 20, 35, 3, 21, 22, 37, NULL, NULL, NULL, NULL, NULL),
(10000008, 290, 600, 230, 3, 36, 71, 20, NULL, NULL, NULL, NULL, NULL, NULL, NULL, NULL, NULL, NULL, NULL, NULL),
(10000009, 550, 390, 610, 2, NULL, NULL, NULL, NULL, NULL, NULL, NULL, NULL, NULL, NULL, NULL, NULL, NULL, NULL, NULL),
(10000010, 330, 230, 530, 3, NULL, NULL, NULL, NULL, NULL, NULL, NULL, NULL, NULL, 108, NULL, NULL, NULL, NULL, NULL),
(10000011, 220, 410, 520, 12, 71, 54, 46, 2, 21, 12, 4, 30, 10, NULL, NULL, NULL, NULL, NULL, NULL),
(10000012, 760, 780, 270, 10, NULL, NULL, NULL, NULL, NULL, NULL, NULL, NULL, NULL, NULL, NULL, NULL, NULL, NULL, NULL),
(10000013, 740, 430, 310, 9, NULL, NULL, NULL, NULL, NULL, NULL, NULL, NULL, NULL, NULL, NULL, NULL, NULL, NULL, NULL),
(10000014, 230, 250, 710, 12, 67, 73, 59, NULL, NULL, NULL, NULL, NULL, NULL, NULL, NULL, NULL, NULL, NULL, NULL),
(10000015, 290, 470, 270, 6, NULL, NULL, NULL, NULL, NULL, NULL, NULL, NULL, NULL, NULL, NULL, NULL, NULL, NULL, NULL),
(10000016, 530, 210, 200, 10, NULL, NULL, NULL, NULL, NULL, NULL, NULL, NULL, NULL, NULL, NULL, NULL, NULL, NULL, NULL),
(10000017, 800, 620, 630, 9, NULL, NULL, NULL, NULL, NULL, NULL, NULL, NULL, NULL, NULL, NULL, NULL, NULL, NULL, NULL),
(10000018, 620, 450, 370, 10, NULL, NULL, NULL, NULL, NULL, NULL, NULL, NULL, NULL, NULL, NULL, NULL, NULL, NULL, NULL),
(10000019, 380, 740, 290, 6, NULL, NULL, NULL, NULL, NULL, NULL, NULL, NULL, NULL, NULL, NULL, NULL, NULL, NULL, NULL),
(10000020, 720, 610, 340, 9, NULL, NULL, NULL, NULL, NULL, NULL, NULL, NULL, NULL, NULL, NULL, NULL, NULL, NULL, NULL),
(10000021, 200, 690, 370, 10, NULL, NULL, NULL, NULL, NULL, NULL, NULL, NULL, NULL, NULL, NULL, NULL, NULL, NULL, NULL),
(10000022, 290, 450, 390, 2, NULL, NULL, NULL, NULL, NULL, NULL, NULL, NULL, NULL, NULL, NULL, NULL, NULL, NULL, NULL),
(10000023, 670, 720, 680, 12, 40, 46, 44, NULL, NULL, NULL, NULL, NULL, NULL, 98, NULL, NULL, NULL, NULL, NULL),
(10000024, 280, 430, 620, 6, NULL, NULL, NULL, NULL, NULL, NULL, NULL, NULL, NULL, NULL, NULL, NULL, NULL, NULL, NULL),
(10000025, 200, 660, 300, 4, NULL, NULL, NULL, NULL, NULL, NULL, NULL, NULL, NULL, NULL, NULL, NULL, NULL, NULL, NULL),
(10000026, 220, 790, 430, 8, NULL, NULL, NULL, NULL, NULL, NULL, NULL, NULL, NULL, NULL, NULL, NULL, NULL, NULL, NULL),
(10000027, 710, 570, 630, 3, NULL, NULL, NULL, NULL, NULL, NULL, NULL, NULL, NULL, NULL, NULL, NULL, NULL, NULL, NULL),
(10000028, 500, 670, 790, 8, NULL, NULL, NULL, NULL, NULL, NULL, NULL, NULL, NULL, NULL, NULL, NULL, NULL, NULL, NULL),
(10000029, 720, 400, 460, 5, NULL, NULL, NULL, NULL, NULL, NULL, NULL, NULL, NULL, NULL, NULL, NULL, NULL, NULL, NULL),
(10000030, 590, 230, 520, 12, NULL, NULL, NULL, NULL, NULL, NULL, NULL, NULL, NULL, NULL, NULL, NULL, NULL, NULL, NULL),
(10000031, 230, 660, 320, 11, 77, 39, 80, NULL, NULL, NULL, NULL, NULL, NULL, NULL, NULL, NULL, NULL, NULL, NULL),
(10000032, NULL, NULL, NULL, NULL, NULL, NULL, NULL, 36, 4, 27, 22, 28, 22, NULL, NULL, NULL, NULL, NULL, NULL),
(10000033, NULL, NULL, NULL, NULL, NULL, NULL, NULL, NULL, NULL, NULL, NULL, NULL, NULL, NULL, NULL, NULL, NULL, NULL, NULL),
(10000034, 750, 620, 270, 2, NULL, NULL, NULL, NULL, NULL, NULL, NULL, NULL, NULL, NULL, NULL, NULL, NULL, NULL, NULL),
(10000035, NULL, NULL, NULL, NULL, NULL, NULL, NULL, NULL, NULL, NULL, NULL, NULL, NULL, NULL, NULL, NULL, NULL, NULL, NULL),
(10000036, 670, 610, 350, 9, NULL, NULL, NULL, 14, 10, 4, 16, 28, 11, NULL, NULL, NULL, NULL, NULL, NULL),
(10000037, 300, 730, 560, 2, NULL, NULL, NULL, NULL, NULL, NULL, NULL, NULL, NULL, NULL, NULL, NULL, NULL, NULL, NULL),
(10000038, 270, 640, 350, 5, NULL, NULL, NULL, NULL, NULL, NULL, NULL, NULL, NULL, NULL, NULL, NULL, NULL, NULL, NULL),
(10000039, 280, 430, 560, 12, 47, 33, 76, 24, 8, 32, 32, 36, 24, NULL, 18, NULL, NULL, NULL, NULL),
(10000040, 430, 750, 780, 11, 42, 37, 32, NULL, NULL, NULL, NULL, NULL, NULL, NULL, NULL, NULL, NULL, NULL, NULL),
(10000041, 310, 680, 780, 9, NULL, NULL, NULL, NULL, NULL, NULL, NULL, NULL, NULL, NULL, NULL, NULL, NULL, NULL, NULL),
(10000042, 530, 660, 200, 12, 62, 45, 67, NULL, NULL, NULL, NULL, NULL, NULL, NULL, NULL, NULL, NULL, NULL, NULL),
(10000043, NULL, NULL, NULL, NULL, NULL, NULL, NULL, 11, 5, 22, 36, 25, 19, NULL, NULL, NULL, NULL, NULL, NULL),
(10000044, 220, 440, 770, 8, NULL, NULL, NULL, NULL, NULL, NULL, NULL, NULL, NULL, NULL, 8, NULL, NULL, NULL, NULL),
(10000045, 610, 260, 560, 5, 23, 31, 76, NULL, NULL, NULL, NULL, NULL, NULL, NULL, NULL, NULL, NULL, NULL, NULL),
(10000046, 530, 230, 700, 8, NULL, NULL, NULL, NULL, NULL, NULL, NULL, NULL, NULL, NULL, NULL, NULL, NULL, NULL, NULL),
(10000047, 530, 550, 310, 12, NULL, NULL, NULL, NULL, NULL, NULL, NULL, NULL, NULL, NULL, NULL, NULL, NULL, NULL, NULL),
(10000048, 280, 530, 700, 8, 33, 42, 45, 6, 36, 1, 10, 36, 13, NULL, NULL, NULL, NULL, NULL, NULL),
(10000049, 200, 570, 610, 11, 39, 79, 58, 34, 8, 15, 14, 29, 18, NULL, NULL, NULL, NULL, NULL, NULL),
(10000050, 630, 280, 250, 12, NULL, NULL, NULL, NULL, NULL, NULL, NULL, NULL, NULL, NULL, NULL, NULL, NULL, NULL, NULL),
(10000051, 760, 600, 590, 2, NULL, NULL, NULL, NULL, NULL, NULL, NULL, NULL, NULL, NULL, NULL, NULL, NULL, NULL, NULL),
(10000052, 570, 330, 780, 7, NULL, NULL, NULL, NULL, NULL, NULL, NULL, NULL, NULL, NULL, NULL, NULL, NULL, NULL, NULL),
(10000053, 470, 660, 480, 11, 29, 67, 78, NULL, NULL, NULL, NULL, NULL, NULL, NULL, NULL, NULL, NULL, NULL, NULL),
(10000054, NULL, NULL, NULL, NULL, NULL, NULL, NULL, NULL, NULL, NULL, NULL, NULL, NULL, NULL, NULL, NULL, NULL, NULL, NULL),
(10000055, 730, 500, 510, 3, 72, 26, 34, NULL, NULL, NULL, NULL, NULL, NULL, NULL, NULL, NULL, NULL, NULL, NULL),
(10000056, NULL, NULL, NULL, NULL, NULL, NULL, NULL, NULL, NULL, NULL, NULL, NULL, NULL, NULL, NULL, NULL, NULL, NULL, NULL),
(10000057, 240, 600, 620, 4, 41, 39, 24, NULL, NULL, NULL, NULL, NULL, NULL, NULL, NULL, NULL, NULL, NULL, NULL),
(10000058, 240, 540, 750, 11, 63, 66, 47, NULL, NULL, NULL, NULL, NULL, NULL, NULL, NULL, NULL, NULL, NULL, NULL),
(10000059, 290, 710, 710, 12, NULL, NULL, NULL, 3, 27, 22, 6, 14, 15, NULL, NULL, NULL, NULL, NULL, NULL),
(10000060, 580, 560, 370, 9, NULL, NULL, NULL, 11, 31, 32, 14, 7, 22, NULL, NULL, NULL, NULL, NULL, NULL),
(10000061, NULL, NULL, NULL, NULL, NULL, NULL, NULL, NULL, NULL, NULL, NULL, NULL, NULL, NULL, NULL, NULL, NULL, NULL, NULL),
(10000062, 700, 240, 550, 9, NULL, NULL, NULL, NULL, NULL, NULL, NULL, NULL, NULL, NULL, NULL, NULL, NULL, NULL, NULL),
(10000063, 590, 640, 710, 5, NULL, NULL, NULL, NULL, NULL, NULL, NULL, NULL, NULL, NULL, NULL, NULL, NULL, NULL, NULL),
(10000064, 570, 590, 540, 6, NULL, NULL, NULL, NULL, NULL, NULL, NULL, NULL, NULL, NULL, NULL, NULL, NULL, NULL, NULL),
(10000065, 500, 560, 600, 3, NULL, NULL, NULL, 31, 1, 8, 31, 6, 18, NULL, NULL, NULL, NULL, NULL, NULL),
(10000066, 550, 420, 510, 11, NULL, NULL, NULL, NULL, NULL, NULL, NULL, NULL, NULL, NULL, NULL, NULL, NULL, NULL, NULL),
(10000067, 580, 430, 750, 11, NULL, NULL, NULL, 15, 13, 4, 11, 19, 11, 7, NULL, NULL, NULL, NULL, NULL),
(10000068, 460, 430, 200, 3, NULL, NULL, NULL, NULL, NULL, NULL, NULL, NULL, NULL, NULL, NULL, NULL, NULL, NULL, NULL),
(10000069, 630, 370, 620, 12, 46, 59, 64, NULL, NULL, NULL, NULL, NULL, NULL, NULL, NULL, NULL, NULL, NULL, NULL),
(10000070, 450, 530, 350, 9, NULL, NULL, NULL, NULL, NULL, NULL, NULL, NULL, NULL, NULL, NULL, NULL, NULL, NULL, NULL),
(10000071, NULL, NULL, NULL, NULL, NULL, NULL, NULL, 35, 11, 17, 34, 8, 24, NULL, 18, NULL, NULL, NULL, NULL),
(10000072, 520, 340, 360, 3, NULL, NULL, NULL, NULL, NULL, NULL, NULL, NULL, NULL, NULL, NULL, NULL, NULL, NULL, NULL),
(10000073, 670, 600, 510, 2, 34, 79, 22, NULL, NULL, NULL, NULL, NULL, NULL, NULL, NULL, NULL, NULL, NULL, NULL),
(10000074, NULL, NULL, NULL, NULL, NULL, NULL, NULL, NULL, NULL, NULL, NULL, NULL, NULL, NULL, NULL, NULL, NULL, NULL, NULL),
(10000075, 200, 600, 560, 5, NULL, NULL, NULL, NULL, NULL, NULL, NULL, NULL, NULL, NULL, 4, NULL, NULL, NULL, NULL),
(10000076, 700, 210, 770, 8, 34, 45, 78, 8, 24, 9, 5, 17, 12, NULL, NULL, NULL, NULL, NULL, NULL),
(10000077, 690, 310, 400, 11, NULL, NULL, NULL, NULL, NULL, NULL, NULL, NULL, NULL, NULL, NULL, NULL, NULL, NULL, NULL),
(10000078, 290, 430, 480, 4, NULL, NULL, NULL, NULL, NULL, NULL, NULL, NULL, NULL, NULL, NULL, NULL, NULL, NULL, NULL),
(10000085, 320, 610, 340, 7, NULL, NULL, NULL, 6, 21, 17, 9, 14, 13, NULL, NULL, NULL, NULL, NULL, NULL),
(10000086, 320, 720, 740, 12, NULL, NULL, NULL, NULL, NULL, NULL, NULL, NULL, NULL, 94, NULL, NULL, NULL, NULL, NULL),
(10000087, NULL, NULL, NULL, NULL, NULL, NULL, NULL, NULL, NULL, NULL, NULL, NULL, NULL, NULL, NULL, NULL, NULL, NULL, NULL),
(10000088, 240, 700, 320, 11, 74, 75, 58, NULL, NULL, NULL, NULL, NULL, NULL, NULL, NULL, NULL, NULL, NULL, NULL),
(10000089, 660, 800, 330, 9, NULL, NULL, NULL, NULL, NULL, NULL, NULL, NULL, NULL, NULL, NULL, NULL, NULL, NULL, NULL),
(10000090, 470, 780, 500, 11, NULL, NULL, NULL, NULL, NULL, NULL, NULL, NULL, NULL, NULL, 15, NULL, NULL, NULL, NULL),
(10000091, 420, 280, 780, 5, NULL, NULL, NULL, NULL, NULL, NULL, NULL, NULL, NULL, NULL, NULL, NULL, NULL, NULL, NULL),
(10000092, 410, 270, 530, 3, NULL, NULL, NULL, NULL, NULL, NULL, NULL, NULL, NULL, NULL, NULL, NULL, NULL, NULL, NULL),
(10000093, 290, 310, 700, 6, 54, 33, 66, NULL, NULL, NULL, NULL, NULL, NULL, NULL, NULL, NULL, NULL, NULL, NULL),
(10000094, 760, 800, 530, 10, NULL, NULL, NULL, NULL, NULL, NULL, NULL, NULL, NULL, NULL, NULL, NULL, NULL, NULL, NULL),
(10000095, 600, 450, 480, 11, 23, 55, 68, NULL, NULL, NULL, NULL, NULL, NULL, NULL, NULL, NULL, NULL, NULL, NULL),
(10000096, 550, 550, 750, 3, NULL, NULL, NULL, NULL, NULL, NULL, NULL, NULL, NULL, NULL, NULL, NULL, NULL, NULL, NULL),
(10000097, 230, 450, 560, 12, 20, 39, 52, NULL, NULL, NULL, NULL, NULL, NULL, NULL, NULL, NULL, NULL, NULL, NULL),
(10000098, 760, 240, 620, 5, NULL, NULL, NULL, NULL, NULL, NULL, NULL, NULL, NULL, NULL, NULL, NULL, NULL, NULL, NULL),
(10000099, 750, 540, 370, 3, NULL, NULL, NULL, NULL, NULL, NULL, NULL, NULL, NULL, NULL, NULL, NULL, NULL, NULL, NULL),
(10000100, 290, 760, 750, 5, NULL, NULL, NULL, NULL, NULL, NULL, NULL, NULL, NULL, NULL, NULL, NULL, NULL, NULL, NULL),
(10000101, 590, 540, 200, 6, NULL, NULL, NULL, NULL, NULL, NULL, NULL, NULL, NULL, NULL, NULL, NULL, NULL, NULL, NULL),
(10000102, 660, 400, 520, 10, 58, 39, 67, NULL, NULL, NULL, NULL, NULL, NULL, NULL, NULL, NULL, NULL, NULL, NULL),
(10000103, 240, 650, 200, 12, NULL, NULL, NULL, NULL, NULL, NULL, NULL, NULL, NULL, NULL, NULL, NULL, NULL, NULL, NULL),
(10000104, NULL, NULL, NULL, NULL, 25, 66, 49, 17, 32, 12, 21, 16, 21, NULL, NULL, NULL, NULL, NULL, NULL),
(10000105, NULL, NULL, NULL, NULL, 65, 25, 46, 21, 34, 36, 28, 33, 30, NULL, NULL, NULL, NULL, NULL, NULL),
(10000106, 450, 520, 570, 7, NULL, NULL, NULL, NULL, NULL, NULL, NULL, NULL, NULL, NULL, NULL, NULL, NULL, NULL, NULL),
(10000107, 230, 490, 250, 9, NULL, NULL, NULL, NULL, NULL, NULL, NULL, NULL, NULL, NULL, NULL, NULL, NULL, NULL, NULL),
(10000108, NULL, NULL, NULL, NULL, NULL, NULL, NULL, NULL, NULL, NULL, NULL, NULL, NULL, NULL, NULL, NULL, NULL, NULL, NULL),
(10000109, 330, 610, 590, 12, NULL, NULL, NULL, NULL, NULL, NULL, NULL, NULL, NULL, NULL, NULL, NULL, NULL, NULL, NULL),
(10000110, 300, 230, 510, 9, NULL, NULL, NULL, NULL, NULL, NULL, NULL, NULL, NULL, NULL, NULL, NULL, NULL, NULL, NULL),
(10000111, 380, 450, 550, 10, NULL, NULL, NULL, NULL, NULL, NULL, NULL, NULL, NULL, NULL, NULL, NULL, NULL, NULL, NULL),
(10000112, 600, 380, 660, 7, NULL, NULL, NULL, NULL, NULL, NULL, NULL, NULL, NULL, NULL, NULL, NULL, NULL, NULL, NULL),
(10000113, 720, 760, 480, 9, NULL, NULL, NULL, NULL, NULL, NULL, NULL, NULL, NULL, NULL, NULL, NULL, NULL, NULL, NULL),
(10000114, 730, 210, 550, 3, NULL, NULL, NULL, NULL, NULL, NULL, NULL, NULL, NULL, NULL, NULL, NULL, NULL, NULL, NULL),
(10000115, 790, 680, 460, 6, 42, 79, 77, NULL, NULL, NULL, NULL, NULL, NULL, NULL, NULL, NULL, NULL, NULL, NULL),
(10000116, 250, 630, 540, 12, NULL, NULL, NULL, NULL, NULL, NULL, NULL, NULL, NULL, NULL, NULL, NULL, NULL, NULL, NULL),
(10000117, 730, 520, 450, 7, NULL, NULL, NULL, NULL, NULL, NULL, NULL, NULL, NULL, NULL, NULL, NULL, NULL, NULL, NULL),
(10000118, 320, 670, 540, 2, 58, 59, 26, NULL, NULL, NULL, NULL, NULL, NULL, NULL, 5, NULL, NULL, NULL, NULL),
(10000119, 780, 560, 670, 9, NULL, NULL, NULL, 33, 11, 26, 16, 26, 22, NULL, NULL, NULL, NULL, NULL, NULL),
(10000120, NULL, NULL, NULL, NULL, NULL, NULL, NULL, NULL, NULL, NULL, NULL, NULL, NULL, NULL, NULL, NULL, NULL, NULL, NULL),
(10000121, 630, 720, 560, 9, 43, 56, 45, NULL, NULL, NULL, NULL, NULL, NULL, NULL, NULL, NULL, NULL, NULL, NULL),
(10000122, 470, 520, 660, 9, NULL, NULL, NULL, NULL, NULL, NULL, NULL, NULL, NULL, NULL, NULL, NULL, NULL, NULL, NULL),
(10000123, 460, 370, 300, 2, NULL, NULL, NULL, NULL, NULL, NULL, NULL, NULL, NULL, NULL, NULL, NULL, NULL, NULL, NULL),
(10000124, 510, 600, 220, 9, 48, 60, 77, 10, 29, 36, 29, 14, 26, NULL, NULL, NULL, NULL, NULL, NULL),
(10000125, 800, 570, 740, 2, NULL, NULL, NULL, NULL, NULL, NULL, NULL, NULL, NULL, NULL, 8, NULL, NULL, NULL, NULL),
(10000126, 280, 500, 470, 8, NULL, NULL, NULL, NULL, NULL, NULL, NULL, NULL, NULL, NULL, NULL, NULL, NULL, NULL, NULL),
(10000127, 570, 620, 590, 7, 49, 52, 52, NULL, NULL, NULL, NULL, NULL, NULL, NULL, NULL, NULL, NULL, NULL, NULL),
(10000128, 520, 600, 340, 6, 66, 73, 28, NULL, NULL, NULL, NULL, NULL, NULL, NULL, NULL, NULL, NULL, NULL, NULL),
(10000129, 430, 210, 270, 12, NULL, NULL, NULL, 19, 4, 30, 35, 4, 22, NULL, NULL, NULL, NULL, NULL, NULL),
(10000130, 780, 540, 240, 10, 66, 69, 61, NULL, NULL, NULL, NULL, NULL, NULL, NULL, NULL, NULL, NULL, NULL, NULL),
(10000131, 670, 370, 570, 3, NULL, NULL, NULL, NULL, NULL, NULL, NULL, NULL, NULL, NULL, NULL, NULL, NULL, NULL, NULL),
(10000132, 410, 450, 230, 11, NULL, NULL, NULL, 18, 29, 35, 33, 16, 29, NULL, NULL, NULL, NULL, NULL, NULL),
(10000133, 350, 580, 540, 7, NULL, NULL, NULL, NULL, NULL, NULL, NULL, NULL, NULL, NULL, NULL, NULL, NULL, NULL, NULL),
(10000134, 500, 760, 700, 2, 34, 78, 48, NULL, NULL, NULL, NULL, NULL, NULL, NULL, NULL, NULL, NULL, NULL, NULL),
(10000135, 800, 630, 760, 7, NULL, NULL, NULL, NULL, NULL, NULL, NULL, NULL, NULL, NULL, NULL, NULL, NULL, NULL, NULL),
(10000136, 580, 380, 510, 7, NULL, NULL, NULL, NULL, NULL, NULL, NULL, NULL, NULL, NULL, NULL, NULL, NULL, NULL, NULL),
(10000137, 640, 310, 470, 12, NULL, NULL, NULL, 12, 6, 31, 16, 24, 16, NULL, NULL, NULL, NULL, NULL, NULL),
(10000138, 710, 600, 760, 11, NULL, NULL, NULL, NULL, NULL, NULL, NULL, NULL, NULL, NULL, NULL, NULL, NULL, NULL, NULL),
(10000139, 270, 730, 380, 4, NULL, NULL, NULL, NULL, NULL, NULL, NULL, NULL, NULL, NULL, NULL, NULL, NULL, NULL, NULL),
(10000140, 500, 670, 510, 3, NULL, NULL, NULL, 2, 8, 14, 25, 29, 12, NULL, 10, NULL, NULL, NULL, NULL),
(10000141, 720, 440, 630, 11, 67, 65, 23, NULL, NULL, NULL, NULL, NULL, NULL, NULL, NULL, NULL, NULL, NULL, NULL);

-- --------------------------------------------------------

--
-- Table structure for table `tbl_seller_curr_royalty`
--

CREATE TABLE IF NOT EXISTS `tbl_seller_curr_royalty` (
  `id` int(10) unsigned NOT NULL AUTO_INCREMENT,
  `user_id` int(10) unsigned NOT NULL,
  `L1_royalty` float unsigned NOT NULL,
  `L2_inc_royalty` float unsigned NOT NULL,
  `L3_inc_royalty` float unsigned NOT NULL,
  `date_modified` datetime DEFAULT NULL,
  `user_modified` int(10) unsigned DEFAULT NULL,
  PRIMARY KEY (`id`),
  KEY `USER` (`user_id`)
) ENGINE=InnoDB  DEFAULT CHARSET=latin1 AUTO_INCREMENT=171 ;

--
-- Dumping data for table `tbl_seller_curr_royalty`
--

INSERT INTO `tbl_seller_curr_royalty` (`id`, `user_id`, `L1_royalty`, `L2_inc_royalty`, `L3_inc_royalty`, `date_modified`, `user_modified`) VALUES
(1, 66, 0.2, 0.275, 0.35, '2012-01-30 09:30:37', NULL),
(2, 67, 0.3, 0.375, 0.45, '2012-01-30 09:30:37', NULL),
(3, 68, 0.2, 0.275, 0.35, '2012-01-30 09:30:37', NULL),
(4, 69, 0.2, 0.275, 0.35, '2012-01-30 09:30:37', NULL),
(5, 70, 0.2, 0.275, 0.35, '2012-01-30 09:30:37', NULL),
(6, 71, 0.2, 0.275, 0.35, '2012-01-30 09:30:37', NULL),
(7, 72, 0.2, 0.275, 0.35, '2012-01-30 09:30:37', NULL),
(8, 73, 0.2, 0.275, 0.35, '2012-01-30 09:30:37', NULL),
(9, 74, 0.2, 0.275, 0.35, '2012-01-30 09:30:37', NULL),
(10, 75, 0.2, 0.275, 0.35, '2012-01-30 09:30:37', NULL),
(11, 76, 0.2, 0.275, 0.35, '2012-01-30 09:30:37', NULL),
(12, 77, 0.2, 0.275, 0.35, '2012-01-30 09:30:37', NULL),
(13, 78, 0.2, 0.275, 0.35, '2012-01-30 09:30:37', NULL),
(14, 79, 0.2, 0.275, 0.35, '2012-01-30 09:30:37', NULL),
(15, 80, 0.2, 0.275, 0.35, '2012-01-30 09:30:37', NULL),
(16, 81, 0.2, 0.275, 0.35, '2012-01-30 09:30:37', NULL),
(17, 82, 0.2, 0.275, 0.35, '2012-01-30 09:30:37', NULL),
(18, 83, 0.2, 0.275, 0.35, '2012-01-30 09:30:37', NULL),
(19, 84, 0.2, 0.275, 0.35, '2012-01-30 09:30:37', NULL),
(20, 93, 0.2, 0.275, 0.35, '2012-01-30 09:30:37', NULL),
(21, 100, 0.3, 0.375, 0.45, '2012-01-30 09:30:37', NULL),
(22, 102, 0.405, 0.48, 0.555, '2012-03-27 00:40:14', NULL),
(23, 10000000, 0.2, 0.275, 0.35, '2012-01-30 09:30:37', NULL),
(24, 10000001, 0.2, 0.275, 0.35, '2012-01-30 09:30:37', NULL),
(25, 10000002, 0.2, 0.275, 0.35, '2012-01-30 09:30:37', NULL),
(26, 10000003, 0.2, 0.275, 0.35, '2012-01-30 09:30:37', NULL),
(27, 10000004, 0.2, 0.275, 0.35, '2012-01-30 09:30:37', NULL),
(28, 10000005, 0.2, 0.275, 0.35, '2012-01-30 09:30:37', NULL),
(29, 10000006, 0.2, 0.275, 0.35, '2012-01-30 09:30:37', NULL),
(30, 10000007, 0.2, 0.275, 0.35, '2012-01-30 09:30:37', NULL),
(31, 10000008, 0.2, 0.275, 0.35, '2012-01-30 09:30:37', NULL),
(32, 10000009, 0.2, 0.275, 0.35, '2012-01-30 09:30:37', NULL),
(33, 10000010, 0.2, 0.275, 0.35, '2012-01-30 09:30:37', NULL),
(34, 10000011, 0.2, 0.275, 0.35, '2012-01-30 09:30:37', NULL),
(35, 10000012, 0.2, 0.275, 0.35, '2012-01-30 09:30:37', NULL),
(36, 10000013, 0.2, 0.275, 0.35, '2012-01-30 09:30:37', NULL),
(37, 10000014, 0.2, 0.275, 0.35, '2012-01-30 09:30:37', NULL),
(38, 10000015, 0.2, 0.275, 0.35, '2012-01-30 09:30:37', NULL),
(39, 10000016, 0.2, 0.275, 0.35, '2012-01-30 09:30:37', NULL),
(40, 10000017, 0.2, 0.275, 0.35, '2012-01-30 09:30:37', NULL),
(41, 10000018, 0.2, 0.275, 0.35, '2012-01-30 09:30:37', NULL),
(42, 10000019, 0.2, 0.275, 0.35, '2012-01-30 09:30:37', NULL),
(43, 10000020, 0.2, 0.275, 0.35, '2012-02-16 22:48:24', NULL),
(44, 10000021, 0.3, 0.375, 0.45, '2012-02-16 22:48:24', NULL),
(45, 10000025, 0.2, 0.275, 0.35, '2012-02-16 22:48:25', NULL),
(46, 10000026, 0.3, 0.375, 0.45, '2012-02-16 22:48:26', NULL),
(47, 10000027, 0.3, 0.375, 0.45, '2012-02-16 22:48:26', NULL),
(48, 10000028, 0.4, 0.475, 0.55, '2012-02-16 22:48:26', NULL),
(49, 10000029, 0.4, 0.475, 0.55, '2012-02-16 22:51:24', NULL),
(50, 10000022, 0.3, 0.375, 0.45, '2012-02-16 22:48:25', NULL),
(51, 10000023, 0.3, 0.375, 0.45, '2012-02-16 22:48:25', NULL),
(52, 10000024, 0.4, 0.475, 0.55, '2012-02-16 22:48:25', NULL),
(53, 10000030, 0.3, 0.375, 0.45, '2012-02-16 22:51:24', NULL),
(54, 10000031, 0.4, 0.475, 0.55, '2012-02-16 22:51:24', NULL),
(55, 10000032, 0.2, 0.275, 0.35, '2012-02-16 22:51:25', NULL),
(56, 10000033, 0.2, 0.275, 0.35, '2012-02-16 22:51:25', NULL),
(57, 10000034, 0.3, 0.375, 0.45, '2012-02-16 22:51:25', NULL),
(58, 10000035, 0.3, 0.375, 0.45, '2012-02-16 22:51:26', NULL),
(59, 10000036, 0.3, 0.375, 0.45, '2012-02-16 22:51:26', NULL),
(60, 10000037, 0.3, 0.375, 0.45, '2012-02-16 22:51:27', NULL),
(61, 10000038, 0.3, 0.375, 0.45, '2012-02-16 22:51:27', NULL),
(62, 10000039, 0.3, 0.375, 0.45, '2012-02-16 22:51:31', NULL),
(63, 10000040, 0.3, 0.375, 0.45, '2012-02-16 22:51:31', NULL),
(64, 10000041, 0.2, 0.275, 0.35, '2012-02-16 22:51:31', NULL),
(65, 10000042, 0.4, 0.475, 0.55, '2012-02-16 22:51:32', NULL),
(66, 10000043, 0.3, 0.375, 0.45, '2012-02-16 22:51:32', NULL),
(67, 10000044, 0.3, 0.375, 0.45, '2012-02-16 22:51:32', NULL),
(68, 10000045, 0.2, 0.275, 0.35, '2012-02-16 22:51:33', NULL),
(69, 10000046, 0.3, 0.375, 0.45, '2012-02-16 22:51:33', NULL),
(70, 10000047, 0.4, 0.475, 0.55, '2012-02-16 22:51:34', NULL),
(71, 10000048, 0.4, 0.475, 0.55, '2012-02-16 22:51:34', NULL),
(72, 10000049, 0.3, 0.375, 0.45, '2012-02-16 22:51:37', NULL),
(73, 10000050, 0.3, 0.375, 0.45, '2012-02-16 22:51:37', NULL),
(74, 10000051, 0.4, 0.475, 0.55, '2012-02-16 22:51:37', NULL),
(75, 10000052, 0.2, 0.275, 0.35, '2012-02-16 22:51:38', NULL),
(76, 10000053, 0.2, 0.275, 0.35, '2012-02-16 22:51:38', NULL),
(77, 10000054, 0.3, 0.375, 0.45, '2012-02-16 22:51:39', NULL),
(78, 10000055, 0.2, 0.275, 0.35, '2012-02-16 22:51:39', NULL),
(79, 10000056, 0.2, 0.275, 0.35, '2012-02-16 22:51:40', NULL),
(80, 10000057, 0.3, 0.375, 0.45, '2012-02-16 22:51:40', NULL),
(81, 10000058, 0.3, 0.375, 0.45, '2012-02-16 22:51:41', NULL),
(82, 10000059, 0.3, 0.375, 0.45, '2012-02-16 22:51:43', NULL),
(83, 10000060, 0.3, 0.375, 0.45, '2012-02-16 22:51:44', NULL),
(84, 10000061, 0.3, 0.375, 0.45, '2012-02-16 22:51:44', NULL),
(85, 10000062, 0.3, 0.375, 0.45, '2012-02-16 22:51:45', NULL),
(86, 10000063, 0.3, 0.375, 0.45, '2012-02-16 22:51:46', NULL),
(87, 10000064, 0.4, 0.475, 0.55, '2012-02-16 22:51:46', NULL),
(88, 10000065, 0.3, 0.375, 0.45, '2012-02-16 22:51:47', NULL),
(89, 10000066, 0.4, 0.475, 0.55, '2012-02-16 22:51:47', NULL),
(90, 10000067, 0.3, 0.375, 0.45, '2012-02-16 22:51:47', NULL),
(91, 10000068, 0.2, 0.275, 0.35, '2012-02-16 22:51:48', NULL),
(92, 10000069, 0.2, 0.275, 0.35, '2012-02-16 22:51:51', NULL),
(93, 10000070, 0.3, 0.375, 0.45, '2012-02-16 22:51:52', NULL),
(94, 10000071, 0.3, 0.375, 0.45, '2012-02-16 22:51:52', NULL),
(95, 10000072, 0.3, 0.375, 0.45, '2012-02-16 22:51:53', NULL),
(96, 10000073, 0.2, 0.275, 0.35, '2012-02-16 22:51:53', NULL),
(97, 10000074, 0.4, 0.475, 0.55, '2012-02-16 22:51:53', NULL),
(98, 10000075, 0.4, 0.475, 0.55, '2012-02-16 22:51:54', NULL),
(99, 10000076, 0.3, 0.375, 0.45, '2012-02-16 22:51:54', NULL),
(100, 10000077, 0.3, 0.375, 0.45, '2012-02-16 22:51:55', NULL),
(101, 10000078, 0.3, 0.375, 0.45, '2012-02-16 22:51:55', NULL),
(102, 10000079, 0.2, 0.275, 0.35, '2012-02-27 20:12:53', NULL),
(103, 10000080, 0.3, 0.375, 0.45, '2012-03-08 00:49:56', NULL),
(104, 10000083, 0.2, 0.275, 0.35, '2012-03-11 15:52:06', NULL),
(105, 10000084, 0.3, 0.375, 0.45, '2012-03-12 00:42:09', NULL),
(106, 10000086, 0.4, 0.475, 0.55, '2012-03-18 15:10:58', NULL),
(107, 10000087, 0.3, 0.375, 0.45, '2012-03-18 15:10:58', NULL),
(108, 10000088, 0.3, 0.375, 0.45, '2012-03-18 15:10:58', NULL),
(109, 10000089, 0.3, 0.375, 0.45, '2012-03-18 15:10:59', NULL),
(110, 10000090, 0.3, 0.375, 0.45, '2012-03-18 15:10:59', NULL),
(111, 10000091, 0.3, 0.375, 0.45, '2012-03-18 15:10:59', NULL),
(112, 10000092, 0.2, 0.275, 0.35, '2012-03-18 15:11:00', NULL),
(113, 10000093, 0.4, 0.475, 0.55, '2012-03-18 15:11:00', NULL),
(114, 10000094, 0.4, 0.475, 0.55, '2012-03-18 15:11:01', NULL),
(115, 10000095, 0.2, 0.275, 0.35, '2012-03-18 19:26:27', NULL),
(116, 10000096, 0.2, 0.275, 0.35, '2012-03-18 19:26:27', NULL),
(117, 10000097, 0.4, 0.475, 0.55, '2012-03-18 19:26:27', NULL),
(118, 10000098, 0.2, 0.275, 0.35, '2012-03-18 19:26:28', NULL),
(119, 10000085, 0.3, 0.375, 0.45, '2012-03-18 15:10:57', NULL),
(120, 10000099, 0.3, 0.375, 0.45, '2012-03-18 19:26:28', NULL),
(121, 10000100, 0.2, 0.275, 0.35, '2012-03-18 19:26:28', NULL),
(122, 10000101, 0.3, 0.375, 0.45, '2012-03-18 19:26:29', NULL),
(123, 10000102, 0.4, 0.475, 0.55, '2012-03-18 19:28:24', NULL),
(124, 10000103, 0.3, 0.375, 0.45, '2012-03-18 19:28:24', NULL),
(125, 10000104, 0.3, 0.375, 0.45, '2012-03-18 19:28:24', NULL),
(126, 10000105, 0.3, 0.375, 0.45, '2012-03-18 19:28:25', NULL),
(127, 10000106, 0.4, 0.475, 0.55, '2012-03-18 19:28:25', NULL),
(128, 10000107, 0.3, 0.375, 0.45, '2012-03-18 19:28:26', NULL),
(129, 10000108, 0.4, 0.475, 0.55, '2012-03-18 19:28:26', NULL),
(130, 10000109, 0.3, 0.375, 0.45, '2012-03-18 19:28:26', NULL),
(131, 10000110, 0.3, 0.375, 0.45, '2012-03-18 19:28:27', NULL),
(132, 10000111, 0.4, 0.475, 0.55, '2012-03-18 19:28:27', NULL),
(133, 10000112, 0.3, 0.375, 0.45, '2012-03-18 19:29:04', NULL),
(134, 10000113, 0.3, 0.375, 0.45, '2012-03-18 19:29:05', NULL),
(135, 10000114, 0.2, 0.275, 0.35, '2012-03-18 19:29:05', NULL),
(136, 10000115, 0.3, 0.375, 0.45, '2012-03-18 19:29:05', NULL),
(137, 10000116, 0.3, 0.375, 0.45, '2012-03-18 19:29:06', NULL),
(138, 10000117, 0.2, 0.275, 0.35, '2012-03-18 19:29:06', NULL),
(139, 10000118, 0.3, 0.375, 0.45, '2012-03-18 19:29:06', NULL),
(140, 10000119, 0.2, 0.275, 0.35, '2012-03-18 19:29:07', NULL),
(141, 10000120, 0.2, 0.275, 0.35, '2012-03-18 19:29:07', NULL),
(142, 10000121, 0.3, 0.375, 0.45, '2012-03-18 19:29:07', NULL),
(143, 10000122, 0.3, 0.375, 0.45, '2012-03-18 19:29:13', NULL),
(144, 10000123, 0.3, 0.375, 0.45, '2012-03-18 19:29:14', NULL),
(145, 10000124, 0.4, 0.475, 0.55, '2012-03-18 19:29:14', NULL),
(146, 10000125, 0.3, 0.375, 0.45, '2012-03-18 19:29:15', NULL),
(147, 10000126, 0.3, 0.375, 0.45, '2012-03-18 19:29:15', NULL),
(148, 10000127, 0.3, 0.375, 0.45, '2012-03-18 19:29:15', NULL),
(149, 10000128, 0.3, 0.375, 0.45, '2012-03-18 19:29:16', NULL),
(150, 10000129, 0.2, 0.275, 0.35, '2012-03-18 19:29:16', NULL),
(151, 10000130, 0.2, 0.275, 0.35, '2012-03-18 19:29:17', NULL),
(152, 10000131, 0.2, 0.275, 0.35, '2012-03-18 19:29:17', NULL),
(153, 10000132, 0.4, 0.475, 0.55, '2012-03-18 19:55:29', NULL),
(154, 10000133, 0.2, 0.275, 0.35, '2012-03-18 19:55:30', NULL),
(155, 10000134, 0.4, 0.475, 0.55, '2012-03-18 19:55:30', NULL),
(156, 10000135, 0.4, 0.475, 0.55, '2012-03-18 19:55:30', NULL),
(157, 10000136, 0.3, 0.375, 0.45, '2012-03-18 19:55:31', NULL),
(158, 10000137, 0.4, 0.475, 0.55, '2012-03-18 19:55:32', NULL),
(159, 10000138, 0.3, 0.375, 0.45, '2012-03-18 19:55:32', NULL),
(160, 10000139, 0.2, 0.275, 0.35, '2012-03-18 19:55:32', NULL),
(161, 10000140, 0.2, 0.275, 0.35, '2012-03-18 19:55:33', NULL),
(162, 10000141, 0.4, 0.475, 0.55, '2012-03-18 19:55:33', NULL),
(163, 10000143, 0.3, 0.375, 0.45, '2012-03-19 20:54:00', NULL),
(164, 10000144, 0.2, 0.275, 0.35, '2012-03-25 21:56:48', NULL),
(165, 10000145, 0.2, 0.275, 0.35, '2012-03-25 21:58:09', NULL),
(166, 10000146, 0.2, 0.275, 0.35, '2012-03-25 22:00:40', NULL),
(167, 10000147, 0.2, 0.275, 0.35, '2012-03-26 21:21:39', NULL),
(168, 10000148, 0.2, 0.275, 0.35, '2012-03-26 22:40:18', NULL),
(169, 10000149, 0.2, 0.275, 0.35, '2012-03-26 22:46:06', NULL),
(170, 10000150, 0.2, 0.275, 0.35, '2012-03-27 00:43:40', NULL);

-- --------------------------------------------------------

--
-- Table structure for table `tbl_seller_curr_view`
--

CREATE TABLE IF NOT EXISTS `tbl_seller_curr_view` (
  `id` int(10) unsigned NOT NULL AUTO_INCREMENT,
  `user_id` int(10) unsigned NOT NULL,
  `buyer_id` int(10) unsigned NOT NULL,
  `trans_type` tinyint(10) unsigned NOT NULL,
  `payment` float unsigned NOT NULL,
  `usedRoyalty` float unsigned NOT NULL,
  `purchase_date` datetime DEFAULT NULL,
  PRIMARY KEY (`id`),
  KEY `USER` (`user_id`)
) ENGINE=InnoDB  DEFAULT CHARSET=latin1 AUTO_INCREMENT=77 ;

--
-- Dumping data for table `tbl_seller_curr_view`
--

INSERT INTO `tbl_seller_curr_view` (`id`, `user_id`, `buyer_id`, `trans_type`, `payment`, `usedRoyalty`, `purchase_date`) VALUES
(1, 69, 75, 1, 0.4, 0.2, '2012-01-30 09:30:37'),
(2, 69, 75, 2, 1.1, 0.275, '2012-01-30 09:30:37'),
(3, 69, 75, 3, 1.4, 0.35, '2012-01-30 09:30:37'),
(4, 70, 75, 1, 0.4, 0.2, '2012-01-30 09:30:37'),
(5, 70, 75, 2, 1.1, 0.275, '2012-01-30 09:30:37'),
(6, 70, 75, 3, 1.4, 0.35, '2012-01-30 09:30:37'),
(7, 72, 75, 1, 0.4, 0.2, '2012-01-30 09:30:37'),
(8, 72, 75, 2, 1.1, 0.275, '2012-01-30 09:30:37'),
(9, 72, 75, 3, 1.4, 0.35, '2012-01-30 09:30:37'),
(10, 76, 75, 1, 0.4, 0.2, '2012-01-30 09:30:37'),
(11, 76, 75, 2, 1.1, 0.275, '2012-01-30 09:30:37'),
(12, 80, 75, 1, 0.4, 0.2, '2012-01-30 09:30:37'),
(13, 80, 75, 2, 1.1, 0.275, '2012-01-30 09:30:37'),
(14, 80, 75, 3, 1.4, 0.35, '2012-01-30 09:30:37'),
(15, 81, 75, 1, 0.4, 0.2, '2012-01-30 09:30:37'),
(16, 81, 75, 2, 1.1, 0.275, '2012-01-30 09:30:37'),
(17, 68, 78, 1, 0.4, 0.2, '2012-01-30 09:30:37'),
(18, 68, 78, 2, 1.1, 0.275, '2012-01-30 09:30:37'),
(19, 68, 78, 3, 1.4, 0.35, '2012-01-30 09:30:37'),
(20, 67, 80, 1, 0.6, 0.3, '2012-01-30 09:30:37'),
(21, 67, 80, 2, 1.5, 0.375, '2012-01-30 09:30:37'),
(22, 67, 80, 3, 1.8, 0.45, '2012-01-30 09:30:37'),
(23, 71, 83, 1, 0.4, 0.2, '2012-01-30 09:30:37'),
(24, 71, 83, 2, 1.1, 0.275, '2012-01-30 09:30:37'),
(25, 71, 83, 3, 1.4, 0.35, '2012-01-30 09:30:37'),
(26, 66, 100, 1, 0.4, 0.2, '2012-01-30 09:30:37'),
(27, 66, 100, 2, 1.1, 0.275, '2012-01-30 09:30:37'),
(28, 66, 100, 3, 1.4, 0.35, '2012-01-30 09:30:37'),
(29, 70, 100, 1, 0.4, 0.2, '2012-01-30 09:30:37'),
(30, 70, 100, 2, 1.1, 0.275, '2012-01-30 09:30:37'),
(31, 70, 100, 3, 1.4, 0.35, '2012-01-30 09:30:37'),
(32, 76, 100, 1, 0.4, 0.2, '2012-01-30 09:30:37'),
(33, 76, 100, 2, 1.1, 0.275, '2012-01-30 09:30:37'),
(34, 76, 100, 3, 1.4, 0.35, '2012-01-30 09:30:37'),
(35, 67, 102, 1, 0.6, 0.3, '2012-01-30 09:30:37'),
(36, 67, 102, 2, 1.5, 0.375, '2012-01-30 09:30:37'),
(37, 67, 102, 3, 1.8, 0.45, '2012-01-30 09:30:37'),
(38, 68, 102, 1, 0.4, 0.2, '2012-01-30 09:30:37'),
(39, 69, 102, 1, 0.4, 0.2, '2012-01-30 09:30:38'),
(40, 69, 102, 2, 1.1, 0.275, '2012-01-30 09:30:38'),
(41, 69, 102, 3, 1.4, 0.35, '2012-01-30 09:30:38'),
(42, 71, 102, 1, 0.4, 0.2, '2012-01-30 09:30:38'),
(43, 71, 102, 2, 1.1, 0.275, '2012-01-30 09:30:38'),
(44, 71, 102, 3, 1.4, 0.35, '2012-01-30 09:30:38'),
(45, 77, 102, 1, 0.4, 0.2, '2012-01-30 09:30:38'),
(46, 77, 102, 2, 1.1, 0.275, '2012-01-30 09:30:38'),
(47, 100, 102, 1, 0.6, 0.3, '2012-01-30 11:48:32'),
(48, 100, 102, 2, 1.5, 0.375, '2012-01-30 11:48:32'),
(49, 100, 102, 3, 1.8, 0.45, '2012-01-30 11:48:32'),
(50, 10000008, 102, 1, 0.4, 0.2, '2012-02-05 00:17:39'),
(51, 10000008, 102, 2, 1.1, 0.275, '2012-02-05 00:17:39'),
(52, 10000008, 102, 3, 1.4, 0.35, '2012-02-05 00:17:39'),
(53, 80, 102, 1, 0.4, 0.2, '2012-02-05 00:37:37'),
(54, 80, 102, 2, 1.1, 0.275, '2012-02-05 00:37:37'),
(55, 10000004, 102, 1, 0.4, 0.2, '2012-02-06 10:24:00'),
(56, 10000004, 102, 2, 1.1, 0.275, '2012-02-06 10:24:00'),
(57, 10000004, 102, 3, 1.4, 0.35, '2012-02-06 10:24:00'),
(58, 102, 100, 1, 0.4, 0.2, '2012-02-21 00:47:29'),
(59, 102, 100, 2, 1.1, 0.275, '2012-02-21 00:47:29'),
(60, 102, 100, 3, 1.4, 0.35, '2012-02-21 00:47:29'),
(61, 10000019, 100, 1, 0.4, 0.2, '2012-02-21 13:31:20'),
(62, 10000019, 100, 2, 1.1, 0.275, '2012-02-21 13:31:20'),
(63, 10000019, 100, 3, 1.4, 0.35, '2012-02-21 13:31:20'),
(64, 10000067, 100, 1, 0.6, 0.3, '2012-03-17 16:17:39'),
(65, 10000067, 100, 2, 1.5, 0.375, '2012-03-17 16:17:39'),
(66, 10000061, 100, 1, 0.6, 0.3, '2012-03-18 22:23:01'),
(67, 10000061, 100, 2, 1.5, 0.375, '2012-03-18 22:26:42'),
(68, 74, 100, 1, 0.4, 0.2, '2012-03-18 22:31:29'),
(69, 10000143, 100, 1, 0.6, 0.3, '2012-03-20 22:34:56'),
(70, 10000143, 100, 2, 1.5, 0.375, '2012-03-20 22:34:56'),
(71, 10000143, 100, 3, 1.8, 0.45, '2012-03-20 22:34:56'),
(72, 10000143, 100, 1, 0.6, 0.3, '2012-03-23 01:05:07'),
(73, 10000143, 100, 2, 1.5, 0.375, '2012-03-23 01:05:07'),
(74, 10000143, 100, 3, 1.8, 0.45, '2012-03-23 01:05:07'),
(75, 10000087, 100, 1, 0.6, 0.3, '2012-03-27 12:51:59'),
(76, 10000087, 100, 2, 1.5, 0.375, '2012-03-27 12:51:59');

-- --------------------------------------------------------

--
-- Table structure for table `tbl_seller_earnings_summary`
--

CREATE TABLE IF NOT EXISTS `tbl_seller_earnings_summary` (
  `user_id` int(10) unsigned NOT NULL,
  `total_payout` float unsigned NOT NULL,
  `unpaid_earnings` float unsigned NOT NULL,
  `date_modified` datetime DEFAULT NULL,
  `user_modified` int(10) unsigned DEFAULT NULL,
  PRIMARY KEY (`user_id`)
) ENGINE=InnoDB DEFAULT CHARSET=latin1;

--
-- Dumping data for table `tbl_seller_earnings_summary`
--

INSERT INTO `tbl_seller_earnings_summary` (`user_id`, `total_payout`, `unpaid_earnings`, `date_modified`, `user_modified`) VALUES
(102, 0, 2.9, '2012-03-28 12:05:56', 102),
(10000148, 0, 0, '2012-03-26 22:03:44', 10000148);

-- --------------------------------------------------------

--
-- Table structure for table `tbl_seller_hist_payment`
--

CREATE TABLE IF NOT EXISTS `tbl_seller_hist_payment` (
  `id` int(10) unsigned NOT NULL AUTO_INCREMENT,
  `user_id` int(10) unsigned NOT NULL,
  `payment` float unsigned NOT NULL,
  `payment_date` datetime DEFAULT NULL,
  `archive_date` datetime DEFAULT NULL,
  PRIMARY KEY (`id`),
  KEY `USER` (`user_id`)
) ENGINE=InnoDB DEFAULT CHARSET=latin1 AUTO_INCREMENT=1 ;

--
-- Dumping data for table `tbl_seller_hist_payment`
--


-- --------------------------------------------------------

--
-- Table structure for table `tbl_seller_hist_royalty`
--

CREATE TABLE IF NOT EXISTS `tbl_seller_hist_royalty` (
  `id` int(10) unsigned NOT NULL AUTO_INCREMENT,
  `user_id` int(10) unsigned NOT NULL,
  `L1_royalty` float unsigned NOT NULL,
  `L2_inc_royalty` float unsigned NOT NULL,
  `L3_inc_royalty` float unsigned NOT NULL,
  `date_modified` datetime DEFAULT NULL,
  `date_archived` datetime DEFAULT NULL,
  `user_archived` int(10) unsigned DEFAULT NULL,
  PRIMARY KEY (`id`),
  KEY `USER` (`user_id`)
) ENGINE=InnoDB  DEFAULT CHARSET=latin1 AUTO_INCREMENT=273 ;

--
-- Dumping data for table `tbl_seller_hist_royalty`
--

INSERT INTO `tbl_seller_hist_royalty` (`id`, `user_id`, `L1_royalty`, `L2_inc_royalty`, `L3_inc_royalty`, `date_modified`, `date_archived`, `user_archived`) VALUES
(1, 102, 0.2, 0.275, 0.35, '2012-01-30 09:30:37', '2012-02-01 16:45:31', NULL),
(2, 102, 0.2, 0.275, 0.35, '2012-02-01 16:45:31', '2012-02-01 16:45:37', NULL),
(3, 102, 0.3, 0.375, 0.45, '2012-02-01 16:45:37', '2012-02-01 16:51:09', NULL),
(4, 102, 0.3, 0.375, 0.45, '2012-02-01 16:51:09', '2012-02-01 23:10:53', NULL),
(5, 102, 0.3, 0.375, 0.45, '2012-02-01 23:10:53', '2012-02-01 23:11:31', NULL),
(6, 102, 0.3, 0.375, 0.45, '2012-02-01 23:11:31', '2012-02-01 23:11:32', NULL),
(7, 102, 0.3, 0.375, 0.45, '2012-02-01 23:11:32', '2012-02-01 23:16:17', NULL),
(8, 10000020, 0.2, 0.275, 0.35, '2012-01-31 22:59:53', '2012-02-16 22:48:24', NULL),
(9, 10000020, 0.2, 0.275, 0.35, '2012-02-16 22:48:24', '2012-02-16 22:48:24', NULL),
(10, 10000021, 0.2, 0.275, 0.35, '2012-02-03 22:36:17', '2012-02-16 22:48:24', NULL),
(11, 10000021, 0.3, 0.375, 0.45, '2012-02-16 22:48:24', '2012-02-16 22:48:24', NULL),
(12, 10000022, 0.3, 0.375, 0.45, '2012-02-16 22:48:25', '2012-02-16 22:48:25', NULL),
(13, 10000023, 0.3, 0.375, 0.45, '2012-02-16 22:48:25', '2012-02-16 22:48:25', NULL),
(14, 10000024, 0.4, 0.475, 0.55, '2012-02-16 22:48:25', '2012-02-16 22:48:25', NULL),
(15, 10000025, 0.2, 0.275, 0.35, '2012-02-06 22:25:59', '2012-02-16 22:48:25', NULL),
(16, 10000025, 0.2, 0.275, 0.35, '2012-02-16 22:48:25', '2012-02-16 22:48:25', NULL),
(17, 10000026, 0.2, 0.275, 0.35, '2012-02-06 22:39:06', '2012-02-16 22:48:26', NULL),
(18, 10000026, 0.3, 0.375, 0.45, '2012-02-16 22:48:26', '2012-02-16 22:48:26', NULL),
(19, 10000027, 0.2, 0.275, 0.35, '2012-02-06 22:41:04', '2012-02-16 22:48:26', NULL),
(20, 10000027, 0.3, 0.375, 0.45, '2012-02-16 22:48:26', '2012-02-16 22:48:26', NULL),
(21, 10000028, 0.2, 0.275, 0.35, '2012-02-09 20:39:15', '2012-02-16 22:48:26', NULL),
(22, 10000028, 0.4, 0.475, 0.55, '2012-02-16 22:48:26', '2012-02-16 22:48:26', NULL),
(23, 10000029, 0.2, 0.275, 0.35, '2012-02-09 20:44:00', '2012-02-16 22:51:24', NULL),
(24, 10000029, 0.4, 0.475, 0.55, '2012-02-16 22:51:24', '2012-02-16 22:51:24', NULL),
(25, 10000030, 0.3, 0.375, 0.45, '2012-02-16 22:51:24', '2012-02-16 22:51:24', NULL),
(26, 10000031, 0.4, 0.475, 0.55, '2012-02-16 22:51:24', '2012-02-16 22:51:24', NULL),
(27, 10000032, 0.2, 0.275, 0.35, '2012-02-16 22:51:25', '2012-02-16 22:51:25', NULL),
(28, 10000033, 0.2, 0.275, 0.35, '2012-02-16 22:51:25', '2012-02-16 22:51:25', NULL),
(29, 10000034, 0.3, 0.375, 0.45, '2012-02-16 22:51:25', '2012-02-16 22:51:25', NULL),
(30, 10000035, 0.3, 0.375, 0.45, '2012-02-16 22:51:26', '2012-02-16 22:51:26', NULL),
(31, 10000036, 0.3, 0.375, 0.45, '2012-02-16 22:51:26', '2012-02-16 22:51:26', NULL),
(32, 10000037, 0.3, 0.375, 0.45, '2012-02-16 22:51:27', '2012-02-16 22:51:27', NULL),
(33, 10000038, 0.3, 0.375, 0.45, '2012-02-16 22:51:27', '2012-02-16 22:51:27', NULL),
(34, 10000039, 0.3, 0.375, 0.45, '2012-02-16 22:51:31', '2012-02-16 22:51:31', NULL),
(35, 10000040, 0.3, 0.375, 0.45, '2012-02-16 22:51:31', '2012-02-16 22:51:31', NULL),
(36, 10000041, 0.2, 0.275, 0.35, '2012-02-16 22:51:31', '2012-02-16 22:51:31', NULL),
(37, 10000042, 0.4, 0.475, 0.55, '2012-02-16 22:51:32', '2012-02-16 22:51:32', NULL),
(38, 10000043, 0.3, 0.375, 0.45, '2012-02-16 22:51:32', '2012-02-16 22:51:32', NULL),
(39, 10000044, 0.3, 0.375, 0.45, '2012-02-16 22:51:32', '2012-02-16 22:51:32', NULL),
(40, 10000045, 0.2, 0.275, 0.35, '2012-02-16 22:51:33', '2012-02-16 22:51:33', NULL),
(41, 10000046, 0.3, 0.375, 0.45, '2012-02-16 22:51:33', '2012-02-16 22:51:33', NULL),
(42, 10000047, 0.4, 0.475, 0.55, '2012-02-16 22:51:34', '2012-02-16 22:51:34', NULL),
(43, 10000048, 0.4, 0.475, 0.55, '2012-02-16 22:51:34', '2012-02-16 22:51:34', NULL),
(44, 10000049, 0.3, 0.375, 0.45, '2012-02-16 22:51:37', '2012-02-16 22:51:37', NULL),
(45, 10000050, 0.3, 0.375, 0.45, '2012-02-16 22:51:37', '2012-02-16 22:51:37', NULL),
(46, 10000051, 0.4, 0.475, 0.55, '2012-02-16 22:51:37', '2012-02-16 22:51:37', NULL),
(47, 10000052, 0.2, 0.275, 0.35, '2012-02-16 22:51:38', '2012-02-16 22:51:38', NULL),
(48, 10000053, 0.2, 0.275, 0.35, '2012-02-16 22:51:38', '2012-02-16 22:51:38', NULL),
(49, 10000054, 0.3, 0.375, 0.45, '2012-02-16 22:51:39', '2012-02-16 22:51:39', NULL),
(50, 10000055, 0.2, 0.275, 0.35, '2012-02-16 22:51:39', '2012-02-16 22:51:39', NULL),
(51, 10000056, 0.2, 0.275, 0.35, '2012-02-16 22:51:40', '2012-02-16 22:51:40', NULL),
(52, 10000057, 0.3, 0.375, 0.45, '2012-02-16 22:51:40', '2012-02-16 22:51:40', NULL),
(53, 10000058, 0.3, 0.375, 0.45, '2012-02-16 22:51:41', '2012-02-16 22:51:41', NULL),
(54, 10000059, 0.3, 0.375, 0.45, '2012-02-16 22:51:43', '2012-02-16 22:51:43', NULL),
(55, 10000060, 0.3, 0.375, 0.45, '2012-02-16 22:51:44', '2012-02-16 22:51:44', NULL),
(56, 10000061, 0.3, 0.375, 0.45, '2012-02-16 22:51:44', '2012-02-16 22:51:44', NULL),
(57, 10000062, 0.3, 0.375, 0.45, '2012-02-16 22:51:45', '2012-02-16 22:51:45', NULL),
(58, 10000063, 0.3, 0.375, 0.45, '2012-02-16 22:51:45', '2012-02-16 22:51:46', NULL),
(59, 10000064, 0.4, 0.475, 0.55, '2012-02-16 22:51:46', '2012-02-16 22:51:46', NULL),
(60, 10000065, 0.3, 0.375, 0.45, '2012-02-16 22:51:47', '2012-02-16 22:51:47', NULL),
(61, 10000066, 0.4, 0.475, 0.55, '2012-02-16 22:51:47', '2012-02-16 22:51:47', NULL),
(62, 10000067, 0.3, 0.375, 0.45, '2012-02-16 22:51:47', '2012-02-16 22:51:47', NULL),
(63, 10000068, 0.2, 0.275, 0.35, '2012-02-16 22:51:48', '2012-02-16 22:51:48', NULL),
(64, 10000069, 0.2, 0.275, 0.35, '2012-02-16 22:51:51', '2012-02-16 22:51:51', NULL),
(65, 10000070, 0.3, 0.375, 0.45, '2012-02-16 22:51:52', '2012-02-16 22:51:52', NULL),
(66, 10000071, 0.3, 0.375, 0.45, '2012-02-16 22:51:52', '2012-02-16 22:51:52', NULL),
(67, 10000072, 0.3, 0.375, 0.45, '2012-02-16 22:51:53', '2012-02-16 22:51:53', NULL),
(68, 10000073, 0.2, 0.275, 0.35, '2012-02-16 22:51:53', '2012-02-16 22:51:53', NULL),
(69, 10000074, 0.4, 0.475, 0.55, '2012-02-16 22:51:53', '2012-02-16 22:51:53', NULL),
(70, 10000075, 0.4, 0.475, 0.55, '2012-02-16 22:51:54', '2012-02-16 22:51:54', NULL),
(71, 10000076, 0.3, 0.375, 0.45, '2012-02-16 22:51:54', '2012-02-16 22:51:54', NULL),
(72, 10000077, 0.3, 0.375, 0.45, '2012-02-16 22:51:55', '2012-02-16 22:51:55', NULL),
(73, 10000078, 0.3, 0.375, 0.45, '2012-02-16 22:51:55', '2012-02-16 22:51:55', NULL),
(74, 102, 0.3, 0.375, 0.45, '2012-02-01 23:16:17', '2012-02-19 12:06:10', NULL),
(75, 102, 0.3, 0.375, 0.45, '2012-02-19 12:06:10', '2012-02-19 12:06:26', NULL),
(76, 102, 0.3, 0.375, 0.45, '2012-02-19 12:06:26', '2012-02-19 12:09:52', NULL),
(77, 102, 0.3, 0.375, 0.45, '2012-02-19 12:09:52', '2012-02-19 12:09:54', NULL),
(78, 102, 0.3, 0.375, 0.45, '2012-02-19 12:09:54', '2012-02-19 12:39:13', NULL),
(79, 102, 0.3, 0.375, 0.45, '2012-02-19 12:39:13', '2012-02-19 12:41:33', NULL),
(80, 102, 0.2, 0.275, 0.35, '2012-02-19 12:41:33', '2012-02-19 12:55:24', NULL),
(81, 102, 0.3, 0.375, 0.45, '2012-02-19 12:55:24', '2012-02-19 12:55:29', NULL),
(82, 102, 0.2, 0.275, 0.35, '2012-02-19 12:55:29', '2012-02-21 00:03:36', NULL),
(83, 102, 0.2, 0.275, 0.35, '2012-02-21 00:03:36', '2012-02-21 00:05:24', NULL),
(84, 102, 0.2, 0.275, 0.35, '2012-02-21 00:05:24', '2012-02-21 21:18:01', NULL),
(85, 102, 0.3, 0.375, 0.45, '2012-02-21 21:18:01', '2012-02-21 21:18:48', NULL),
(86, 102, 0.3, 0.375, 0.45, '2012-02-21 21:18:48', '2012-02-21 21:20:19', NULL),
(87, 102, 0.2, 0.275, 0.35, '2012-02-21 21:20:19', '2012-02-22 23:40:43', NULL),
(88, 102, 0.3, 0.375, 0.45, '2012-02-22 23:40:43', '2012-02-24 00:05:44', NULL),
(89, 102, 0.3, 0.375, 0.45, '2012-02-24 00:05:44', '2012-02-24 00:09:36', NULL),
(90, 10000080, 0.2, 0.275, 0.35, '2012-03-03 23:54:05', '2012-03-03 23:58:16', NULL),
(91, 10000080, 0.2, 0.275, 0.35, '2012-03-03 23:58:16', '2012-03-03 23:58:21', NULL),
(92, 102, 0.3, 0.375, 0.45, '2012-02-24 00:09:36', '2012-03-05 23:22:36', NULL),
(93, 102, 0.3, 0.375, 0.45, '2012-03-05 23:22:36', '2012-03-06 22:46:53', NULL),
(94, 102, 0.3, 0.375, 0.45, '2012-03-06 22:46:53', '2012-03-06 22:46:55', NULL),
(95, 10000080, 0.3, 0.375, 0.45, '2012-03-03 23:58:21', '2012-03-07 21:13:22', NULL),
(96, 10000080, 0.3, 0.375, 0.45, '2012-03-07 21:13:22', '2012-03-07 21:13:23', NULL),
(97, 10000080, 0.3, 0.375, 0.45, '2012-03-07 21:13:23', '2012-03-07 21:15:48', NULL),
(98, 10000080, 0.3, 0.375, 0.45, '2012-03-07 21:15:48', '2012-03-07 22:37:45', NULL),
(99, 10000080, 0.3, 0.375, 0.45, '2012-03-07 22:37:45', '2012-03-07 22:38:47', NULL),
(100, 10000080, 0.3, 0.375, 0.45, '2012-03-07 22:38:47', '2012-03-07 22:38:49', NULL),
(101, 10000080, 0.3, 0.375, 0.45, '2012-03-07 22:38:49', '2012-03-08 00:12:14', NULL),
(102, 10000080, 0.3, 0.375, 0.45, '2012-03-08 00:12:14', '2012-03-08 00:12:16', NULL),
(103, 10000080, 0.3, 0.375, 0.45, '2012-03-08 00:12:16', '2012-03-08 00:49:00', NULL),
(104, 10000080, 0.3, 0.375, 0.45, '2012-03-08 00:49:00', '2012-03-08 00:49:56', NULL),
(105, 102, 0.3, 0.375, 0.45, '2012-03-06 22:46:55', '2012-03-09 01:12:26', NULL),
(106, 102, 0.3, 0.375, 0.45, '2012-03-09 01:12:26', '2012-03-09 01:12:28', NULL),
(107, 10000084, 0.2, 0.275, 0.35, '2012-03-11 19:57:36', '2012-03-12 00:42:09', NULL),
(108, 102, 0.3, 0.375, 0.45, '2012-03-09 01:12:28', '2012-03-13 00:22:45', 102),
(109, 102, 0.3, 0.375, 0.45, '2012-03-13 00:22:45', '2012-03-13 00:28:07', 102),
(110, 102, 0.3, 0.375, 0.45, '2012-03-13 00:28:07', '2012-03-13 00:34:27', 102),
(111, 102, 0.3, 0.375, 0.45, '2012-03-13 00:34:27', '2012-03-13 15:18:36', 102),
(112, 102, 0.3, 0.375, 0.45, '2012-03-13 15:18:37', '2012-03-14 00:18:38', 102),
(113, 102, 0.2, 0.275, 0.35, '2012-03-14 00:18:38', '2012-03-14 00:18:40', 102),
(114, 102, 0.2, 0.275, 0.35, '2012-03-14 00:18:40', '2012-03-14 00:18:44', 102),
(115, 102, 0.2, 0.275, 0.35, '2012-03-14 00:18:44', '2012-03-14 00:18:48', 102),
(116, 102, 0.2, 0.275, 0.35, '2012-03-14 00:18:48', '2012-03-14 00:18:52', 102),
(117, 102, 0.3, 0.375, 0.45, '2012-03-14 00:18:52', '2012-03-14 00:18:57', 102),
(118, 102, 0.3, 0.375, 0.45, '2012-03-14 00:18:57', '2012-03-14 00:19:52', 102),
(119, 102, 0.3, 0.375, 0.45, '2012-03-14 00:19:52', '2012-03-14 00:19:54', 102),
(120, 102, 0.3, 0.375, 0.45, '2012-03-14 00:19:54', '2012-03-14 00:19:59', 102),
(121, 102, 0.3, 0.375, 0.45, '2012-03-14 00:19:59', '2012-03-14 00:20:57', 102),
(122, 102, 0.3, 0.375, 0.45, '2012-03-14 00:20:57', '2012-03-14 00:21:01', 102),
(123, 102, 0.3, 0.375, 0.45, '2012-03-14 00:21:01', '2012-03-14 00:21:31', 102),
(124, 102, 0.3, 0.375, 0.45, '2012-03-14 00:21:31', '2012-03-14 00:22:41', 102),
(125, 102, 0.3, 0.375, 0.45, '2012-03-14 00:22:41', '2012-03-14 00:24:05', 102),
(126, 102, 0.3, 0.375, 0.45, '2012-03-14 00:24:05', '2012-03-14 00:24:11', 102),
(127, 102, 0.2, 0.275, 0.35, '2012-03-14 00:24:11', '2012-03-14 00:24:42', 102),
(128, 102, 0.3, 0.375, 0.45, '2012-03-14 00:24:42', '2012-03-14 00:24:58', 102),
(129, 102, 0.2, 0.275, 0.35, '2012-03-14 00:24:58', '2012-03-14 00:28:13', 102),
(130, 102, 0.2, 0.275, 0.35, '2012-03-14 00:28:14', '2012-03-14 00:28:23', 102),
(131, 102, 0.3, 0.375, 0.45, '2012-03-14 00:28:23', '2012-03-14 00:28:32', 102),
(132, 102, 0.2, 0.275, 0.35, '2012-03-14 00:28:32', '2012-03-14 00:29:29', 102),
(133, 102, 0.3, 0.375, 0.45, '2012-03-14 00:29:29', '2012-03-14 00:30:00', 102),
(134, 102, 0.2, 0.275, 0.35, '2012-03-14 00:30:00', '2012-03-14 00:30:11', 102),
(135, 10000085, 0.3, 0.375, 0.45, '2012-03-18 15:10:57', '2012-03-18 15:10:57', 100),
(136, 10000086, 0.2, 0.275, 0.35, '2012-03-14 18:12:42', '2012-03-18 15:10:58', 100),
(137, 10000086, 0.4, 0.475, 0.55, '2012-03-18 15:10:58', '2012-03-18 15:10:58', 100),
(138, 10000087, 0.2, 0.275, 0.35, '2012-03-14 19:09:23', '2012-03-18 15:10:58', 100),
(139, 10000087, 0.3, 0.375, 0.45, '2012-03-18 15:10:58', '2012-03-18 15:10:58', 100),
(140, 10000088, 0.2, 0.275, 0.35, '2012-03-14 19:17:40', '2012-03-18 15:10:58', 100),
(141, 10000088, 0.3, 0.375, 0.45, '2012-03-18 15:10:58', '2012-03-18 15:10:58', 100),
(142, 10000089, 0.2, 0.275, 0.35, '2012-03-14 19:26:22', '2012-03-18 15:10:59', 100),
(143, 10000089, 0.3, 0.375, 0.45, '2012-03-18 15:10:59', '2012-03-18 15:10:59', 100),
(144, 10000090, 0.2, 0.275, 0.35, '2012-03-14 19:28:02', '2012-03-18 15:10:59', 100),
(145, 10000090, 0.3, 0.375, 0.45, '2012-03-18 15:10:59', '2012-03-18 15:10:59', 100),
(146, 10000091, 0.2, 0.275, 0.35, '2012-03-14 19:33:07', '2012-03-18 15:10:59', 100),
(147, 10000091, 0.3, 0.375, 0.45, '2012-03-18 15:10:59', '2012-03-18 15:10:59', 100),
(148, 10000092, 0.2, 0.275, 0.35, '2012-03-14 19:34:08', '2012-03-18 15:11:00', 100),
(149, 10000092, 0.2, 0.275, 0.35, '2012-03-18 15:11:00', '2012-03-18 15:11:00', 100),
(150, 10000093, 0.2, 0.275, 0.35, '2012-03-14 19:35:36', '2012-03-18 15:11:00', 100),
(151, 10000093, 0.4, 0.475, 0.55, '2012-03-18 15:11:00', '2012-03-18 15:11:00', 100),
(152, 10000094, 0.2, 0.275, 0.35, '2012-03-14 19:44:37', '2012-03-18 15:11:01', 100),
(153, 10000094, 0.4, 0.475, 0.55, '2012-03-18 15:11:01', '2012-03-18 15:11:01', 100),
(154, 10000095, 0.2, 0.275, 0.35, '2012-03-14 19:48:05', '2012-03-18 19:26:27', 100),
(155, 10000095, 0.2, 0.275, 0.35, '2012-03-18 19:26:27', '2012-03-18 19:26:27', 100),
(156, 10000096, 0.2, 0.275, 0.35, '2012-03-14 19:49:07', '2012-03-18 19:26:27', 100),
(157, 10000096, 0.2, 0.275, 0.35, '2012-03-18 19:26:27', '2012-03-18 19:26:27', 100),
(158, 10000097, 0.2, 0.275, 0.35, '2012-03-14 19:50:54', '2012-03-18 19:26:27', 100),
(159, 10000097, 0.4, 0.475, 0.55, '2012-03-18 19:26:27', '2012-03-18 19:26:27', 100),
(160, 10000098, 0.2, 0.275, 0.35, '2012-03-14 19:53:39', '2012-03-18 19:26:28', 100),
(161, 10000098, 0.2, 0.275, 0.35, '2012-03-18 19:26:28', '2012-03-18 19:26:28', 100),
(162, 10000099, 0.3, 0.375, 0.45, '2012-03-18 19:26:28', '2012-03-18 19:26:28', 100),
(163, 10000100, 0.2, 0.275, 0.35, '2012-03-18 19:26:28', '2012-03-18 19:26:28', 100),
(164, 10000101, 0.3, 0.375, 0.45, '2012-03-18 19:26:29', '2012-03-18 19:26:29', 100),
(165, 10000102, 0.4, 0.475, 0.55, '2012-03-18 19:28:24', '2012-03-18 19:28:24', 100),
(166, 10000103, 0.3, 0.375, 0.45, '2012-03-18 19:28:24', '2012-03-18 19:28:24', 100),
(167, 10000104, 0.3, 0.375, 0.45, '2012-03-18 19:28:24', '2012-03-18 19:28:24', 100),
(168, 10000105, 0.3, 0.375, 0.45, '2012-03-18 19:28:25', '2012-03-18 19:28:25', 100),
(169, 10000106, 0.4, 0.475, 0.55, '2012-03-18 19:28:25', '2012-03-18 19:28:25', 100),
(170, 10000107, 0.3, 0.375, 0.45, '2012-03-18 19:28:26', '2012-03-18 19:28:26', 100),
(171, 10000108, 0.4, 0.475, 0.55, '2012-03-18 19:28:26', '2012-03-18 19:28:26', 100),
(172, 10000109, 0.3, 0.375, 0.45, '2012-03-18 19:28:26', '2012-03-18 19:28:26', 100),
(173, 10000110, 0.3, 0.375, 0.45, '2012-03-18 19:28:27', '2012-03-18 19:28:27', 100),
(174, 10000111, 0.4, 0.475, 0.55, '2012-03-18 19:28:27', '2012-03-18 19:28:27', 100),
(175, 10000112, 0.3, 0.375, 0.45, '2012-03-18 19:29:04', '2012-03-18 19:29:04', 100),
(176, 10000113, 0.3, 0.375, 0.45, '2012-03-18 19:29:05', '2012-03-18 19:29:05', 100),
(177, 10000114, 0.2, 0.275, 0.35, '2012-03-18 19:29:05', '2012-03-18 19:29:05', 100),
(178, 10000115, 0.3, 0.375, 0.45, '2012-03-18 19:29:05', '2012-03-18 19:29:05', 100),
(179, 10000116, 0.3, 0.375, 0.45, '2012-03-18 19:29:06', '2012-03-18 19:29:06', 100),
(180, 10000117, 0.2, 0.275, 0.35, '2012-03-18 19:29:06', '2012-03-18 19:29:06', 100),
(181, 10000118, 0.3, 0.375, 0.45, '2012-03-18 19:29:06', '2012-03-18 19:29:06', 100),
(182, 10000119, 0.2, 0.275, 0.35, '2012-03-18 19:29:07', '2012-03-18 19:29:07', 100),
(183, 10000120, 0.2, 0.275, 0.35, '2012-03-18 19:29:07', '2012-03-18 19:29:07', 100),
(184, 10000121, 0.3, 0.375, 0.45, '2012-03-18 19:29:07', '2012-03-18 19:29:07', 100),
(185, 10000122, 0.3, 0.375, 0.45, '2012-03-18 19:29:13', '2012-03-18 19:29:13', 100),
(186, 10000123, 0.3, 0.375, 0.45, '2012-03-18 19:29:14', '2012-03-18 19:29:14', 100),
(187, 10000124, 0.4, 0.475, 0.55, '2012-03-18 19:29:14', '2012-03-18 19:29:14', 100),
(188, 10000125, 0.3, 0.375, 0.45, '2012-03-18 19:29:15', '2012-03-18 19:29:15', 100),
(189, 10000126, 0.3, 0.375, 0.45, '2012-03-18 19:29:15', '2012-03-18 19:29:15', 100),
(190, 10000127, 0.3, 0.375, 0.45, '2012-03-18 19:29:15', '2012-03-18 19:29:15', 100),
(191, 10000128, 0.3, 0.375, 0.45, '2012-03-18 19:29:16', '2012-03-18 19:29:16', 100),
(192, 10000129, 0.2, 0.275, 0.35, '2012-03-18 19:29:16', '2012-03-18 19:29:16', 100),
(193, 10000130, 0.2, 0.275, 0.35, '2012-03-18 19:29:17', '2012-03-18 19:29:17', 100),
(194, 10000131, 0.2, 0.275, 0.35, '2012-03-18 19:29:17', '2012-03-18 19:29:17', 100),
(195, 10000132, 0.4, 0.475, 0.55, '2012-03-18 19:55:29', '2012-03-18 19:55:29', 100),
(196, 10000133, 0.2, 0.275, 0.35, '2012-03-18 19:55:30', '2012-03-18 19:55:30', 100),
(197, 10000134, 0.4, 0.475, 0.55, '2012-03-18 19:55:30', '2012-03-18 19:55:30', 100),
(198, 10000135, 0.4, 0.475, 0.55, '2012-03-18 19:55:30', '2012-03-18 19:55:30', 100),
(199, 10000136, 0.3, 0.375, 0.45, '2012-03-18 19:55:31', '2012-03-18 19:55:31', 100),
(200, 10000137, 0.4, 0.475, 0.55, '2012-03-18 19:55:31', '2012-03-18 19:55:32', 100),
(201, 10000138, 0.3, 0.375, 0.45, '2012-03-18 19:55:32', '2012-03-18 19:55:32', 100),
(202, 10000139, 0.2, 0.275, 0.35, '2012-03-18 19:55:32', '2012-03-18 19:55:32', 100),
(203, 10000140, 0.2, 0.275, 0.35, '2012-03-18 19:55:33', '2012-03-18 19:55:33', 100),
(204, 10000141, 0.4, 0.475, 0.55, '2012-03-18 19:55:33', '2012-03-18 19:55:33', 100),
(205, 102, 0.3, 0.375, 0.45, '2012-03-14 00:30:11', '2012-03-19 10:25:34', 102),
(206, 102, 0.3, 0.375, 0.45, '2012-03-19 10:25:34', '2012-03-19 10:26:41', 100),
(207, 102, 0.3, 0.375, 0.45, '2012-03-19 10:26:41', '2012-03-19 10:34:34', 102),
(208, 102, 0.3, 0.375, 0.45, '2012-03-19 10:34:34', '2012-03-19 10:44:57', 100),
(209, 10000143, 0.2, 0.275, 0.35, '2012-03-19 16:19:42', '2012-03-19 16:25:21', 10000143),
(210, 10000143, 0.2, 0.275, 0.35, '2012-03-19 16:25:21', '2012-03-19 16:25:24', 10000143),
(211, 10000143, 0.3, 0.375, 0.45, '2012-03-19 16:25:24', '2012-03-19 16:32:18', 10000143),
(212, 10000143, 0.3, 0.375, 0.45, '2012-03-19 16:32:18', '2012-03-19 16:32:24', 10000143),
(213, 10000143, 0.3, 0.375, 0.45, '2012-03-19 16:32:24', '2012-03-19 20:53:59', 10000143),
(214, 10000143, 0.3, 0.375, 0.45, '2012-03-19 20:53:59', '2012-03-19 20:54:00', 10000143),
(215, 102, 0.3, 0.375, 0.45, '2012-03-19 10:44:57', '2012-03-20 21:07:41', 102),
(216, 102, 0.4, 0.475, 0.55, '2012-03-20 21:07:41', '2012-03-20 21:10:44', 102),
(217, 102, 0.4, 0.475, 0.55, '2012-03-20 21:10:44', '2012-03-20 21:11:45', 102),
(218, 102, 0.4, 0.475, 0.55, '2012-03-20 21:11:45', '2012-03-20 22:58:03', 102),
(219, 102, 0.4, 0.475, 0.55, '2012-03-20 22:58:04', '2012-03-20 22:58:06', 102),
(220, 102, 0.4, 0.475, 0.55, '2012-03-20 22:58:06', '2012-03-20 22:58:16', 102),
(221, 102, 0.4, 0.475, 0.55, '2012-03-20 22:58:16', '2012-03-26 21:20:59', 102),
(222, 102, 0.405, 0.48, 0.555, '2012-03-26 21:20:59', '2012-03-26 21:29:49', NULL),
(223, 10000148, 0.2, 0.275, 0.35, '2012-03-26 21:30:02', '2012-03-26 21:32:12', 10000148),
(224, 10000148, 0.2, 0.275, 0.35, '2012-03-26 21:32:12', '2012-03-26 21:32:14', 10000148),
(225, 10000148, 0.2, 0.275, 0.35, '2012-03-26 21:32:14', '2012-03-26 21:35:16', 10000148),
(226, 10000148, 0.2, 0.275, 0.35, '2012-03-26 21:35:16', '2012-03-26 21:36:24', 10000148),
(227, 10000148, 0.2, 0.275, 0.35, '2012-03-26 21:36:24', '2012-03-26 21:47:06', 10000148),
(228, 10000148, 0.2, 0.275, 0.35, '2012-03-26 21:47:06', '2012-03-26 21:48:57', 10000148),
(229, 10000148, 0.2, 0.275, 0.35, '2012-03-26 21:48:57', '2012-03-26 21:49:39', 10000148),
(230, 10000148, 0.2, 0.275, 0.35, '2012-03-26 21:49:39', '2012-03-26 21:51:04', 10000148),
(231, 10000148, 0.2, 0.275, 0.35, '2012-03-26 21:51:04', '2012-03-26 21:51:36', 10000148),
(232, 10000148, 0.2, 0.275, 0.35, '2012-03-26 21:51:36', '2012-03-26 21:51:37', 10000148),
(233, 10000148, 0.2, 0.275, 0.35, '2012-03-26 21:51:37', '2012-03-26 21:52:29', 10000148),
(234, 10000148, 0.2, 0.275, 0.35, '2012-03-26 21:52:29', '2012-03-26 21:52:30', 10000148),
(235, 10000148, 0.2, 0.275, 0.35, '2012-03-26 21:52:30', '2012-03-26 21:53:07', 10000148),
(236, 10000148, 0.2, 0.275, 0.35, '2012-03-26 21:53:07', '2012-03-26 21:53:08', 10000148),
(237, 10000148, 0.2, 0.275, 0.35, '2012-03-26 21:53:08', '2012-03-26 21:53:27', 10000148),
(238, 10000148, 0.2, 0.275, 0.35, '2012-03-26 21:53:27', '2012-03-26 21:53:54', 10000148),
(239, 10000148, 0.2, 0.275, 0.35, '2012-03-26 21:53:54', '2012-03-26 21:53:56', 10000148),
(240, 10000148, 0.2, 0.275, 0.35, '2012-03-26 21:53:56', '2012-03-26 21:54:44', 10000148),
(241, 10000148, 0.2, 0.275, 0.35, '2012-03-26 21:54:44', '2012-03-26 21:54:46', 10000148),
(242, 10000148, 0.2, 0.275, 0.35, '2012-03-26 21:54:46', '2012-03-26 21:55:23', 10000148),
(243, 10000148, 0.2, 0.275, 0.35, '2012-03-26 21:55:23', '2012-03-26 21:55:25', 10000148),
(244, 10000148, 0.2, 0.275, 0.35, '2012-03-26 21:55:25', '2012-03-26 21:55:51', 10000148),
(245, 10000148, 0.2, 0.275, 0.35, '2012-03-26 21:55:51', '2012-03-26 21:55:52', 10000148),
(246, 10000148, 0.2, 0.275, 0.35, '2012-03-26 21:55:52', '2012-03-26 21:56:32', 10000148),
(247, 10000148, 0.2, 0.275, 0.35, '2012-03-26 21:56:32', '2012-03-26 21:57:42', 10000148),
(248, 10000148, 0.2, 0.275, 0.35, '2012-03-26 21:57:42', '2012-03-26 21:58:23', 10000148),
(249, 10000148, 0.2, 0.275, 0.35, '2012-03-26 21:58:23', '2012-03-26 21:58:25', 10000148),
(250, 10000148, 0.2, 0.275, 0.35, '2012-03-26 21:58:25', '2012-03-26 21:59:27', 10000148),
(251, 10000148, 0.2, 0.275, 0.35, '2012-03-26 21:59:27', '2012-03-26 22:01:34', 10000148),
(252, 10000148, 0.2, 0.275, 0.35, '2012-03-26 22:01:34', '2012-03-26 22:02:10', 10000148),
(253, 10000148, 0.2, 0.275, 0.35, '2012-03-26 22:02:10', '2012-03-26 22:02:12', 10000148),
(254, 10000148, 0.2, 0.275, 0.35, '2012-03-26 22:02:12', '2012-03-26 22:02:54', 10000148),
(255, 10000148, 0.2, 0.275, 0.35, '2012-03-26 22:02:54', '2012-03-26 22:03:50', 10000148),
(256, 10000148, 0.2, 0.275, 0.35, '2012-03-26 22:03:51', '2012-03-26 22:06:36', 10000148),
(257, 10000148, 0.2, 0.275, 0.35, '2012-03-26 22:06:36', '2012-03-26 22:06:37', 10000148),
(258, 10000148, 0.2, 0.275, 0.35, '2012-03-26 22:06:37', '2012-03-26 22:09:33', 10000148),
(259, 10000148, 0.2, 0.275, 0.35, '2012-03-26 22:09:33', '2012-03-26 22:09:34', 10000148),
(260, 10000148, 0.2, 0.275, 0.35, '2012-03-26 22:09:34', '2012-03-26 22:10:01', 10000148),
(261, 10000148, 0.2, 0.275, 0.35, '2012-03-26 22:10:01', '2012-03-26 22:10:03', 10000148),
(262, 10000148, 0.2, 0.275, 0.35, '2012-03-26 22:10:03', '2012-03-26 22:27:04', 10000148),
(263, 10000148, 0.2, 0.275, 0.35, '2012-03-26 22:27:04', '2012-03-26 22:27:06', 10000148),
(264, 10000148, 0.2, 0.275, 0.35, '2012-03-26 22:27:06', '2012-03-26 22:27:08', 10000148),
(265, 10000148, 0.2, 0.275, 0.35, '2012-03-26 22:27:08', '2012-03-26 22:36:33', 10000148),
(266, 10000148, 0.2, 0.275, 0.35, '2012-03-26 22:36:33', '2012-03-26 22:36:35', 10000148),
(267, 10000148, 0.2, 0.275, 0.35, '2012-03-26 22:36:35', '2012-03-26 22:38:49', 10000148),
(268, 10000148, 0.2, 0.275, 0.35, '2012-03-26 22:38:49', '2012-03-26 22:39:38', 10000148),
(269, 10000148, 0.2, 0.275, 0.35, '2012-03-26 22:39:38', '2012-03-26 22:40:18', 10000148),
(270, 102, 0.405, 0.48, 0.555, '2012-03-26 21:29:49', '2012-03-27 00:40:14', 102),
(271, 10000150, 0.2, 0.275, 0.35, '2012-03-27 00:42:28', '2012-03-27 00:43:39', 10000150),
(272, 10000150, 0.2, 0.275, 0.35, '2012-03-27 00:43:39', '2012-03-27 00:43:40', 10000150);

-- --------------------------------------------------------

--
-- Table structure for table `tbl_seller_hist_view`
--

CREATE TABLE IF NOT EXISTS `tbl_seller_hist_view` (
  `id` int(10) unsigned NOT NULL AUTO_INCREMENT,
  `user_id` int(10) unsigned NOT NULL,
  `buyer_id` int(10) unsigned NOT NULL,
  `trans_type` tinyint(10) unsigned NOT NULL,
  `payment` float unsigned NOT NULL,
  `usedRoyalty` float unsigned NOT NULL,
  `purchase_date` datetime DEFAULT NULL,
  `date_archived` datetime DEFAULT NULL,
  `user_archived` int(10) unsigned DEFAULT NULL,
  PRIMARY KEY (`id`),
  KEY `USER` (`user_id`)
) ENGINE=InnoDB DEFAULT CHARSET=latin1 AUTO_INCREMENT=1 ;

--
-- Dumping data for table `tbl_seller_hist_view`
--


-- --------------------------------------------------------

--
-- Table structure for table `tbl_seller_owed_payment`
--

CREATE TABLE IF NOT EXISTS `tbl_seller_owed_payment` (
  `id` int(10) unsigned NOT NULL AUTO_INCREMENT,
  `user_id` int(10) unsigned NOT NULL,
  `payment` float unsigned NOT NULL,
  `calculation_date` datetime DEFAULT NULL,
  PRIMARY KEY (`id`),
  KEY `USER` (`user_id`)
) ENGINE=InnoDB DEFAULT CHARSET=latin1 AUTO_INCREMENT=1 ;

--
-- Dumping data for table `tbl_seller_owed_payment`
--


-- --------------------------------------------------------

--
-- Table structure for table `tbl_seller_payment_info`
--

CREATE TABLE IF NOT EXISTS `tbl_seller_payment_info` (
  `id` int(10) unsigned NOT NULL AUTO_INCREMENT,
  `user_id` int(10) unsigned NOT NULL,
  `is_preferred` enum('Y','N') DEFAULT 'N',
  `payment_type` tinyint(10) unsigned NOT NULL,
  PRIMARY KEY (`id`),
  KEY `USER` (`user_id`)
) ENGINE=InnoDB DEFAULT CHARSET=latin1 AUTO_INCREMENT=1 ;

--
-- Dumping data for table `tbl_seller_payment_info`
--


-- --------------------------------------------------------

--
-- Table structure for table `tbl_seller_submitted_payment`
--

CREATE TABLE IF NOT EXISTS `tbl_seller_submitted_payment` (
  `id` int(10) unsigned NOT NULL AUTO_INCREMENT,
  `user_id` int(10) unsigned NOT NULL,
  `payment` float unsigned NOT NULL,
  `submit_date` datetime DEFAULT NULL,
  PRIMARY KEY (`id`),
  KEY `USER` (`user_id`)
) ENGINE=InnoDB DEFAULT CHARSET=latin1 AUTO_INCREMENT=1 ;

--
-- Dumping data for table `tbl_seller_submitted_payment`
--


-- --------------------------------------------------------

--
-- Table structure for table `tbl_site_block`
--

CREATE TABLE IF NOT EXISTS `tbl_site_block` (
  `id` int(11) NOT NULL AUTO_INCREMENT,
  `svalues` longtext NOT NULL,
  `stype` enum('email','ip') DEFAULT 'email',
  `isactive` tinyint(2) DEFAULT '1',
  `created_date` timestamp NOT NULL DEFAULT CURRENT_TIMESTAMP ON UPDATE CURRENT_TIMESTAMP,
  PRIMARY KEY (`id`)
) ENGINE=MyISAM DEFAULT CHARSET=latin1 AUTO_INCREMENT=1 ;

--
-- Dumping data for table `tbl_site_block`
--


-- --------------------------------------------------------

--
-- Table structure for table `tbl_sport_profile`
--

CREATE TABLE IF NOT EXISTS `tbl_sport_profile` (
  `id` int(10) unsigned NOT NULL AUTO_INCREMENT,
  `user_id` int(10) unsigned NOT NULL,
  `sport_id` char(3) NOT NULL,
  `year_begin` tinyint(1) unsigned NOT NULL,
  `year_end` tinyint(1) unsigned NOT NULL,
  `level` tinyint(1) DEFAULT NULL,
  `leadership` tinyint(2) DEFAULT NULL,
  `indiv_rank` tinyint(2) DEFAULT NULL,
  `team_rank` tinyint(2) DEFAULT NULL,
  `other_recog` tinyint(2) unsigned DEFAULT NULL,
  `comments` text,
  `create_time` datetime DEFAULT NULL,
  `create_user_id` int(10) unsigned DEFAULT NULL,
  `update_time` datetime DEFAULT NULL,
  `update_user_id` int(10) unsigned DEFAULT NULL,
  PRIMARY KEY (`id`),
  KEY `USER` (`user_id`),
  KEY `TYPE` (`sport_id`)
) ENGINE=InnoDB  DEFAULT CHARSET=latin1 AUTO_INCREMENT=198 ;

--
-- Dumping data for table `tbl_sport_profile`
--

INSERT INTO `tbl_sport_profile` (`id`, `user_id`, `sport_id`, `year_begin`, `year_end`, `level`, `leadership`, `indiv_rank`, `team_rank`, `other_recog`, `comments`, `create_time`, `create_user_id`, `update_time`, `update_user_id`) VALUES
(2, 66, 'FBL', 13, 14, 3, 2, NULL, 6, 4, '', '2011-11-07 22:37:38', 66, '2011-11-07 22:37:38', 66),
(3, 70, 'SOC', 11, 13, 2, 2, NULL, 10, 13, '', '2011-11-08 13:22:34', 70, '2011-11-08 13:22:34', 70),
(4, 71, 'LAX', 10, 14, 3, NULL, NULL, 8, 13, '', '2011-11-08 13:36:17', 71, '2011-11-08 13:36:17', 71),
(5, 72, 'GLF', 11, 14, 2, 1, NULL, NULL, NULL, '', '2011-11-08 13:44:56', 72, '2011-11-08 13:44:56', 72),
(6, 73, 'SWM', 10, 14, 3, 1, 5, NULL, 8, '', '2011-11-08 15:25:23', 73, '2011-11-08 15:25:23', 73),
(7, 79, 'BSK', 12, 14, 3, 1, NULL, 4, NULL, '', '2011-11-08 22:25:40', 79, '2011-11-08 22:25:40', 79),
(8, 80, 'CHE', 11, 14, 3, 2, NULL, NULL, NULL, '', '2011-11-08 22:31:06', 80, '2011-11-08 22:31:06', 80),
(9, 83, 'BSK', 12, 14, 3, NULL, NULL, 8, 11, '', '2011-11-09 11:50:29', 83, '2011-11-09 11:50:29', 83),
(15, 10000021, 'IHC', 6, 11, 1, 1, 13, 7, 6, NULL, NULL, NULL, NULL, NULL),
(16, 10000021, 'ROW', 1, 8, 2, 5, 1, 8, NULL, NULL, NULL, NULL, NULL, NULL),
(17, 10000023, 'GLF', 4, 8, 1, 2, NULL, 6, 4, NULL, NULL, NULL, NULL, NULL),
(18, 10000027, 'WRE', 12, 13, 1, 2, 16, 4, NULL, NULL, NULL, NULL, NULL, NULL),
(19, 10000027, 'BSK', 6, 10, 1, 5, NULL, 2, 17, NULL, NULL, NULL, NULL, NULL),
(20, 10000029, 'SQH', 9, 13, 1, 2, 13, NULL, 10, NULL, NULL, NULL, NULL, NULL),
(21, 10000030, 'TEN', 6, 11, 2, 4, NULL, 15, 10, NULL, NULL, NULL, NULL, NULL),
(22, 10000030, 'SAI', 14, 14, 1, NULL, NULL, NULL, 21, NULL, NULL, NULL, NULL, NULL),
(23, 10000032, 'XCO', 0, 0, 2, 5, 16, 2, NULL, NULL, NULL, NULL, NULL, NULL),
(24, 10000032, 'MAR', 3, 3, 3, 3, 11, 4, 14, NULL, NULL, NULL, NULL, NULL),
(25, 10000033, 'WPL', 2, 11, 2, 3, 16, 12, NULL, NULL, NULL, NULL, NULL, NULL),
(26, 10000034, 'XCO', 4, 14, 3, NULL, 13, 15, 20, NULL, NULL, NULL, NULL, NULL),
(27, 10000034, 'VBL', 4, 5, 3, 2, 4, 10, 20, NULL, NULL, NULL, NULL, NULL),
(28, 10000035, 'BOW', 8, 9, 3, 5, 13, 12, NULL, NULL, NULL, NULL, NULL, NULL),
(29, 10000035, 'RAC', 8, 13, 3, NULL, 4, 11, NULL, NULL, NULL, NULL, NULL, NULL),
(30, 10000035, 'BOX', 14, 14, 3, NULL, 4, 7, NULL, NULL, NULL, NULL, NULL, NULL),
(31, 10000036, 'SOC', 9, 9, 2, 2, 2, 6, 19, NULL, NULL, NULL, NULL, NULL),
(32, 10000036, 'LAX', 8, 10, 3, 1, 1, 15, 8, NULL, NULL, NULL, NULL, NULL),
(33, 10000036, 'GLF', 8, 9, NULL, 4, NULL, 8, 21, NULL, NULL, NULL, NULL, NULL),
(34, 10000037, 'WRE', 8, 9, 2, 1, 6, 3, 10, NULL, NULL, NULL, NULL, NULL),
(35, 10000039, 'LAX', 14, 14, NULL, 3, NULL, NULL, 9, NULL, NULL, NULL, NULL, NULL),
(36, 10000039, 'SQH', 7, 8, 2, 3, 3, 10, 2, NULL, NULL, NULL, NULL, NULL),
(37, 10000039, 'MAR', 8, 13, 3, 2, 17, 13, NULL, NULL, NULL, NULL, NULL, NULL),
(38, 10000040, 'MAR', 8, 12, 1, NULL, 12, 7, NULL, NULL, NULL, NULL, NULL, NULL),
(39, 10000040, 'IHC', 1, 1, 3, 2, NULL, 11, 5, NULL, NULL, NULL, NULL, NULL),
(40, 10000040, 'BOW', 5, 13, NULL, 1, 9, 1, 7, NULL, NULL, NULL, NULL, NULL),
(41, 10000041, 'TTN', 14, 14, 3, 3, 16, 11, 13, NULL, NULL, NULL, NULL, NULL),
(42, 10000042, 'HOR', 12, 13, NULL, NULL, 1, 8, 8, NULL, NULL, NULL, NULL, NULL),
(43, 10000042, 'BAS', 3, 8, 3, 2, NULL, 4, 12, NULL, NULL, NULL, NULL, NULL),
(44, 10000042, 'BOX', 7, 14, 1, 1, NULL, 10, 14, NULL, NULL, NULL, NULL, NULL),
(45, 10000043, 'RAC', 1, 9, 1, 4, NULL, NULL, 3, NULL, NULL, NULL, NULL, NULL),
(46, 10000043, 'SOC', 6, 11, 3, 2, 15, NULL, 7, NULL, NULL, NULL, NULL, NULL),
(47, 10000044, 'IHC', 9, 13, 1, 5, 16, 14, 1, NULL, NULL, NULL, NULL, NULL),
(48, 10000044, 'BOW', 10, 10, 3, 4, 8, 12, 17, NULL, NULL, NULL, NULL, NULL),
(49, 10000044, 'ROD', 11, 13, 3, 3, 3, 15, 13, NULL, NULL, NULL, NULL, NULL),
(50, 10000045, 'HOR', 13, 14, NULL, 5, 10, 11, 1, NULL, NULL, NULL, NULL, NULL),
(51, 10000045, 'BAS', 7, 12, 1, 1, 5, NULL, 1, NULL, NULL, NULL, NULL, NULL),
(52, 10000046, 'BAD', 3, 4, 3, 3, 17, NULL, 14, NULL, NULL, NULL, NULL, NULL),
(53, 10000046, 'TNF', 12, 12, 3, 1, 10, 8, NULL, NULL, NULL, NULL, NULL, NULL),
(54, 10000046, 'SQH', 10, 11, 3, 1, 4, 11, NULL, NULL, NULL, NULL, NULL, NULL),
(55, 10000047, 'ARC', 10, 14, 1, 1, NULL, 13, 15, NULL, NULL, NULL, NULL, NULL),
(56, 10000047, 'LAX', 1, 14, 1, 3, 13, 13, 17, NULL, NULL, NULL, NULL, NULL),
(57, 10000047, 'OTH', 7, 7, 1, NULL, NULL, NULL, NULL, NULL, NULL, NULL, NULL, NULL),
(58, 10000048, 'BAS', 4, 13, 1, 2, 6, 7, 16, NULL, NULL, NULL, NULL, NULL),
(59, 10000048, 'FBL', 10, 11, NULL, 1, NULL, NULL, 2, NULL, NULL, NULL, NULL, NULL),
(60, 10000049, 'SAI', 11, 11, 3, 3, 4, 10, 1, NULL, NULL, NULL, NULL, NULL),
(61, 10000050, 'BSK', 12, 12, 1, 3, 15, NULL, NULL, NULL, NULL, NULL, NULL, NULL),
(62, 10000050, 'WPL', 13, 13, 2, 5, 13, NULL, 9, NULL, NULL, NULL, NULL, NULL),
(63, 10000050, 'FEN', 11, 12, NULL, 4, 12, 14, 17, NULL, NULL, NULL, NULL, NULL),
(64, 10000052, 'XCO', 9, 12, 2, NULL, NULL, 15, 10, NULL, NULL, NULL, NULL, NULL),
(65, 10000052, 'FHC', 0, 0, 1, NULL, 6, 1, 1, NULL, NULL, NULL, NULL, NULL),
(66, 10000053, 'IHC', 6, 13, 1, 3, NULL, 5, NULL, NULL, NULL, NULL, NULL, NULL),
(67, 10000054, 'SOC', 14, 14, 1, 1, NULL, 15, 10, NULL, NULL, NULL, NULL, NULL),
(68, 10000054, 'WRE', 11, 12, 3, 5, 3, 14, 3, NULL, NULL, NULL, NULL, NULL),
(69, 10000054, 'MAR', 14, 14, NULL, 5, 13, 9, 8, NULL, NULL, NULL, NULL, NULL),
(70, 10000055, 'RIF', 3, 10, 2, NULL, 18, NULL, 5, NULL, NULL, NULL, NULL, NULL),
(71, 10000055, 'SBL', 9, 11, 3, 2, 18, 8, 3, NULL, NULL, NULL, NULL, NULL),
(72, 10000056, 'BSK', 9, 10, NULL, 1, 15, 5, 2, NULL, NULL, NULL, NULL, NULL),
(73, 10000056, 'TTN', 8, 11, 1, 4, 6, 5, 3, NULL, NULL, NULL, NULL, NULL),
(74, 10000057, 'GYM', 6, 14, 3, 2, 14, 10, 1, NULL, NULL, NULL, NULL, NULL),
(75, 10000057, 'SKI', 9, 10, 3, NULL, 3, 5, 2, NULL, NULL, NULL, NULL, NULL),
(76, 10000057, 'FEN', 3, 4, 1, 3, 9, NULL, NULL, NULL, NULL, NULL, NULL, NULL),
(77, 10000058, 'GYM', 3, 4, 1, NULL, 16, 5, 4, NULL, NULL, NULL, NULL, NULL),
(78, 10000058, 'HOR', 12, 14, 3, 3, 6, NULL, 16, NULL, NULL, NULL, NULL, NULL),
(79, 10000058, 'OTH', 3, 11, 1, 5, NULL, 5, 1, NULL, NULL, NULL, NULL, NULL),
(80, 10000060, 'BOW', 11, 13, NULL, NULL, 16, 2, 17, NULL, NULL, NULL, NULL, NULL),
(81, 10000062, 'GYM', 4, 4, 2, NULL, 13, NULL, 1, NULL, NULL, NULL, NULL, NULL),
(82, 10000062, 'OTH', 9, 10, 3, 2, NULL, 2, 21, NULL, NULL, NULL, NULL, NULL),
(83, 10000063, 'BAS', 3, 9, NULL, NULL, NULL, NULL, 15, NULL, NULL, NULL, NULL, NULL),
(84, 10000066, 'SOC', 3, 13, 3, 4, NULL, 8, 2, NULL, NULL, NULL, NULL, NULL),
(85, 10000067, 'ROW', 4, 4, 2, 5, 7, 14, 21, NULL, NULL, NULL, NULL, NULL),
(86, 10000067, 'RIF', 7, 10, 3, 3, 10, 14, NULL, NULL, NULL, NULL, NULL, NULL),
(87, 10000068, 'SWM', 12, 14, 2, 4, 13, 15, 7, NULL, NULL, NULL, NULL, NULL),
(88, 10000069, 'MAR', 10, 14, NULL, NULL, 8, 11, 6, NULL, NULL, NULL, NULL, NULL),
(89, 10000069, 'BAS', 4, 7, 3, 2, 14, 6, 13, NULL, NULL, NULL, NULL, NULL),
(90, 10000070, 'LAX', 5, 6, 1, 1, 17, 12, 19, NULL, NULL, NULL, NULL, NULL),
(91, 10000071, 'BOX', 6, 6, 1, 3, NULL, 10, 4, NULL, NULL, NULL, NULL, NULL),
(92, 10000072, 'BSK', 3, 12, 1, 3, NULL, NULL, 3, NULL, NULL, NULL, NULL, NULL),
(93, 10000072, 'GYM', 8, 14, 2, 4, 5, NULL, 9, NULL, NULL, NULL, NULL, NULL),
(94, 10000072, 'ROD', 11, 12, NULL, 2, NULL, 14, NULL, NULL, NULL, NULL, NULL, NULL),
(95, 10000073, 'RUG', 12, 12, 1, 5, 14, 1, 16, NULL, NULL, NULL, NULL, NULL),
(96, 10000074, 'LAX', 7, 7, 1, NULL, NULL, 2, 5, NULL, NULL, NULL, NULL, NULL),
(97, 10000074, 'TNF', 10, 13, 1, 5, 2, 6, NULL, NULL, NULL, NULL, NULL, NULL),
(98, 10000074, 'SQH', 1, 7, NULL, 3, 10, 13, 10, NULL, NULL, NULL, NULL, NULL),
(99, 10000076, 'OTH', 13, 13, 3, 2, 5, 10, 8, NULL, NULL, NULL, NULL, NULL),
(100, 10000077, 'GLF', 9, 10, NULL, 2, 8, 10, 2, NULL, NULL, NULL, NULL, NULL),
(101, 10000077, 'RIF', 1, 9, 1, 4, 4, NULL, 15, NULL, NULL, NULL, NULL, NULL),
(102, 10000077, 'SKI', 12, 13, 1, 2, 7, 15, 7, NULL, NULL, NULL, NULL, NULL),
(103, 10000078, 'IHC', 4, 11, 1, 2, 8, 2, 10, NULL, NULL, NULL, NULL, NULL),
(104, 10000078, 'TEN', 9, 13, 3, NULL, NULL, 6, 16, NULL, NULL, NULL, NULL, NULL),
(105, 10000078, 'WRE', 13, 13, 1, 5, NULL, 2, 2, NULL, NULL, NULL, NULL, NULL),
(119, 10000086, 'FHC', 11, 13, 3, NULL, 18, NULL, 8, NULL, NULL, NULL, NULL, NULL),
(120, 10000086, 'RAC', 13, 14, 3, 4, 1, 4, 10, NULL, NULL, NULL, NULL, NULL),
(121, 10000086, 'IHC', 2, 6, NULL, 4, 13, NULL, 18, NULL, NULL, NULL, NULL, NULL),
(122, 10000087, 'LAX', 4, 8, 3, 4, 7, 4, 10, NULL, NULL, NULL, NULL, NULL),
(123, 10000087, 'HOR', 8, 10, NULL, 2, 3, NULL, NULL, NULL, NULL, NULL, NULL, NULL),
(124, 10000088, 'ARC', 13, 14, 1, NULL, 15, 10, 18, NULL, NULL, NULL, NULL, NULL),
(125, 10000088, 'SAI', 2, 13, 2, 4, 8, 9, 20, NULL, NULL, NULL, NULL, NULL),
(126, 10000088, 'SBL', 8, 8, 2, 5, 11, 15, 15, NULL, NULL, NULL, NULL, NULL),
(127, 10000089, 'CHE', 0, 0, 3, 5, 1, 6, 5, NULL, NULL, NULL, NULL, NULL),
(128, 10000090, 'ARC', 14, 14, 1, 5, 18, 4, 21, NULL, NULL, NULL, NULL, NULL),
(129, 10000090, 'SOC', 6, 13, 2, NULL, 3, 4, 10, NULL, NULL, NULL, NULL, NULL),
(130, 10000091, 'CHE', 2, 4, 1, 4, 9, 3, 5, NULL, NULL, NULL, NULL, NULL),
(131, 10000091, 'VBL', 5, 10, 2, NULL, 16, 8, 21, NULL, NULL, NULL, NULL, NULL),
(132, 10000092, 'MAR', 14, 14, 2, 1, 14, 8, 19, NULL, NULL, NULL, NULL, NULL),
(133, 10000093, 'FBL', 14, 14, NULL, NULL, 15, 8, 15, NULL, NULL, NULL, NULL, NULL),
(134, 10000093, 'WPL', 10, 14, 2, 5, 4, 14, 3, NULL, NULL, NULL, NULL, NULL),
(135, 10000094, 'GLF', 8, 11, 3, 3, 15, 3, 20, NULL, NULL, NULL, NULL, NULL),
(136, 10000095, 'XCO', 10, 11, 2, NULL, 6, 8, 11, NULL, NULL, NULL, NULL, NULL),
(137, 10000098, 'MAR', 4, 11, 2, 3, 6, 5, 14, NULL, NULL, NULL, NULL, NULL),
(138, 10000099, 'WPL', 11, 12, 2, 1, NULL, NULL, 18, NULL, NULL, NULL, NULL, NULL),
(139, 10000100, 'TNF', 6, 12, 2, 5, 2, 3, 14, NULL, NULL, NULL, NULL, NULL),
(140, 10000100, 'FBL', 2, 12, NULL, NULL, NULL, 11, 21, NULL, NULL, NULL, NULL, NULL),
(141, 10000101, 'SAI', 5, 10, 1, NULL, 3, 12, 5, NULL, NULL, NULL, NULL, NULL),
(142, 10000101, 'FHC', 6, 9, 3, 2, 18, 4, 20, NULL, NULL, NULL, NULL, NULL),
(143, 10000101, 'HOR', 11, 14, NULL, 2, 16, 15, 11, NULL, NULL, NULL, NULL, NULL),
(144, 10000104, 'LAX', 13, 13, NULL, 3, 8, 2, 3, NULL, NULL, NULL, NULL, NULL),
(145, 10000104, 'BAS', 8, 12, 2, 5, NULL, 11, 7, NULL, NULL, NULL, NULL, NULL),
(146, 10000104, 'ROD', 6, 6, 3, NULL, 10, 1, NULL, NULL, NULL, NULL, NULL, NULL),
(147, 10000106, 'TNF', 4, 9, 2, 4, 5, 8, 15, NULL, NULL, NULL, NULL, NULL),
(148, 10000106, 'WRE', 10, 13, NULL, 2, 11, NULL, 5, NULL, NULL, NULL, NULL, NULL),
(149, 10000106, 'SWM', 8, 9, 2, NULL, NULL, 9, 14, NULL, NULL, NULL, NULL, NULL),
(150, 10000107, 'IHC', 14, 14, 1, 4, NULL, 9, 20, NULL, NULL, NULL, NULL, NULL),
(151, 10000107, 'BAS', 13, 14, 2, 5, 16, 1, 14, NULL, NULL, NULL, NULL, NULL),
(152, 10000108, 'SKI', 4, 7, 2, 3, 10, NULL, NULL, NULL, NULL, NULL, NULL, NULL),
(153, 10000108, 'TEN', 11, 12, NULL, 2, 15, 12, NULL, NULL, NULL, NULL, NULL, NULL),
(154, 10000110, 'MAR', 8, 13, 3, 5, 6, 14, 17, NULL, NULL, NULL, NULL, NULL),
(155, 10000110, 'RAC', 7, 11, 1, NULL, NULL, 5, 15, NULL, NULL, NULL, NULL, NULL),
(156, 10000110, 'SAI', 5, 11, 2, 2, 8, NULL, 3, NULL, NULL, NULL, NULL, NULL),
(157, 10000111, 'MAR', 0, 0, 3, NULL, 1, 6, 15, NULL, NULL, NULL, NULL, NULL),
(158, 10000111, 'FBL', 0, 0, 2, 1, 2, 10, NULL, NULL, NULL, NULL, NULL, NULL),
(159, 10000113, 'TEN', 7, 9, 1, NULL, 3, 2, 11, NULL, NULL, NULL, NULL, NULL),
(160, 10000113, 'TTN', 9, 10, 3, NULL, 14, 13, 3, NULL, NULL, NULL, NULL, NULL),
(161, 10000113, 'SOC', 6, 13, NULL, 2, NULL, 10, 7, NULL, NULL, NULL, NULL, NULL),
(162, 10000115, 'XCO', 0, 0, NULL, 5, 7, NULL, 4, NULL, NULL, NULL, NULL, NULL),
(163, 10000115, 'GLF', 3, 10, 2, NULL, 15, NULL, 6, NULL, NULL, NULL, NULL, NULL),
(164, 10000116, 'BOX', 10, 14, 1, NULL, 5, 9, NULL, NULL, NULL, NULL, NULL, NULL),
(165, 10000116, 'SAI', 7, 10, 1, 1, 16, NULL, NULL, NULL, NULL, NULL, NULL, NULL),
(166, 10000116, 'BAD', 6, 7, 2, 5, 18, 3, 16, NULL, NULL, NULL, NULL, NULL),
(167, 10000117, 'MAR', 2, 7, 1, 5, 7, 12, 18, NULL, NULL, NULL, NULL, NULL),
(168, 10000118, 'SKI', 9, 12, NULL, 3, 9, NULL, NULL, NULL, NULL, NULL, NULL, NULL),
(169, 10000119, 'XCO', 5, 11, NULL, 2, NULL, NULL, 11, NULL, NULL, NULL, NULL, NULL),
(170, 10000120, 'OTH', 3, 12, 3, 4, 3, 5, 19, NULL, NULL, NULL, NULL, NULL),
(171, 10000120, 'SWM', 2, 10, 1, 1, 17, NULL, NULL, NULL, NULL, NULL, NULL, NULL),
(172, 10000120, 'FHC', 14, 14, 2, NULL, 10, 14, 3, NULL, NULL, NULL, NULL, NULL),
(173, 10000123, 'TTN', 11, 12, 1, 2, NULL, 10, 11, NULL, NULL, NULL, NULL, NULL),
(174, 10000123, 'LAX', 5, 12, 3, 1, NULL, 1, 19, NULL, NULL, NULL, NULL, NULL),
(175, 10000126, 'DIV', 2, 12, 1, NULL, NULL, 4, 6, NULL, NULL, NULL, NULL, NULL),
(176, 10000126, 'WRE', 14, 14, 1, NULL, 14, 13, 3, NULL, NULL, NULL, NULL, NULL),
(177, 10000128, 'BOW', 8, 11, 2, 4, 10, NULL, 8, NULL, NULL, NULL, NULL, NULL),
(178, 10000130, 'CHE', 5, 11, 1, 2, NULL, 4, 10, NULL, NULL, NULL, NULL, NULL),
(179, 10000130, 'BSK', 3, 7, 3, 1, 14, 4, 8, NULL, NULL, NULL, NULL, NULL),
(180, 10000132, 'MAR', 9, 10, 3, 2, 14, 2, 14, NULL, NULL, NULL, NULL, NULL),
(181, 10000134, 'WRE', 1, 8, 2, 5, 13, 3, 9, NULL, NULL, NULL, NULL, NULL),
(182, 10000134, 'XCO', 13, 13, 3, 5, 9, 7, 16, NULL, NULL, NULL, NULL, NULL),
(183, 10000134, 'MAR', 6, 7, 1, 4, 2, 15, 15, NULL, NULL, NULL, NULL, NULL),
(184, 10000135, 'BAS', 9, 10, 2, 1, 13, 4, 17, NULL, NULL, NULL, NULL, NULL),
(185, 10000135, 'MAR', 0, 0, 2, 5, NULL, 10, 17, NULL, NULL, NULL, NULL, NULL),
(186, 10000135, 'FBL', 10, 14, 3, 2, 10, 4, 12, NULL, NULL, NULL, NULL, NULL),
(187, 10000136, 'XCO', 3, 8, 2, 3, 5, 12, 8, NULL, NULL, NULL, NULL, NULL),
(188, 10000137, 'FEN', 1, 12, 2, 2, 17, 12, 13, NULL, NULL, NULL, NULL, NULL),
(189, 10000137, 'DIV', 5, 14, NULL, 3, 3, 8, 5, NULL, NULL, NULL, NULL, NULL),
(190, 10000138, 'SQH', 0, 0, 1, 1, 5, 2, 21, NULL, NULL, NULL, NULL, NULL),
(191, 10000138, 'FBL', 10, 13, 1, 3, 9, 2, 13, NULL, NULL, NULL, NULL, NULL),
(192, 10000138, 'RUG', 5, 12, 1, NULL, 14, 8, 5, NULL, NULL, NULL, NULL, NULL),
(193, 10000139, 'LAX', 14, 14, 2, 3, 9, 4, 17, NULL, NULL, NULL, NULL, NULL),
(194, 10000141, 'CHE', 10, 14, 1, 1, 13, 7, 9, NULL, NULL, NULL, NULL, NULL),
(195, 10000141, 'RUG', 6, 8, 3, NULL, NULL, 8, NULL, NULL, NULL, NULL, NULL, NULL),
(196, 10000141, 'BOX', 7, 7, 3, 5, 6, 1, 7, NULL, NULL, NULL, NULL, NULL),
(197, 102, 'BAS', 4, 7, NULL, NULL, NULL, NULL, NULL, '', '2012-03-25 21:39:28', 102, '2012-03-25 21:39:28', 102);

-- --------------------------------------------------------

--
-- Table structure for table `tbl_sport_type`
--

CREATE TABLE IF NOT EXISTS `tbl_sport_type` (
  `id` char(3) NOT NULL,
  `name` varchar(25) DEFAULT NULL,
  PRIMARY KEY (`id`)
) ENGINE=InnoDB DEFAULT CHARSET=latin1;

--
-- Dumping data for table `tbl_sport_type`
--

INSERT INTO `tbl_sport_type` (`id`, `name`) VALUES
('ARC', 'Archery'),
('BAD', 'Badminton'),
('BAS', 'Baseball'),
('BOW', 'Bowling'),
('BOX', 'Boxing'),
('BSK', 'Basketball'),
('CHE', 'Cheerleading'),
('DIV', 'Diving'),
('FBL', 'Football'),
('FEN', 'Fencing'),
('FHC', 'Field Hockey'),
('GLF', 'Golf'),
('GYM', 'Gymnastics'),
('HOR', 'Horseback Riding'),
('IHC', 'Ice Hockey'),
('LAX', 'Lacrosse'),
('MAR', 'Martial Arts'),
('OTH', 'Other'),
('RAC', 'Racquetball'),
('RIF', 'Riflery'),
('ROD', 'Rodeo'),
('ROW', 'Rowing (crew)'),
('RUG', 'Rugby'),
('SAI', 'Sailing'),
('SBL', 'Softball'),
('SKI', 'Skiing'),
('SOC', 'Soccer'),
('SQH', 'Squash'),
('SWM', 'Swimming'),
('TEN', 'Tennis'),
('TNF', 'Track and Field'),
('TTN', 'Table Tennis'),
('VBL', 'Volleyball'),
('WPL', 'Water Polo'),
('WRE', 'Wrestling'),
('XCO', 'Cross-Country');

-- --------------------------------------------------------

--
-- Table structure for table `tbl_states`
--

CREATE TABLE IF NOT EXISTS `tbl_states` (
  `id` int(2) unsigned NOT NULL AUTO_INCREMENT,
  `name` varchar(20) COLLATE utf8_bin NOT NULL,
  `abbr` tinytext COLLATE utf8_bin NOT NULL,
  PRIMARY KEY (`id`)
) ENGINE=InnoDB  DEFAULT CHARSET=utf8 COLLATE=utf8_bin AUTO_INCREMENT=55 ;

--
-- Dumping data for table `tbl_states`
--

INSERT INTO `tbl_states` (`id`, `name`, `abbr`) VALUES
(1, 'Alabama', 0x414c),
(2, 'Alaska', 0x414b),
(3, 'Arizona', 0x415a),
(4, 'Arkansas', 0x4152),
(5, 'California', 0x4341),
(6, 'Colorado', 0x434f),
(7, 'Connecticut', 0x4354),
(8, 'Delaware', 0x4445),
(9, 'District of Columbia', 0x4443),
(10, 'Florida', 0x464c),
(11, 'Georgia', 0x4741),
(12, 'Guam', 0x4755),
(13, 'Hawaii', 0x4849),
(14, 'Idaho', 0x4944),
(15, 'Illinois', 0x494c),
(16, 'Indiana', 0x494e),
(17, 'Iowa', 0x4941),
(18, 'Kansas', 0x4b53),
(19, 'Kentucky', 0x4b59),
(20, 'Louisiana', 0x4c41),
(21, 'Maine', 0x4d45),
(22, 'Maryland', 0x4d44),
(23, 'Massachusetts', 0x4d41),
(24, 'Michigan', 0x4d49),
(25, 'Minnesota', 0x4d4e),
(26, 'Mississippi', 0x4d53),
(27, 'Missouri', 0x4d4f),
(28, 'Montana', 0x4d54),
(29, 'Nebraska', 0x4e45),
(30, 'Nevada', 0x4e56),
(31, 'New Hampshire', 0x4e48),
(32, 'New Jersey', 0x4e4a),
(33, 'New Mexico', 0x4e4d),
(34, 'New York', 0x4e59),
(35, 'North Carolina', 0x4e43),
(36, 'North Dakota', 0x4e44),
(37, 'Ohio', 0x4f48),
(38, 'Oklahoma', 0x4f4b),
(39, 'Oregon', 0x4f52),
(40, 'Pennsylvania', 0x5041),
(41, 'Puerto Rico', 0x5052),
(42, 'Rhode Island', 0x5249),
(43, 'South Carolina', 0x5343),
(44, 'South Dakota', 0x5344),
(45, 'Tennessee', 0x544e),
(46, 'Texas', 0x5458),
(47, 'Utah', 0x5554),
(48, 'Vermont', 0x5654),
(49, 'Virgin Islands', 0x5649),
(50, 'Virginia', 0x5641),
(51, 'Washington', 0x5741),
(52, 'West Virginia', 0x5756),
(53, 'Wisconsin', 0x5749),
(54, 'Wyoming', 0x5759);

-- --------------------------------------------------------

--
-- Table structure for table `tbl_subject_profile`
--

CREATE TABLE IF NOT EXISTS `tbl_subject_profile` (
  `id` int(10) unsigned NOT NULL AUTO_INCREMENT,
  `user_id` int(10) unsigned NOT NULL,
  `year_taken` tinyint(1) unsigned DEFAULT NULL COMMENT '1=Freshman,2=Soph,3=Junior,4=Senior,5=5th year after senior',
  `subject_id` tinyint(2) unsigned DEFAULT NULL,
  `honors_or_AP` tinyint(1) DEFAULT NULL,
  `num_months` tinyint(2) unsigned DEFAULT NULL,
  `create_time` datetime DEFAULT NULL,
  `create_user_id` int(10) unsigned DEFAULT NULL,
  `update_time` datetime DEFAULT NULL,
  `update_user_id` int(10) unsigned DEFAULT NULL,
  PRIMARY KEY (`id`),
  KEY `USER` (`user_id`)
) ENGINE=InnoDB  DEFAULT CHARSET=latin1 AUTO_INCREMENT=296 ;

--
-- Dumping data for table `tbl_subject_profile`
--

INSERT INTO `tbl_subject_profile` (`id`, `user_id`, `year_taken`, `subject_id`, `honors_or_AP`, `num_months`, `create_time`, `create_user_id`, `update_time`, `update_user_id`) VALUES
(10, 100, 1, 5, 1, 0, '2011-12-11 10:30:59', 100, '2011-12-11 10:30:59', 100),
(15, 10000021, 3, 24, 1, 4, NULL, NULL, NULL, NULL),
(16, 10000021, 2, 14, 3, 2, NULL, NULL, NULL, NULL),
(17, 10000021, 4, 18, 2, 4, NULL, NULL, NULL, NULL),
(18, 10000022, 4, 4, NULL, 6, NULL, NULL, NULL, NULL),
(19, 10000022, 3, 30, 3, 4, NULL, NULL, NULL, NULL),
(20, 10000022, 3, 52, NULL, 8, NULL, NULL, NULL, NULL),
(21, 10000023, 3, 35, 2, 6, NULL, NULL, NULL, NULL),
(22, 10000023, NULL, 9, 3, NULL, NULL, NULL, NULL, NULL),
(23, 10000023, 3, 42, 1, NULL, NULL, NULL, NULL, NULL),
(24, 10000024, NULL, 25, NULL, 9, NULL, NULL, NULL, NULL),
(25, 10000026, NULL, 26, 1, 8, NULL, NULL, NULL, NULL),
(26, 10000027, 2, 18, 2, 1, NULL, NULL, NULL, NULL),
(27, 10000027, 4, 37, 1, 2, NULL, NULL, NULL, NULL),
(28, 10000027, 3, 45, 3, NULL, NULL, NULL, NULL, NULL),
(29, 10000027, 1, 19, NULL, 4, NULL, NULL, NULL, NULL),
(30, 10000028, NULL, 34, 1, NULL, NULL, NULL, NULL, NULL),
(31, 10000028, 3, 1, NULL, NULL, NULL, NULL, NULL, NULL),
(32, 10000028, 2, 28, 2, 2, NULL, NULL, NULL, NULL),
(33, 10000029, NULL, 27, 3, 4, NULL, NULL, NULL, NULL),
(34, 10000030, 4, 31, NULL, 2, NULL, NULL, NULL, NULL),
(35, 10000030, NULL, 2, NULL, 4, NULL, NULL, NULL, NULL),
(36, 10000031, 2, 40, 2, 2, NULL, NULL, NULL, NULL),
(37, 10000031, 2, 36, 2, 4, NULL, NULL, NULL, NULL),
(38, 10000031, 3, 29, NULL, 7, NULL, NULL, NULL, NULL),
(39, 10000031, 3, 53, 2, 1, NULL, NULL, NULL, NULL),
(40, 10000032, 2, 41, NULL, NULL, NULL, NULL, NULL, NULL),
(41, 10000033, 3, 26, NULL, NULL, NULL, NULL, NULL, NULL),
(42, 10000034, 2, 9, 1, 6, NULL, NULL, NULL, NULL),
(43, 10000035, 3, 1, NULL, 1, NULL, NULL, NULL, NULL),
(44, 10000037, 3, 6, NULL, 3, NULL, NULL, NULL, NULL),
(45, 10000037, 3, 29, NULL, 3, NULL, NULL, NULL, NULL),
(46, 10000037, 1, 39, 1, 1, NULL, NULL, NULL, NULL),
(47, 10000037, 2, 3, 3, NULL, NULL, NULL, NULL, NULL),
(48, 10000038, 3, 35, NULL, 5, NULL, NULL, NULL, NULL),
(49, 10000038, 4, 15, NULL, 5, NULL, NULL, NULL, NULL),
(50, 10000039, NULL, 6, NULL, 1, NULL, NULL, NULL, NULL),
(51, 10000040, NULL, 31, NULL, 7, NULL, NULL, NULL, NULL),
(52, 10000041, 3, 23, NULL, 2, NULL, NULL, NULL, NULL),
(53, 10000042, 2, 28, 1, 5, NULL, NULL, NULL, NULL),
(54, 10000042, 1, 13, 2, NULL, NULL, NULL, NULL, NULL),
(55, 10000042, 4, 10, 3, NULL, NULL, NULL, NULL, NULL),
(56, 10000042, 3, 3, 1, 1, NULL, NULL, NULL, NULL),
(57, 10000043, 2, 49, NULL, 9, NULL, NULL, NULL, NULL),
(58, 10000043, 4, 2, 1, NULL, NULL, NULL, NULL, NULL),
(59, 10000043, 3, 10, 1, 5, NULL, NULL, NULL, NULL),
(60, 10000043, NULL, 45, NULL, 8, NULL, NULL, NULL, NULL),
(61, 10000045, 4, 41, NULL, 6, NULL, NULL, NULL, NULL),
(62, 10000045, 1, 20, 3, 1, NULL, NULL, NULL, NULL),
(63, 10000045, 4, 30, NULL, NULL, NULL, NULL, NULL, NULL),
(64, 10000045, 3, 24, NULL, NULL, NULL, NULL, NULL, NULL),
(65, 10000046, NULL, 39, 2, NULL, NULL, NULL, NULL, NULL),
(66, 10000046, 2, 10, 2, 7, NULL, NULL, NULL, NULL),
(67, 10000046, 4, 19, NULL, 3, NULL, NULL, NULL, NULL),
(68, 10000046, 4, 20, 3, 9, NULL, NULL, NULL, NULL),
(69, 10000048, 4, 20, NULL, 5, NULL, NULL, NULL, NULL),
(70, 10000048, 1, 38, NULL, 7, NULL, NULL, NULL, NULL),
(71, 10000049, 1, 48, NULL, NULL, NULL, NULL, NULL, NULL),
(72, 10000049, 2, 45, 1, 9, NULL, NULL, NULL, NULL),
(73, 10000049, NULL, 13, 3, NULL, NULL, NULL, NULL, NULL),
(74, 10000051, 1, 48, NULL, 9, NULL, NULL, NULL, NULL),
(75, 10000052, 2, 39, NULL, NULL, NULL, NULL, NULL, NULL),
(76, 10000052, NULL, 10, NULL, NULL, NULL, NULL, NULL, NULL),
(77, 10000054, 3, 16, 1, 7, NULL, NULL, NULL, NULL),
(78, 10000054, 3, 28, 1, 3, NULL, NULL, NULL, NULL),
(79, 10000054, 1, 48, NULL, NULL, NULL, NULL, NULL, NULL),
(80, 10000054, 2, 42, 1, 9, NULL, NULL, NULL, NULL),
(81, 10000055, 2, 13, NULL, 6, NULL, NULL, NULL, NULL),
(82, 10000055, 1, 33, NULL, 4, NULL, NULL, NULL, NULL),
(83, 10000056, 3, 7, 1, 1, NULL, NULL, NULL, NULL),
(84, 10000056, 3, 39, NULL, 4, NULL, NULL, NULL, NULL),
(85, 10000056, NULL, 31, 1, 4, NULL, NULL, NULL, NULL),
(86, 10000056, 3, 19, NULL, 5, NULL, NULL, NULL, NULL),
(87, 10000057, NULL, 8, 3, NULL, NULL, NULL, NULL, NULL),
(88, 10000059, 1, 43, NULL, 3, NULL, NULL, NULL, NULL),
(89, 10000059, 2, 15, NULL, NULL, NULL, NULL, NULL, NULL),
(90, 10000059, 4, 27, NULL, 2, NULL, NULL, NULL, NULL),
(91, 10000060, 2, 32, NULL, 2, NULL, NULL, NULL, NULL),
(92, 10000060, 1, 37, 3, NULL, NULL, NULL, NULL, NULL),
(93, 10000060, 4, 17, NULL, 5, NULL, NULL, NULL, NULL),
(94, 10000060, 1, 19, NULL, 6, NULL, NULL, NULL, NULL),
(95, 10000061, 3, 49, NULL, 6, NULL, NULL, NULL, NULL),
(96, 10000061, 1, 25, 2, 6, NULL, NULL, NULL, NULL),
(97, 10000061, 2, 13, NULL, 4, NULL, NULL, NULL, NULL),
(98, 10000061, 3, 36, 2, 4, NULL, NULL, NULL, NULL),
(99, 10000062, 4, 22, NULL, 2, NULL, NULL, NULL, NULL),
(100, 10000062, NULL, 2, NULL, 9, NULL, NULL, NULL, NULL),
(101, 10000063, 1, 31, NULL, 2, NULL, NULL, NULL, NULL),
(102, 10000063, NULL, 11, NULL, 1, NULL, NULL, NULL, NULL),
(103, 10000064, 2, 32, 1, 2, NULL, NULL, NULL, NULL),
(104, 10000064, 2, 12, 3, 7, NULL, NULL, NULL, NULL),
(105, 10000065, 4, 2, NULL, 8, NULL, NULL, NULL, NULL),
(106, 10000065, NULL, 1, NULL, 6, NULL, NULL, NULL, NULL),
(107, 10000065, 4, 47, 3, NULL, NULL, NULL, NULL, NULL),
(108, 10000065, NULL, 11, 1, 9, NULL, NULL, NULL, NULL),
(109, 10000066, NULL, 21, NULL, NULL, NULL, NULL, NULL, NULL),
(110, 10000066, 1, 35, NULL, NULL, NULL, NULL, NULL, NULL),
(111, 10000067, 1, 25, 2, 8, NULL, NULL, NULL, NULL),
(112, 10000067, 4, 12, NULL, 2, NULL, NULL, NULL, NULL),
(113, 10000067, 3, 35, NULL, 4, NULL, NULL, NULL, NULL),
(114, 10000067, NULL, 21, NULL, 5, NULL, NULL, NULL, NULL),
(115, 10000068, 4, 50, NULL, NULL, NULL, NULL, NULL, NULL),
(116, 10000068, 2, 20, 1, 7, NULL, NULL, NULL, NULL),
(117, 10000068, NULL, 25, NULL, 6, NULL, NULL, NULL, NULL),
(118, 10000068, 2, 11, 3, 8, NULL, NULL, NULL, NULL),
(119, 10000070, 2, 1, NULL, 8, NULL, NULL, NULL, NULL),
(120, 10000070, 3, 32, 3, 7, NULL, NULL, NULL, NULL),
(121, 10000070, 4, 12, NULL, 1, NULL, NULL, NULL, NULL),
(122, 10000070, NULL, 51, 2, 4, NULL, NULL, NULL, NULL),
(123, 10000071, 4, 3, 2, 9, NULL, NULL, NULL, NULL),
(124, 10000072, 1, 1, NULL, 8, NULL, NULL, NULL, NULL),
(125, 10000072, 1, 22, NULL, NULL, NULL, NULL, NULL, NULL),
(126, 10000072, 1, 11, NULL, 1, NULL, NULL, NULL, NULL),
(127, 10000072, NULL, 18, NULL, NULL, NULL, NULL, NULL, NULL),
(128, 10000073, 1, 18, 3, 9, NULL, NULL, NULL, NULL),
(129, 10000073, 3, 16, 3, 4, NULL, NULL, NULL, NULL),
(130, 10000073, 3, 8, 1, 4, NULL, NULL, NULL, NULL),
(131, 10000074, 1, 53, 3, 1, NULL, NULL, NULL, NULL),
(132, 10000074, NULL, 13, NULL, 9, NULL, NULL, NULL, NULL),
(133, 10000075, 4, 11, 1, 7, NULL, NULL, NULL, NULL),
(134, 10000075, 1, 13, 1, 8, NULL, NULL, NULL, NULL),
(135, 10000075, 3, 46, 1, 7, NULL, NULL, NULL, NULL),
(136, 10000075, 4, 45, 2, 8, NULL, NULL, NULL, NULL),
(137, 10000077, 2, 17, NULL, 9, NULL, NULL, NULL, NULL),
(138, 10000077, 4, 12, NULL, 9, NULL, NULL, NULL, NULL),
(139, 10000077, NULL, 19, NULL, 5, NULL, NULL, NULL, NULL),
(140, 10000077, 3, 15, NULL, 6, NULL, NULL, NULL, NULL),
(141, 10000078, 4, 26, 1, 6, NULL, NULL, NULL, NULL),
(142, 10000078, NULL, 49, 1, 9, NULL, NULL, NULL, NULL),
(143, 10000078, 2, 31, 3, 6, NULL, NULL, NULL, NULL),
(173, 10000085, 2, 2, 3, 3, NULL, NULL, NULL, NULL),
(174, 10000085, NULL, 12, NULL, 9, NULL, NULL, NULL, NULL),
(175, 10000086, 4, 30, 2, 6, NULL, NULL, NULL, NULL),
(176, 10000086, 2, 46, 1, NULL, NULL, NULL, NULL, NULL),
(177, 10000086, 4, 38, 3, 8, NULL, NULL, NULL, NULL),
(178, 10000086, 4, 42, 2, 4, NULL, NULL, NULL, NULL),
(179, 10000087, 4, 25, NULL, 8, NULL, NULL, NULL, NULL),
(180, 10000087, NULL, 11, 1, NULL, NULL, NULL, NULL, NULL),
(181, 10000087, 3, 54, 2, 6, NULL, NULL, NULL, NULL),
(182, 10000088, NULL, 38, NULL, 7, NULL, NULL, NULL, NULL),
(183, 10000088, NULL, 5, NULL, 8, NULL, NULL, NULL, NULL),
(184, 10000088, 3, 21, 3, 9, NULL, NULL, NULL, NULL),
(185, 10000088, 3, 13, 1, 6, NULL, NULL, NULL, NULL),
(186, 10000089, 1, 51, NULL, 9, NULL, NULL, NULL, NULL),
(187, 10000089, 2, 46, NULL, 2, NULL, NULL, NULL, NULL),
(188, 10000090, 2, 8, 3, 3, NULL, NULL, NULL, NULL),
(189, 10000090, 2, 27, 1, 7, NULL, NULL, NULL, NULL),
(190, 10000090, 2, 22, NULL, 7, NULL, NULL, NULL, NULL),
(191, 10000091, 3, 39, NULL, 7, NULL, NULL, NULL, NULL),
(192, 10000091, 4, 36, 2, 2, NULL, NULL, NULL, NULL),
(193, 10000093, 1, 7, 3, 3, NULL, NULL, NULL, NULL),
(194, 10000093, 3, 45, NULL, NULL, NULL, NULL, NULL, NULL),
(195, 10000093, 4, 43, NULL, NULL, NULL, NULL, NULL, NULL),
(196, 10000094, 4, 24, 2, 1, NULL, NULL, NULL, NULL),
(197, 10000094, NULL, 5, NULL, NULL, NULL, NULL, NULL, NULL),
(198, 10000095, 2, 9, NULL, 8, NULL, NULL, NULL, NULL),
(199, 10000095, NULL, 38, 2, 9, NULL, NULL, NULL, NULL),
(200, 10000096, 4, 15, 1, 5, NULL, NULL, NULL, NULL),
(201, 10000096, NULL, 53, 3, 9, NULL, NULL, NULL, NULL),
(202, 10000097, NULL, 22, 1, NULL, NULL, NULL, NULL, NULL),
(203, 10000097, NULL, 35, NULL, 5, NULL, NULL, NULL, NULL),
(204, 10000097, 2, 14, NULL, 2, NULL, NULL, NULL, NULL),
(205, 10000097, 4, 1, 3, 6, NULL, NULL, NULL, NULL),
(206, 10000098, 3, 10, 3, 1, NULL, NULL, NULL, NULL),
(207, 10000098, 4, 11, 2, 7, NULL, NULL, NULL, NULL),
(208, 10000098, 4, 6, NULL, 2, NULL, NULL, NULL, NULL),
(209, 10000098, 3, 51, 2, 5, NULL, NULL, NULL, NULL),
(210, 10000099, 4, 36, NULL, 1, NULL, NULL, NULL, NULL),
(211, 10000099, 2, 22, NULL, NULL, NULL, NULL, NULL, NULL),
(212, 10000100, 1, 27, NULL, 5, NULL, NULL, NULL, NULL),
(213, 10000100, NULL, 25, 1, 5, NULL, NULL, NULL, NULL),
(214, 10000102, 4, 41, 1, 7, NULL, NULL, NULL, NULL),
(215, 10000104, NULL, 15, 1, 7, NULL, NULL, NULL, NULL),
(216, 10000104, NULL, 37, NULL, 7, NULL, NULL, NULL, NULL),
(217, 10000104, 3, 33, 1, 3, NULL, NULL, NULL, NULL),
(218, 10000105, 4, 16, NULL, 1, NULL, NULL, NULL, NULL),
(219, 10000105, 2, 49, NULL, 1, NULL, NULL, NULL, NULL),
(220, 10000105, 1, 41, 2, 7, NULL, NULL, NULL, NULL),
(221, 10000105, 3, 42, NULL, NULL, NULL, NULL, NULL, NULL),
(222, 10000106, 3, 34, 1, 8, NULL, NULL, NULL, NULL),
(223, 10000106, 1, 21, NULL, 2, NULL, NULL, NULL, NULL),
(224, 10000106, 4, 18, 1, 8, NULL, NULL, NULL, NULL),
(225, 10000106, 4, 4, NULL, NULL, NULL, NULL, NULL, NULL),
(226, 10000107, 3, 2, 1, 4, NULL, NULL, NULL, NULL),
(227, 10000108, NULL, 38, 3, NULL, NULL, NULL, NULL, NULL),
(228, 10000108, 4, 5, NULL, NULL, NULL, NULL, NULL, NULL),
(229, 10000109, 3, 48, NULL, 3, NULL, NULL, NULL, NULL),
(230, 10000110, NULL, 1, NULL, 3, NULL, NULL, NULL, NULL),
(231, 10000110, 2, 45, NULL, NULL, NULL, NULL, NULL, NULL),
(232, 10000111, 2, 38, 2, 9, NULL, NULL, NULL, NULL),
(233, 10000111, 2, 37, NULL, 9, NULL, NULL, NULL, NULL),
(234, 10000113, 2, 52, 3, 8, NULL, NULL, NULL, NULL),
(235, 10000113, 1, 20, 2, 2, NULL, NULL, NULL, NULL),
(236, 10000114, 1, 14, NULL, 5, NULL, NULL, NULL, NULL),
(237, 10000117, 2, 33, 1, NULL, NULL, NULL, NULL, NULL),
(238, 10000117, 2, 9, NULL, 8, NULL, NULL, NULL, NULL),
(239, 10000118, 1, 16, NULL, 2, NULL, NULL, NULL, NULL),
(240, 10000118, 3, 3, 1, 8, NULL, NULL, NULL, NULL),
(241, 10000118, NULL, 38, 3, 8, NULL, NULL, NULL, NULL),
(242, 10000120, 3, 14, 3, 4, NULL, NULL, NULL, NULL),
(243, 10000120, 4, 27, 2, NULL, NULL, NULL, NULL, NULL),
(244, 10000120, 1, 47, NULL, 2, NULL, NULL, NULL, NULL),
(245, 10000120, NULL, 29, 2, NULL, NULL, NULL, NULL, NULL),
(246, 10000121, 2, 13, NULL, 8, NULL, NULL, NULL, NULL),
(247, 10000121, NULL, 35, 2, 1, NULL, NULL, NULL, NULL),
(248, 10000121, 4, 25, NULL, NULL, NULL, NULL, NULL, NULL),
(249, 10000121, 2, 40, NULL, 4, NULL, NULL, NULL, NULL),
(250, 10000122, NULL, 15, NULL, 9, NULL, NULL, NULL, NULL),
(251, 10000122, 4, 13, 1, 5, NULL, NULL, NULL, NULL),
(252, 10000123, 3, 46, NULL, NULL, NULL, NULL, NULL, NULL),
(253, 10000124, 3, 31, 1, 1, NULL, NULL, NULL, NULL),
(254, 10000124, 2, 8, 3, 1, NULL, NULL, NULL, NULL),
(255, 10000124, NULL, 43, 1, 6, NULL, NULL, NULL, NULL),
(256, 10000124, 3, 16, 1, 4, NULL, NULL, NULL, NULL),
(257, 10000126, 4, 10, NULL, 1, NULL, NULL, NULL, NULL),
(258, 10000126, 3, 22, NULL, 3, NULL, NULL, NULL, NULL),
(259, 10000126, 2, 7, NULL, 9, NULL, NULL, NULL, NULL),
(260, 10000126, 4, 42, NULL, 7, NULL, NULL, NULL, NULL),
(261, 10000128, 2, 7, 1, 9, NULL, NULL, NULL, NULL),
(262, 10000128, 4, 10, 3, NULL, NULL, NULL, NULL, NULL),
(263, 10000128, NULL, 52, NULL, 2, NULL, NULL, NULL, NULL),
(264, 10000129, 4, 33, 2, 2, NULL, NULL, NULL, NULL),
(265, 10000129, 4, 16, 1, 3, NULL, NULL, NULL, NULL),
(266, 10000129, 1, 31, 1, 8, NULL, NULL, NULL, NULL),
(267, 10000129, 1, 9, 2, 3, NULL, NULL, NULL, NULL),
(268, 10000130, 4, 18, NULL, 1, NULL, NULL, NULL, NULL),
(269, 10000131, 1, 38, 3, 9, NULL, NULL, NULL, NULL),
(270, 10000131, NULL, 19, 3, 3, NULL, NULL, NULL, NULL),
(271, 10000131, 2, 29, NULL, 9, NULL, NULL, NULL, NULL),
(272, 10000132, 1, 51, NULL, 1, NULL, NULL, NULL, NULL),
(273, 10000132, NULL, 16, 1, NULL, NULL, NULL, NULL, NULL),
(274, 10000132, NULL, 37, NULL, 5, NULL, NULL, NULL, NULL),
(275, 10000134, 2, 16, 2, 3, NULL, NULL, NULL, NULL),
(276, 10000135, 4, 46, NULL, 4, NULL, NULL, NULL, NULL),
(277, 10000135, NULL, 20, 1, 4, NULL, NULL, NULL, NULL),
(278, 10000136, 1, 14, NULL, NULL, NULL, NULL, NULL, NULL),
(279, 10000136, 3, 35, 2, 7, NULL, NULL, NULL, NULL),
(280, 10000137, 1, 40, 1, 5, NULL, NULL, NULL, NULL),
(281, 10000137, 3, 12, 1, 7, NULL, NULL, NULL, NULL),
(282, 10000137, 1, 31, NULL, 2, NULL, NULL, NULL, NULL),
(283, 10000138, 2, 3, 2, 8, NULL, NULL, NULL, NULL),
(284, 10000138, NULL, 1, NULL, NULL, NULL, NULL, NULL, NULL),
(285, 10000138, 4, 49, NULL, NULL, NULL, NULL, NULL, NULL),
(286, 10000138, 3, 54, NULL, 8, NULL, NULL, NULL, NULL),
(287, 10000139, NULL, 48, NULL, NULL, NULL, NULL, NULL, NULL),
(288, 10000139, NULL, 28, NULL, 6, NULL, NULL, NULL, NULL),
(289, 10000139, 4, 9, NULL, 7, NULL, NULL, NULL, NULL),
(290, 10000139, 3, 54, 1, 3, NULL, NULL, NULL, NULL),
(291, 10000140, NULL, 53, NULL, 1, NULL, NULL, NULL, NULL),
(292, 10000141, 3, 26, NULL, 5, NULL, NULL, NULL, NULL),
(294, 102, 1, 4, 1, NULL, '2012-03-25 21:38:11', 102, '2012-03-25 21:38:11', 102),
(295, 102, 3, 18, 2, NULL, '2012-03-25 21:38:11', 102, '2012-03-25 21:38:11', 102);

-- --------------------------------------------------------

--
-- Table structure for table `tbl_subject_type`
--

CREATE TABLE IF NOT EXISTS `tbl_subject_type` (
  `id` tinyint(2) unsigned NOT NULL AUTO_INCREMENT,
  `name` varchar(30) COLLATE utf8_bin NOT NULL,
  PRIMARY KEY (`id`)
) ENGINE=InnoDB  DEFAULT CHARSET=utf8 COLLATE=utf8_bin AUTO_INCREMENT=55 ;

--
-- Dumping data for table `tbl_subject_type`
--

INSERT INTO `tbl_subject_type` (`id`, `name`) VALUES
(1, 'Algebra I'),
(2, 'Algebra II'),
(3, 'Anatomy'),
(4, 'Art History'),
(5, 'Astronomy'),
(6, 'Automotive'),
(7, 'Biology'),
(8, 'Business'),
(9, 'Calculus 2'),
(10, 'Calculus I'),
(11, 'Chemistry'),
(12, 'Civics'),
(13, 'Computer Science'),
(14, 'Cooking'),
(15, 'Drawing'),
(16, 'Earth Science'),
(17, 'Economics'),
(18, 'English'),
(19, 'Environmental Science'),
(20, 'Ethnic Studies'),
(21, 'Film Art'),
(22, 'Food Science'),
(23, 'French'),
(24, 'General Art'),
(25, 'General Science'),
(26, 'Geography'),
(27, 'Geometry'),
(28, 'German'),
(29, 'Grammar'),
(30, 'Health'),
(31, 'Home Economics'),
(32, 'Italian'),
(33, 'Japanese'),
(34, 'Latin'),
(35, 'Life Science'),
(36, 'Literature'),
(37, 'Mandarin'),
(38, 'Music'),
(39, 'Photography'),
(40, 'Physical Science'),
(41, 'Physics'),
(42, 'Pre-Algebra'),
(43, 'Psychology'),
(44, 'Russian'),
(45, 'Social Studies'),
(46, 'Sociology'),
(47, 'Space Science'),
(48, 'Spanish'),
(49, 'Trigonometry'),
(50, 'US Government'),
(51, 'US History'),
(52, 'Vocabulary'),
(53, 'World History'),
(54, 'Writing');

-- --------------------------------------------------------

--
-- Table structure for table `tbl_summer_profile`
--

CREATE TABLE IF NOT EXISTS `tbl_summer_profile` (
  `id` int(10) unsigned NOT NULL AUTO_INCREMENT,
  `user_id` int(10) unsigned NOT NULL,
  `name` text COLLATE utf8_bin,
  `summer_id` tinyint(3) unsigned DEFAULT NULL,
  `summer_date` tinyint(3) DEFAULT NULL,
  `comments` text COLLATE utf8_bin,
  `create_time` datetime NOT NULL,
  `create_user_id` int(10) unsigned NOT NULL,
  `update_time` datetime NOT NULL,
  `update_user_id` int(10) unsigned NOT NULL,
  PRIMARY KEY (`id`)
) ENGINE=InnoDB  DEFAULT CHARSET=utf8 COLLATE=utf8_bin AUTO_INCREMENT=463 ;

--
-- Dumping data for table `tbl_summer_profile`
--

INSERT INTO `tbl_summer_profile` (`id`, `user_id`, `name`, `summer_id`, `summer_date`, `comments`, `create_time`, `create_user_id`, `update_time`, `update_user_id`) VALUES
(3, 28, '', 7, 5, '', '2011-10-25 01:08:57', 28, '2011-10-25 01:08:57', 28),
(4, 68, 0x686f73706974616c, 4, 5, '', '2011-11-07 23:04:03', 68, '2011-11-07 23:04:03', 68),
(29, 10000020, 0x47494d4e4f5a47414d53, 3, 1, NULL, '0000-00-00 00:00:00', 0, '0000-00-00 00:00:00', 0),
(30, 10000020, 0x4a514f51584c465848, 13, 5, NULL, '0000-00-00 00:00:00', 0, '0000-00-00 00:00:00', 0),
(31, 10000020, 0x484548444545, 5, 2, NULL, '0000-00-00 00:00:00', 0, '0000-00-00 00:00:00', 0),
(32, 10000020, 0x4b5749494b51, 4, 4, NULL, '0000-00-00 00:00:00', 0, '0000-00-00 00:00:00', 0),
(33, 10000020, 0x4e54464c50, NULL, 3, NULL, '0000-00-00 00:00:00', 0, '0000-00-00 00:00:00', 0),
(34, 10000020, 0x4157414a4e4f57, 8, 6, NULL, '0000-00-00 00:00:00', 0, '0000-00-00 00:00:00', 0),
(35, 10000021, 0x58534f5746, 12, 6, NULL, '0000-00-00 00:00:00', 0, '0000-00-00 00:00:00', 0),
(36, 10000021, 0x4d4952424e42, NULL, 1, NULL, '0000-00-00 00:00:00', 0, '0000-00-00 00:00:00', 0),
(37, 10000022, 0x515643494754, 4, 3, NULL, '0000-00-00 00:00:00', 0, '0000-00-00 00:00:00', 0),
(38, 10000022, 0x4c564e534c545a, 8, 6, NULL, '0000-00-00 00:00:00', 0, '0000-00-00 00:00:00', 0),
(39, 10000022, 0x4551434d, 5, 1, NULL, '0000-00-00 00:00:00', 0, '0000-00-00 00:00:00', 0),
(40, 10000023, 0x504c51545a4d4a42434b, 13, 1, NULL, '0000-00-00 00:00:00', 0, '0000-00-00 00:00:00', 0),
(41, 10000023, 0x4856454e50, NULL, 5, NULL, '0000-00-00 00:00:00', 0, '0000-00-00 00:00:00', 0),
(42, 10000023, 0x4b5844494f534d565742, 13, 6, NULL, '0000-00-00 00:00:00', 0, '0000-00-00 00:00:00', 0),
(43, 10000025, 0x544c59, 8, 1, NULL, '0000-00-00 00:00:00', 0, '0000-00-00 00:00:00', 0),
(44, 10000025, 0x54574e5a53474d4f52, NULL, 6, NULL, '0000-00-00 00:00:00', 0, '0000-00-00 00:00:00', 0),
(45, 10000026, 0x4c54594355, 13, 5, NULL, '0000-00-00 00:00:00', 0, '0000-00-00 00:00:00', 0),
(46, 10000027, 0x52434e4b434a, 11, 4, NULL, '0000-00-00 00:00:00', 0, '0000-00-00 00:00:00', 0),
(47, 10000027, 0x515655544459, NULL, 2, NULL, '0000-00-00 00:00:00', 0, '0000-00-00 00:00:00', 0),
(48, 10000027, 0x45434a50524948, 2, 3, NULL, '0000-00-00 00:00:00', 0, '0000-00-00 00:00:00', 0),
(49, 10000027, 0x5a554e4853, 11, 5, NULL, '0000-00-00 00:00:00', 0, '0000-00-00 00:00:00', 0),
(50, 10000027, 0x4d44594f42, NULL, 1, NULL, '0000-00-00 00:00:00', 0, '0000-00-00 00:00:00', 0),
(51, 10000027, 0x5243524f45, NULL, 6, NULL, '0000-00-00 00:00:00', 0, '0000-00-00 00:00:00', 0),
(52, 10000029, 0x444e51, 12, 5, NULL, '0000-00-00 00:00:00', 0, '0000-00-00 00:00:00', 0),
(53, 10000029, 0x4941455346434e4c5749, 12, 3, NULL, '0000-00-00 00:00:00', 0, '0000-00-00 00:00:00', 0),
(54, 10000029, 0x525158, 1, 1, NULL, '0000-00-00 00:00:00', 0, '0000-00-00 00:00:00', 0),
(55, 10000029, 0x424a534c4750454542, 13, 2, NULL, '0000-00-00 00:00:00', 0, '0000-00-00 00:00:00', 0),
(56, 10000031, 0x534d5a51, 7, 6, NULL, '0000-00-00 00:00:00', 0, '0000-00-00 00:00:00', 0),
(57, 10000031, 0x4b4f43484957534251, 9, 1, NULL, '0000-00-00 00:00:00', 0, '0000-00-00 00:00:00', 0),
(58, 10000032, 0x524d454b4e, 4, 2, NULL, '0000-00-00 00:00:00', 0, '0000-00-00 00:00:00', 0),
(59, 10000032, 0x4952494351494c4a53, 2, 4, NULL, '0000-00-00 00:00:00', 0, '0000-00-00 00:00:00', 0),
(60, 10000032, 0x584b46494e4349484e, NULL, 6, NULL, '0000-00-00 00:00:00', 0, '0000-00-00 00:00:00', 0),
(61, 10000032, 0x5457564b4c46584d, 6, 5, NULL, '0000-00-00 00:00:00', 0, '0000-00-00 00:00:00', 0),
(62, 10000032, 0x4947494f41504642, 10, 1, NULL, '0000-00-00 00:00:00', 0, '0000-00-00 00:00:00', 0),
(63, 10000032, 0x50535a5645, 9, 3, NULL, '0000-00-00 00:00:00', 0, '0000-00-00 00:00:00', 0),
(64, 10000033, 0x515657464b44, 2, 4, NULL, '0000-00-00 00:00:00', 0, '0000-00-00 00:00:00', 0),
(65, 10000033, 0x424d4f59, 4, 6, NULL, '0000-00-00 00:00:00', 0, '0000-00-00 00:00:00', 0),
(66, 10000033, 0x514751, NULL, 3, NULL, '0000-00-00 00:00:00', 0, '0000-00-00 00:00:00', 0),
(67, 10000033, 0x485551, 6, 1, NULL, '0000-00-00 00:00:00', 0, '0000-00-00 00:00:00', 0),
(68, 10000033, 0x55425952, 7, 5, NULL, '0000-00-00 00:00:00', 0, '0000-00-00 00:00:00', 0),
(69, 10000034, 0x524841565654, 6, 4, NULL, '0000-00-00 00:00:00', 0, '0000-00-00 00:00:00', 0),
(70, 10000034, 0x5159504143584556, 12, 1, NULL, '0000-00-00 00:00:00', 0, '0000-00-00 00:00:00', 0),
(71, 10000034, 0x4753444d47524f494c59, 9, 2, NULL, '0000-00-00 00:00:00', 0, '0000-00-00 00:00:00', 0),
(72, 10000034, 0x4f4d45, 10, 6, NULL, '0000-00-00 00:00:00', 0, '0000-00-00 00:00:00', 0),
(73, 10000034, 0x4e524f554844, 1, 3, NULL, '0000-00-00 00:00:00', 0, '0000-00-00 00:00:00', 0),
(74, 10000034, 0x58595a, 7, 5, NULL, '0000-00-00 00:00:00', 0, '0000-00-00 00:00:00', 0),
(75, 10000035, 0x584f595547, 13, 4, NULL, '0000-00-00 00:00:00', 0, '0000-00-00 00:00:00', 0),
(76, 10000035, 0x4444414f57514453544f, 2, 6, NULL, '0000-00-00 00:00:00', 0, '0000-00-00 00:00:00', 0),
(77, 10000035, 0x4c4d4253445958445242, NULL, 1, NULL, '0000-00-00 00:00:00', 0, '0000-00-00 00:00:00', 0),
(78, 10000035, 0x545453434d45544a, 10, 2, NULL, '0000-00-00 00:00:00', 0, '0000-00-00 00:00:00', 0),
(79, 10000035, 0x4458424952575050, 12, 5, NULL, '0000-00-00 00:00:00', 0, '0000-00-00 00:00:00', 0),
(80, 10000036, 0x564542504e4b4d4d, 10, 3, NULL, '0000-00-00 00:00:00', 0, '0000-00-00 00:00:00', 0),
(81, 10000037, 0x465042594d57, NULL, 2, NULL, '0000-00-00 00:00:00', 0, '0000-00-00 00:00:00', 0),
(82, 10000037, 0x4a56484c45, 8, 5, NULL, '0000-00-00 00:00:00', 0, '0000-00-00 00:00:00', 0),
(83, 10000038, 0x4243444544564a, 6, 2, NULL, '0000-00-00 00:00:00', 0, '0000-00-00 00:00:00', 0),
(84, 10000038, 0x5a4651, 7, 5, NULL, '0000-00-00 00:00:00', 0, '0000-00-00 00:00:00', 0),
(85, 10000038, 0x55564f, 6, 3, NULL, '0000-00-00 00:00:00', 0, '0000-00-00 00:00:00', 0),
(86, 10000038, 0x4c415452454b4251, 1, 4, NULL, '0000-00-00 00:00:00', 0, '0000-00-00 00:00:00', 0),
(87, 10000038, 0x57544b54484449, 11, 6, NULL, '0000-00-00 00:00:00', 0, '0000-00-00 00:00:00', 0),
(88, 10000039, 0x4650465a46, 12, 4, NULL, '0000-00-00 00:00:00', 0, '0000-00-00 00:00:00', 0),
(89, 10000039, 0x49464a4e, NULL, 2, NULL, '0000-00-00 00:00:00', 0, '0000-00-00 00:00:00', 0),
(90, 10000039, 0x554b5142, 8, 5, NULL, '0000-00-00 00:00:00', 0, '0000-00-00 00:00:00', 0),
(91, 10000039, 0x45595143, NULL, 1, NULL, '0000-00-00 00:00:00', 0, '0000-00-00 00:00:00', 0),
(92, 10000039, 0x524943, 5, 3, NULL, '0000-00-00 00:00:00', 0, '0000-00-00 00:00:00', 0),
(93, 10000039, 0x49424557434d55, 12, 6, NULL, '0000-00-00 00:00:00', 0, '0000-00-00 00:00:00', 0),
(94, 10000041, 0x53465a55494d45, 3, 4, NULL, '0000-00-00 00:00:00', 0, '0000-00-00 00:00:00', 0),
(95, 10000042, 0x514b5542494a4748, 12, 3, NULL, '0000-00-00 00:00:00', 0, '0000-00-00 00:00:00', 0),
(96, 10000042, 0x494854584f444141495a, 7, 1, NULL, '0000-00-00 00:00:00', 0, '0000-00-00 00:00:00', 0),
(97, 10000042, 0x51555344584e444a4a49, 12, 6, NULL, '0000-00-00 00:00:00', 0, '0000-00-00 00:00:00', 0),
(98, 10000043, 0x43564e59594657, 13, 1, NULL, '0000-00-00 00:00:00', 0, '0000-00-00 00:00:00', 0),
(99, 10000045, 0x4f45514143, NULL, 5, NULL, '0000-00-00 00:00:00', 0, '0000-00-00 00:00:00', 0),
(100, 10000045, 0x5447534351484258, 2, 2, NULL, '0000-00-00 00:00:00', 0, '0000-00-00 00:00:00', 0),
(101, 10000045, 0x56494f465643, NULL, 1, NULL, '0000-00-00 00:00:00', 0, '0000-00-00 00:00:00', 0),
(102, 10000045, 0x46414e4f, NULL, 6, NULL, '0000-00-00 00:00:00', 0, '0000-00-00 00:00:00', 0),
(103, 10000045, 0x55554c564457, 1, 4, NULL, '0000-00-00 00:00:00', 0, '0000-00-00 00:00:00', 0),
(104, 10000046, 0x45585447494657524d59, 7, 2, NULL, '0000-00-00 00:00:00', 0, '0000-00-00 00:00:00', 0),
(105, 10000046, 0x5757584b42, 2, 4, NULL, '0000-00-00 00:00:00', 0, '0000-00-00 00:00:00', 0),
(106, 10000046, 0x4a495355464b5a4b4342, NULL, 1, NULL, '0000-00-00 00:00:00', 0, '0000-00-00 00:00:00', 0),
(107, 10000047, 0x515650424e, NULL, 4, NULL, '0000-00-00 00:00:00', 0, '0000-00-00 00:00:00', 0),
(108, 10000048, 0x5a514944525343, 10, 4, NULL, '0000-00-00 00:00:00', 0, '0000-00-00 00:00:00', 0),
(109, 10000048, 0x554944544354454151, 4, 5, NULL, '0000-00-00 00:00:00', 0, '0000-00-00 00:00:00', 0),
(110, 10000048, 0x5856584d51495143, NULL, 3, NULL, '0000-00-00 00:00:00', 0, '0000-00-00 00:00:00', 0),
(111, 10000048, 0x5a52494f44, NULL, 2, NULL, '0000-00-00 00:00:00', 0, '0000-00-00 00:00:00', 0),
(112, 10000048, 0x574656505259, 3, 6, NULL, '0000-00-00 00:00:00', 0, '0000-00-00 00:00:00', 0),
(113, 10000048, 0x4d4a5349, 10, 1, NULL, '0000-00-00 00:00:00', 0, '0000-00-00 00:00:00', 0),
(114, 10000049, 0x4446444d57494a4c5850, NULL, 6, NULL, '0000-00-00 00:00:00', 0, '0000-00-00 00:00:00', 0),
(115, 10000049, 0x5a464743, NULL, 1, NULL, '0000-00-00 00:00:00', 0, '0000-00-00 00:00:00', 0),
(116, 10000049, 0x4e5153, 9, 4, NULL, '0000-00-00 00:00:00', 0, '0000-00-00 00:00:00', 0),
(117, 10000050, 0x48564958, 8, 4, NULL, '0000-00-00 00:00:00', 0, '0000-00-00 00:00:00', 0),
(118, 10000050, 0x4e484650574f43, 5, 1, NULL, '0000-00-00 00:00:00', 0, '0000-00-00 00:00:00', 0),
(119, 10000050, 0x4d464b4a4e534a46, 10, 2, NULL, '0000-00-00 00:00:00', 0, '0000-00-00 00:00:00', 0),
(120, 10000050, 0x524943574f4358, 13, 6, NULL, '0000-00-00 00:00:00', 0, '0000-00-00 00:00:00', 0),
(121, 10000051, 0x464956525a4f584e, 8, 5, NULL, '0000-00-00 00:00:00', 0, '0000-00-00 00:00:00', 0),
(122, 10000051, 0x45495a4b494646544b, 6, 4, NULL, '0000-00-00 00:00:00', 0, '0000-00-00 00:00:00', 0),
(123, 10000051, 0x574a51, 9, 6, NULL, '0000-00-00 00:00:00', 0, '0000-00-00 00:00:00', 0),
(124, 10000051, 0x4652414e4f5956564d5a, 6, 2, NULL, '0000-00-00 00:00:00', 0, '0000-00-00 00:00:00', 0),
(125, 10000051, 0x4b474c554656504b, 8, 3, NULL, '0000-00-00 00:00:00', 0, '0000-00-00 00:00:00', 0),
(126, 10000051, 0x434a434c52424b524c56, 11, 1, NULL, '0000-00-00 00:00:00', 0, '0000-00-00 00:00:00', 0),
(127, 10000052, 0x4d47484b454f4952474a, 5, 3, NULL, '0000-00-00 00:00:00', 0, '0000-00-00 00:00:00', 0),
(128, 10000053, 0x56474757564c57, NULL, 5, NULL, '0000-00-00 00:00:00', 0, '0000-00-00 00:00:00', 0),
(129, 10000053, 0x50565a44, 1, 2, NULL, '0000-00-00 00:00:00', 0, '0000-00-00 00:00:00', 0),
(130, 10000054, 0x525a47445055594153, 7, 5, NULL, '0000-00-00 00:00:00', 0, '0000-00-00 00:00:00', 0),
(131, 10000054, 0x4f504c424c5a52, NULL, 3, NULL, '0000-00-00 00:00:00', 0, '0000-00-00 00:00:00', 0),
(132, 10000054, 0x414e4646, 6, 1, NULL, '0000-00-00 00:00:00', 0, '0000-00-00 00:00:00', 0),
(133, 10000056, 0x424749, 1, 5, NULL, '0000-00-00 00:00:00', 0, '0000-00-00 00:00:00', 0),
(134, 10000056, 0x514e424541, 3, 2, NULL, '0000-00-00 00:00:00', 0, '0000-00-00 00:00:00', 0),
(135, 10000056, 0x484145424758545a5a42, 12, 1, NULL, '0000-00-00 00:00:00', 0, '0000-00-00 00:00:00', 0),
(136, 10000056, 0x544249584a454a4f4c, NULL, 4, NULL, '0000-00-00 00:00:00', 0, '0000-00-00 00:00:00', 0),
(137, 10000056, 0x5a5450445a, 6, 6, NULL, '0000-00-00 00:00:00', 0, '0000-00-00 00:00:00', 0),
(138, 10000057, 0x524458595341484f4e44, 9, 5, NULL, '0000-00-00 00:00:00', 0, '0000-00-00 00:00:00', 0),
(139, 10000057, 0x4759554152415857, 5, 1, NULL, '0000-00-00 00:00:00', 0, '0000-00-00 00:00:00', 0),
(140, 10000057, 0x485347, 5, 4, NULL, '0000-00-00 00:00:00', 0, '0000-00-00 00:00:00', 0),
(141, 10000057, 0x4f43574d53454748544b, 13, 3, NULL, '0000-00-00 00:00:00', 0, '0000-00-00 00:00:00', 0),
(142, 10000057, 0x504858555242574d, NULL, 2, NULL, '0000-00-00 00:00:00', 0, '0000-00-00 00:00:00', 0),
(143, 10000058, 0x49454f5650434e, NULL, 3, NULL, '0000-00-00 00:00:00', 0, '0000-00-00 00:00:00', 0),
(144, 10000058, 0x4c52554e5a, NULL, 1, NULL, '0000-00-00 00:00:00', 0, '0000-00-00 00:00:00', 0),
(145, 10000058, 0x585454, 5, 4, NULL, '0000-00-00 00:00:00', 0, '0000-00-00 00:00:00', 0),
(146, 10000058, 0x424c5945, NULL, 6, NULL, '0000-00-00 00:00:00', 0, '0000-00-00 00:00:00', 0),
(147, 10000059, 0x41494b424451, 9, 1, NULL, '0000-00-00 00:00:00', 0, '0000-00-00 00:00:00', 0),
(148, 10000060, 0x5a4d535249545a, 2, 3, NULL, '0000-00-00 00:00:00', 0, '0000-00-00 00:00:00', 0),
(149, 10000060, 0x48435144, 10, 2, NULL, '0000-00-00 00:00:00', 0, '0000-00-00 00:00:00', 0),
(150, 10000060, 0x485852464d5753554c52, NULL, 1, NULL, '0000-00-00 00:00:00', 0, '0000-00-00 00:00:00', 0),
(151, 10000061, 0x4b584f, 10, 5, NULL, '0000-00-00 00:00:00', 0, '0000-00-00 00:00:00', 0),
(152, 10000061, 0x48544d4e52434f5351, 4, 4, NULL, '0000-00-00 00:00:00', 0, '0000-00-00 00:00:00', 0),
(153, 10000062, 0x4c4b53444550, 6, 6, NULL, '0000-00-00 00:00:00', 0, '0000-00-00 00:00:00', 0),
(154, 10000062, 0x5a494a4449494144, 8, 4, NULL, '0000-00-00 00:00:00', 0, '0000-00-00 00:00:00', 0),
(155, 10000062, 0x564c4d4c, 3, 2, NULL, '0000-00-00 00:00:00', 0, '0000-00-00 00:00:00', 0),
(156, 10000062, 0x4858574c56524a574a56, 5, 5, NULL, '0000-00-00 00:00:00', 0, '0000-00-00 00:00:00', 0),
(157, 10000062, 0x414e464942, 6, 1, NULL, '0000-00-00 00:00:00', 0, '0000-00-00 00:00:00', 0),
(158, 10000063, 0x534b57424241594c4846, 11, 5, NULL, '0000-00-00 00:00:00', 0, '0000-00-00 00:00:00', 0),
(159, 10000065, 0x41435151434750, 5, 4, NULL, '0000-00-00 00:00:00', 0, '0000-00-00 00:00:00', 0),
(160, 10000065, 0x485047494756515a, 6, 1, NULL, '0000-00-00 00:00:00', 0, '0000-00-00 00:00:00', 0),
(161, 10000065, 0x4757464f48415a53524f, 10, 5, NULL, '0000-00-00 00:00:00', 0, '0000-00-00 00:00:00', 0),
(162, 10000065, 0x4a484e594f4d4d50, NULL, 6, NULL, '0000-00-00 00:00:00', 0, '0000-00-00 00:00:00', 0),
(163, 10000065, 0x4e584742, NULL, 2, NULL, '0000-00-00 00:00:00', 0, '0000-00-00 00:00:00', 0),
(164, 10000066, 0x4158495343595a49, 3, 1, NULL, '0000-00-00 00:00:00', 0, '0000-00-00 00:00:00', 0),
(165, 10000066, 0x515052585a, 2, 3, NULL, '0000-00-00 00:00:00', 0, '0000-00-00 00:00:00', 0),
(166, 10000066, 0x51574941565856515644, 10, 6, NULL, '0000-00-00 00:00:00', 0, '0000-00-00 00:00:00', 0),
(167, 10000067, 0x54555742464a5159, 12, 5, NULL, '0000-00-00 00:00:00', 0, '0000-00-00 00:00:00', 0),
(168, 10000067, 0x4a41494e5049555a4d, 8, 3, NULL, '0000-00-00 00:00:00', 0, '0000-00-00 00:00:00', 0),
(169, 10000067, 0x564a564e4244564d, 1, 2, NULL, '0000-00-00 00:00:00', 0, '0000-00-00 00:00:00', 0),
(170, 10000067, 0x4b564754514c4f4c, NULL, 6, NULL, '0000-00-00 00:00:00', 0, '0000-00-00 00:00:00', 0),
(171, 10000068, 0x4c5a564b474d52, 10, 3, NULL, '0000-00-00 00:00:00', 0, '0000-00-00 00:00:00', 0),
(172, 10000068, 0x4b475a5a47, 10, 1, NULL, '0000-00-00 00:00:00', 0, '0000-00-00 00:00:00', 0),
(173, 10000068, 0x4b48444551, 7, 2, NULL, '0000-00-00 00:00:00', 0, '0000-00-00 00:00:00', 0),
(174, 10000068, 0x4759484b4c424e5542, 4, 5, NULL, '0000-00-00 00:00:00', 0, '0000-00-00 00:00:00', 0),
(175, 10000070, 0x5248434b434d4357, 6, 2, NULL, '0000-00-00 00:00:00', 0, '0000-00-00 00:00:00', 0),
(176, 10000072, 0x45495648444f5247, NULL, 6, NULL, '0000-00-00 00:00:00', 0, '0000-00-00 00:00:00', 0),
(177, 10000073, 0x51564d434b41544b, 13, 1, NULL, '0000-00-00 00:00:00', 0, '0000-00-00 00:00:00', 0),
(178, 10000073, 0x4e514553564b555a4344, NULL, 4, NULL, '0000-00-00 00:00:00', 0, '0000-00-00 00:00:00', 0),
(179, 10000073, 0x4250474d5249, 8, 5, NULL, '0000-00-00 00:00:00', 0, '0000-00-00 00:00:00', 0),
(180, 10000073, 0x51434d534f4e574e4a57, NULL, 3, NULL, '0000-00-00 00:00:00', 0, '0000-00-00 00:00:00', 0),
(181, 10000073, 0x4a4f464a4e, 4, 6, NULL, '0000-00-00 00:00:00', 0, '0000-00-00 00:00:00', 0),
(182, 10000075, 0x4a4c4c4356, 11, 5, NULL, '0000-00-00 00:00:00', 0, '0000-00-00 00:00:00', 0),
(183, 10000075, 0x5a554e4c52555844, 3, 3, NULL, '0000-00-00 00:00:00', 0, '0000-00-00 00:00:00', 0),
(184, 10000076, 0x45455546564a494b, 11, 1, NULL, '0000-00-00 00:00:00', 0, '0000-00-00 00:00:00', 0),
(185, 10000076, 0x4f52475a, 11, 5, NULL, '0000-00-00 00:00:00', 0, '0000-00-00 00:00:00', 0),
(186, 10000076, 0x43594a474d5646425a53, 9, 4, NULL, '0000-00-00 00:00:00', 0, '0000-00-00 00:00:00', 0),
(187, 10000076, 0x5856595a4a, 10, 2, NULL, '0000-00-00 00:00:00', 0, '0000-00-00 00:00:00', 0),
(188, 10000076, 0x595751, 13, 6, NULL, '0000-00-00 00:00:00', 0, '0000-00-00 00:00:00', 0),
(189, 10000076, 0x5144474159494c, 11, 3, NULL, '0000-00-00 00:00:00', 0, '0000-00-00 00:00:00', 0),
(190, 10000077, 0x575545, 1, 6, NULL, '0000-00-00 00:00:00', 0, '0000-00-00 00:00:00', 0),
(191, 10000077, 0x584b50475a, 3, 3, NULL, '0000-00-00 00:00:00', 0, '0000-00-00 00:00:00', 0),
(192, 10000078, 0x515342484e514642, 12, 2, NULL, '0000-00-00 00:00:00', 0, '0000-00-00 00:00:00', 0),
(193, 10000078, 0x50554157, 4, 5, NULL, '0000-00-00 00:00:00', 0, '0000-00-00 00:00:00', 0),
(194, 10000078, 0x4f5157425659, 3, 1, NULL, '0000-00-00 00:00:00', 0, '0000-00-00 00:00:00', 0),
(305, 10000085, 0x435755564b4144434949, 11, 6, NULL, '0000-00-00 00:00:00', 0, '0000-00-00 00:00:00', 0),
(306, 10000085, 0x504553, 4, 3, NULL, '0000-00-00 00:00:00', 0, '0000-00-00 00:00:00', 0),
(307, 10000085, 0x47484b4c, 11, 5, NULL, '0000-00-00 00:00:00', 0, '0000-00-00 00:00:00', 0),
(308, 10000085, 0x42555151, 11, 2, NULL, '0000-00-00 00:00:00', 0, '0000-00-00 00:00:00', 0),
(309, 10000085, 0x4253455452, 11, 4, NULL, '0000-00-00 00:00:00', 0, '0000-00-00 00:00:00', 0),
(310, 10000086, 0x465450, 7, 3, NULL, '0000-00-00 00:00:00', 0, '0000-00-00 00:00:00', 0),
(311, 10000086, 0x4e484353, 7, 6, NULL, '0000-00-00 00:00:00', 0, '0000-00-00 00:00:00', 0),
(312, 10000086, 0x504b4644545146, NULL, 1, NULL, '0000-00-00 00:00:00', 0, '0000-00-00 00:00:00', 0),
(313, 10000087, 0x44474c52545a574d45, 6, 6, NULL, '0000-00-00 00:00:00', 0, '0000-00-00 00:00:00', 0),
(314, 10000088, 0x4d5a4847475545, 12, 4, NULL, '0000-00-00 00:00:00', 0, '0000-00-00 00:00:00', 0),
(315, 10000088, 0x4c544f50565651, 5, 5, NULL, '0000-00-00 00:00:00', 0, '0000-00-00 00:00:00', 0),
(316, 10000090, 0x4350444146, 9, 5, NULL, '0000-00-00 00:00:00', 0, '0000-00-00 00:00:00', 0),
(317, 10000090, 0x4c474f51534254444a41, 12, 3, NULL, '0000-00-00 00:00:00', 0, '0000-00-00 00:00:00', 0),
(318, 10000091, 0x56555655, 1, 5, NULL, '0000-00-00 00:00:00', 0, '0000-00-00 00:00:00', 0),
(319, 10000091, 0x424d53445a565743494a, 8, 4, NULL, '0000-00-00 00:00:00', 0, '0000-00-00 00:00:00', 0),
(320, 10000091, 0x4c475a5652, NULL, 2, NULL, '0000-00-00 00:00:00', 0, '0000-00-00 00:00:00', 0),
(321, 10000092, 0x544b47464d485143, NULL, 1, NULL, '0000-00-00 00:00:00', 0, '0000-00-00 00:00:00', 0),
(322, 10000092, 0x515342424a42565a, 4, 6, NULL, '0000-00-00 00:00:00', 0, '0000-00-00 00:00:00', 0),
(323, 10000092, 0x4c4d424b5a504347524a, 7, 5, NULL, '0000-00-00 00:00:00', 0, '0000-00-00 00:00:00', 0),
(324, 10000092, 0x4f504644484c, 12, 2, NULL, '0000-00-00 00:00:00', 0, '0000-00-00 00:00:00', 0),
(325, 10000092, 0x4555595656, 9, 4, NULL, '0000-00-00 00:00:00', 0, '0000-00-00 00:00:00', 0),
(326, 10000092, 0x474846584a534f, NULL, 3, NULL, '0000-00-00 00:00:00', 0, '0000-00-00 00:00:00', 0),
(327, 10000093, 0x4a525a, NULL, 5, NULL, '0000-00-00 00:00:00', 0, '0000-00-00 00:00:00', 0),
(328, 10000094, 0x534648, 5, 1, NULL, '0000-00-00 00:00:00', 0, '0000-00-00 00:00:00', 0),
(329, 10000095, 0x444552514e544a4d54, 4, 1, NULL, '0000-00-00 00:00:00', 0, '0000-00-00 00:00:00', 0),
(330, 10000095, 0x4d5653474e4b46, NULL, 5, NULL, '0000-00-00 00:00:00', 0, '0000-00-00 00:00:00', 0),
(331, 10000095, 0x48444a505652444a4841, 10, 6, NULL, '0000-00-00 00:00:00', 0, '0000-00-00 00:00:00', 0),
(332, 10000096, 0x4b4d424743, 2, 2, NULL, '0000-00-00 00:00:00', 0, '0000-00-00 00:00:00', 0),
(333, 10000096, 0x474154, 9, 4, NULL, '0000-00-00 00:00:00', 0, '0000-00-00 00:00:00', 0),
(334, 10000096, 0x494148494e, 3, 1, NULL, '0000-00-00 00:00:00', 0, '0000-00-00 00:00:00', 0),
(335, 10000096, 0x59434f555448, 3, 6, NULL, '0000-00-00 00:00:00', 0, '0000-00-00 00:00:00', 0),
(336, 10000096, 0x5a47595054, 7, 3, NULL, '0000-00-00 00:00:00', 0, '0000-00-00 00:00:00', 0),
(337, 10000097, 0x5945494d544a4756414a, NULL, 5, NULL, '0000-00-00 00:00:00', 0, '0000-00-00 00:00:00', 0),
(338, 10000097, 0x504c50584b48465253, 8, 4, NULL, '0000-00-00 00:00:00', 0, '0000-00-00 00:00:00', 0),
(339, 10000097, 0x454a4f, 8, 1, NULL, '0000-00-00 00:00:00', 0, '0000-00-00 00:00:00', 0),
(340, 10000098, 0x494c424256485353, 3, 6, NULL, '0000-00-00 00:00:00', 0, '0000-00-00 00:00:00', 0),
(341, 10000098, 0x445257, 6, 2, NULL, '0000-00-00 00:00:00', 0, '0000-00-00 00:00:00', 0),
(342, 10000098, 0x4e4b57495459484b, 13, 4, NULL, '0000-00-00 00:00:00', 0, '0000-00-00 00:00:00', 0),
(343, 10000098, 0x4a55425851, NULL, 3, NULL, '0000-00-00 00:00:00', 0, '0000-00-00 00:00:00', 0),
(344, 10000098, 0x574c4f4759534c, 13, 1, NULL, '0000-00-00 00:00:00', 0, '0000-00-00 00:00:00', 0),
(345, 10000098, 0x56535a415741, NULL, 5, NULL, '0000-00-00 00:00:00', 0, '0000-00-00 00:00:00', 0),
(346, 10000099, 0x5651524447504d4a465a, 3, 4, NULL, '0000-00-00 00:00:00', 0, '0000-00-00 00:00:00', 0),
(347, 10000100, 0x4e4d4a5259594844, NULL, 5, NULL, '0000-00-00 00:00:00', 0, '0000-00-00 00:00:00', 0),
(348, 10000100, 0x485647554b, 6, 2, NULL, '0000-00-00 00:00:00', 0, '0000-00-00 00:00:00', 0),
(349, 10000100, 0x564149455341, NULL, 6, NULL, '0000-00-00 00:00:00', 0, '0000-00-00 00:00:00', 0),
(350, 10000100, 0x425a484b574f584c414d, 8, 4, NULL, '0000-00-00 00:00:00', 0, '0000-00-00 00:00:00', 0),
(351, 10000101, 0x51495341, NULL, 2, NULL, '0000-00-00 00:00:00', 0, '0000-00-00 00:00:00', 0),
(352, 10000101, 0x4d4c594243584857, 3, 3, NULL, '0000-00-00 00:00:00', 0, '0000-00-00 00:00:00', 0),
(353, 10000101, 0x4a4955534f424845, 11, 5, NULL, '0000-00-00 00:00:00', 0, '0000-00-00 00:00:00', 0),
(354, 10000101, 0x4a43504841525143, 11, 6, NULL, '0000-00-00 00:00:00', 0, '0000-00-00 00:00:00', 0),
(355, 10000103, 0x474a4f, NULL, 3, NULL, '0000-00-00 00:00:00', 0, '0000-00-00 00:00:00', 0),
(356, 10000103, 0x5a5547414645, NULL, 1, NULL, '0000-00-00 00:00:00', 0, '0000-00-00 00:00:00', 0),
(357, 10000103, 0x49464f4842545a485850, 8, 4, NULL, '0000-00-00 00:00:00', 0, '0000-00-00 00:00:00', 0),
(358, 10000104, 0x474d4d4645414c, 9, 6, NULL, '0000-00-00 00:00:00', 0, '0000-00-00 00:00:00', 0),
(359, 10000104, 0x4d43435353424b, 10, 5, NULL, '0000-00-00 00:00:00', 0, '0000-00-00 00:00:00', 0),
(360, 10000104, 0x47495852414e4a4d5159, 11, 3, NULL, '0000-00-00 00:00:00', 0, '0000-00-00 00:00:00', 0),
(361, 10000104, 0x544f545051484f5141, NULL, 2, NULL, '0000-00-00 00:00:00', 0, '0000-00-00 00:00:00', 0),
(362, 10000104, 0x544b55584e5248, 9, 1, NULL, '0000-00-00 00:00:00', 0, '0000-00-00 00:00:00', 0),
(363, 10000106, 0x464f41, NULL, 4, NULL, '0000-00-00 00:00:00', 0, '0000-00-00 00:00:00', 0),
(364, 10000107, 0x4342575744574c45, 12, 4, NULL, '0000-00-00 00:00:00', 0, '0000-00-00 00:00:00', 0),
(365, 10000109, 0x48554643475557525454, 12, 5, NULL, '0000-00-00 00:00:00', 0, '0000-00-00 00:00:00', 0),
(366, 10000109, 0x4c574c4646504a, 2, 4, NULL, '0000-00-00 00:00:00', 0, '0000-00-00 00:00:00', 0),
(367, 10000109, 0x4a51474154, 7, 1, NULL, '0000-00-00 00:00:00', 0, '0000-00-00 00:00:00', 0),
(368, 10000109, 0x5a425145, 6, 2, NULL, '0000-00-00 00:00:00', 0, '0000-00-00 00:00:00', 0),
(369, 10000110, 0x45574c4b58534844, NULL, 1, NULL, '0000-00-00 00:00:00', 0, '0000-00-00 00:00:00', 0),
(370, 10000110, 0x464942595559534f4b, 7, 5, NULL, '0000-00-00 00:00:00', 0, '0000-00-00 00:00:00', 0),
(371, 10000110, 0x414d4258564943525751, 10, 3, NULL, '0000-00-00 00:00:00', 0, '0000-00-00 00:00:00', 0),
(372, 10000112, 0x4c58564e424e485049, NULL, 3, NULL, '0000-00-00 00:00:00', 0, '0000-00-00 00:00:00', 0),
(373, 10000113, 0x5a51595949454b5651, NULL, 2, NULL, '0000-00-00 00:00:00', 0, '0000-00-00 00:00:00', 0),
(374, 10000113, 0x45505947474d4343, 12, 1, NULL, '0000-00-00 00:00:00', 0, '0000-00-00 00:00:00', 0),
(375, 10000113, 0x56474947, 8, 6, NULL, '0000-00-00 00:00:00', 0, '0000-00-00 00:00:00', 0),
(376, 10000114, 0x424b505250, 9, 4, NULL, '0000-00-00 00:00:00', 0, '0000-00-00 00:00:00', 0),
(377, 10000115, 0x555755484f4e4c575448, 8, 6, NULL, '0000-00-00 00:00:00', 0, '0000-00-00 00:00:00', 0),
(378, 10000115, 0x514d4f594e4747, 8, 1, NULL, '0000-00-00 00:00:00', 0, '0000-00-00 00:00:00', 0),
(379, 10000115, 0x42424842454448545a4c, 4, 5, NULL, '0000-00-00 00:00:00', 0, '0000-00-00 00:00:00', 0),
(380, 10000115, 0x53454556564c55, 11, 4, NULL, '0000-00-00 00:00:00', 0, '0000-00-00 00:00:00', 0),
(381, 10000116, 0x4a4a4251, 2, 5, NULL, '0000-00-00 00:00:00', 0, '0000-00-00 00:00:00', 0),
(382, 10000117, 0x51444b5a595556, 12, 1, NULL, '0000-00-00 00:00:00', 0, '0000-00-00 00:00:00', 0),
(383, 10000117, 0x4f45444751434c535a, 1, 2, NULL, '0000-00-00 00:00:00', 0, '0000-00-00 00:00:00', 0),
(384, 10000117, 0x465a554f4e445458, 6, 6, NULL, '0000-00-00 00:00:00', 0, '0000-00-00 00:00:00', 0),
(385, 10000117, 0x4e564c, 2, 4, NULL, '0000-00-00 00:00:00', 0, '0000-00-00 00:00:00', 0),
(386, 10000118, 0x565a564443, 7, 1, NULL, '0000-00-00 00:00:00', 0, '0000-00-00 00:00:00', 0),
(387, 10000118, 0x5557424d, 6, 2, NULL, '0000-00-00 00:00:00', 0, '0000-00-00 00:00:00', 0),
(388, 10000118, 0x594c5249515a425556, 10, 6, NULL, '0000-00-00 00:00:00', 0, '0000-00-00 00:00:00', 0),
(389, 10000118, 0x5251534a50465a, 2, 4, NULL, '0000-00-00 00:00:00', 0, '0000-00-00 00:00:00', 0),
(390, 10000118, 0x5846484f4555525056, 12, 3, NULL, '0000-00-00 00:00:00', 0, '0000-00-00 00:00:00', 0),
(391, 10000119, 0x514d4c52, 13, 4, NULL, '0000-00-00 00:00:00', 0, '0000-00-00 00:00:00', 0),
(392, 10000119, 0x445a4a4a585a, NULL, 3, NULL, '0000-00-00 00:00:00', 0, '0000-00-00 00:00:00', 0),
(393, 10000119, 0x515a504d464a51434c56, 3, 1, NULL, '0000-00-00 00:00:00', 0, '0000-00-00 00:00:00', 0),
(394, 10000119, 0x53574c, 10, 5, NULL, '0000-00-00 00:00:00', 0, '0000-00-00 00:00:00', 0),
(395, 10000120, 0x5955555a4d4d505344, 9, 5, NULL, '0000-00-00 00:00:00', 0, '0000-00-00 00:00:00', 0),
(396, 10000120, 0x46535346, 10, 3, NULL, '0000-00-00 00:00:00', 0, '0000-00-00 00:00:00', 0),
(397, 10000120, 0x4c45485244, 11, 2, NULL, '0000-00-00 00:00:00', 0, '0000-00-00 00:00:00', 0),
(398, 10000121, 0x415146434b4d4e465453, 2, 2, NULL, '0000-00-00 00:00:00', 0, '0000-00-00 00:00:00', 0),
(399, 10000121, 0x58484c535552574b, 5, 5, NULL, '0000-00-00 00:00:00', 0, '0000-00-00 00:00:00', 0),
(400, 10000121, 0x565543, 4, 6, NULL, '0000-00-00 00:00:00', 0, '0000-00-00 00:00:00', 0),
(401, 10000121, 0x4f424d, 2, 3, NULL, '0000-00-00 00:00:00', 0, '0000-00-00 00:00:00', 0),
(402, 10000122, 0x454e48424b, 13, 4, NULL, '0000-00-00 00:00:00', 0, '0000-00-00 00:00:00', 0),
(403, 10000122, 0x5a5244584a544547, 12, 2, NULL, '0000-00-00 00:00:00', 0, '0000-00-00 00:00:00', 0),
(404, 10000124, 0x43434759414c474442, 10, 3, NULL, '0000-00-00 00:00:00', 0, '0000-00-00 00:00:00', 0),
(405, 10000124, 0x554c43, 11, 4, NULL, '0000-00-00 00:00:00', 0, '0000-00-00 00:00:00', 0),
(406, 10000124, 0x4350554158464648, 13, 6, NULL, '0000-00-00 00:00:00', 0, '0000-00-00 00:00:00', 0),
(407, 10000124, 0x4f464c414d, 12, 5, NULL, '0000-00-00 00:00:00', 0, '0000-00-00 00:00:00', 0),
(408, 10000124, 0x49484b, 3, 1, NULL, '0000-00-00 00:00:00', 0, '0000-00-00 00:00:00', 0),
(409, 10000125, 0x515359415154, 11, 6, NULL, '0000-00-00 00:00:00', 0, '0000-00-00 00:00:00', 0),
(410, 10000125, 0x424c4147415349, 12, 5, NULL, '0000-00-00 00:00:00', 0, '0000-00-00 00:00:00', 0),
(411, 10000125, 0x4a4e574458445a46484e, 1, 1, NULL, '0000-00-00 00:00:00', 0, '0000-00-00 00:00:00', 0),
(412, 10000125, 0x4e41515941, 4, 4, NULL, '0000-00-00 00:00:00', 0, '0000-00-00 00:00:00', 0),
(413, 10000125, 0x594e45524647, 11, 2, NULL, '0000-00-00 00:00:00', 0, '0000-00-00 00:00:00', 0),
(414, 10000125, 0x484853, 11, 3, NULL, '0000-00-00 00:00:00', 0, '0000-00-00 00:00:00', 0),
(415, 10000126, 0x485943465a45515042, 2, 2, NULL, '0000-00-00 00:00:00', 0, '0000-00-00 00:00:00', 0),
(416, 10000126, 0x584747434846474459, 1, 5, NULL, '0000-00-00 00:00:00', 0, '0000-00-00 00:00:00', 0),
(417, 10000126, 0x44544f4b554e59495141, 5, 4, NULL, '0000-00-00 00:00:00', 0, '0000-00-00 00:00:00', 0),
(418, 10000128, 0x58575a45, NULL, 5, NULL, '0000-00-00 00:00:00', 0, '0000-00-00 00:00:00', 0),
(419, 10000128, 0x5853524958, 2, 4, NULL, '0000-00-00 00:00:00', 0, '0000-00-00 00:00:00', 0),
(420, 10000128, 0x564b55564d54474c54, 7, 1, NULL, '0000-00-00 00:00:00', 0, '0000-00-00 00:00:00', 0),
(421, 10000128, 0x46475648435141, 10, 6, NULL, '0000-00-00 00:00:00', 0, '0000-00-00 00:00:00', 0),
(422, 10000128, 0x575049, 7, 2, NULL, '0000-00-00 00:00:00', 0, '0000-00-00 00:00:00', 0),
(423, 10000128, 0x544546, 4, 3, NULL, '0000-00-00 00:00:00', 0, '0000-00-00 00:00:00', 0),
(424, 10000129, 0x4b5a4c5347584a424c, 9, 1, NULL, '0000-00-00 00:00:00', 0, '0000-00-00 00:00:00', 0),
(425, 10000129, 0x534358, 7, 2, NULL, '0000-00-00 00:00:00', 0, '0000-00-00 00:00:00', 0),
(426, 10000130, 0x544d594d, NULL, 5, NULL, '0000-00-00 00:00:00', 0, '0000-00-00 00:00:00', 0),
(427, 10000131, 0x49464351494f45, 11, 2, NULL, '0000-00-00 00:00:00', 0, '0000-00-00 00:00:00', 0),
(428, 10000131, 0x57515248505a54, NULL, 6, NULL, '0000-00-00 00:00:00', 0, '0000-00-00 00:00:00', 0),
(429, 10000131, 0x41574d584b, 3, 1, NULL, '0000-00-00 00:00:00', 0, '0000-00-00 00:00:00', 0),
(430, 10000131, 0x4b45545358564757, 13, 3, NULL, '0000-00-00 00:00:00', 0, '0000-00-00 00:00:00', 0),
(431, 10000132, 0x454e5244535657434748, 12, 4, NULL, '0000-00-00 00:00:00', 0, '0000-00-00 00:00:00', 0),
(432, 10000132, 0x4d585241524646, 2, 1, NULL, '0000-00-00 00:00:00', 0, '0000-00-00 00:00:00', 0),
(433, 10000132, 0x504a44434e, 8, 6, NULL, '0000-00-00 00:00:00', 0, '0000-00-00 00:00:00', 0),
(434, 10000133, 0x5943424f524e5a4a4d4e, 7, 1, NULL, '0000-00-00 00:00:00', 0, '0000-00-00 00:00:00', 0),
(435, 10000133, 0x574f5656564a55464544, 5, 3, NULL, '0000-00-00 00:00:00', 0, '0000-00-00 00:00:00', 0),
(436, 10000133, 0x4c454656534e4355, 12, 6, NULL, '0000-00-00 00:00:00', 0, '0000-00-00 00:00:00', 0),
(437, 10000133, 0x4a434d425048, 10, 5, NULL, '0000-00-00 00:00:00', 0, '0000-00-00 00:00:00', 0),
(438, 10000133, 0x514b484f, 11, 4, NULL, '0000-00-00 00:00:00', 0, '0000-00-00 00:00:00', 0),
(439, 10000134, 0x484a4b4245584f444d54, 11, 2, NULL, '0000-00-00 00:00:00', 0, '0000-00-00 00:00:00', 0),
(440, 10000134, 0x51484d59515247, 2, 5, NULL, '0000-00-00 00:00:00', 0, '0000-00-00 00:00:00', 0),
(441, 10000135, 0x51585a, 5, 5, NULL, '0000-00-00 00:00:00', 0, '0000-00-00 00:00:00', 0),
(442, 10000136, 0x5643464f4c424d, 3, 6, NULL, '0000-00-00 00:00:00', 0, '0000-00-00 00:00:00', 0),
(443, 10000136, 0x51574e59, 8, 1, NULL, '0000-00-00 00:00:00', 0, '0000-00-00 00:00:00', 0),
(444, 10000136, 0x515354475a5a504753, 1, 3, NULL, '0000-00-00 00:00:00', 0, '0000-00-00 00:00:00', 0),
(445, 10000136, 0x5359544e475054, 2, 5, NULL, '0000-00-00 00:00:00', 0, '0000-00-00 00:00:00', 0),
(446, 10000136, 0x4e4a4654, 1, 2, NULL, '0000-00-00 00:00:00', 0, '0000-00-00 00:00:00', 0),
(447, 10000137, 0x564152, 2, 1, NULL, '0000-00-00 00:00:00', 0, '0000-00-00 00:00:00', 0),
(448, 10000137, 0x454f42585642525a47, 1, 4, NULL, '0000-00-00 00:00:00', 0, '0000-00-00 00:00:00', 0),
(449, 10000137, 0x464f564e55595544, NULL, 5, NULL, '0000-00-00 00:00:00', 0, '0000-00-00 00:00:00', 0),
(450, 10000137, 0x5747524a48464d4645, NULL, 3, NULL, '0000-00-00 00:00:00', 0, '0000-00-00 00:00:00', 0),
(451, 10000137, 0x42424e534949505a5a4f, 2, 6, NULL, '0000-00-00 00:00:00', 0, '0000-00-00 00:00:00', 0),
(452, 10000138, 0x474254594d414e4950, 13, 5, NULL, '0000-00-00 00:00:00', 0, '0000-00-00 00:00:00', 0),
(453, 10000138, 0x594344425a4c5350, 6, 4, NULL, '0000-00-00 00:00:00', 0, '0000-00-00 00:00:00', 0),
(454, 10000139, 0x425758534d5449434644, 6, 3, NULL, '0000-00-00 00:00:00', 0, '0000-00-00 00:00:00', 0),
(455, 10000139, 0x575a5648515554444b, 13, 4, NULL, '0000-00-00 00:00:00', 0, '0000-00-00 00:00:00', 0),
(456, 10000139, 0x584454555347594b44, 8, 5, NULL, '0000-00-00 00:00:00', 0, '0000-00-00 00:00:00', 0),
(457, 10000140, 0x5441535854495a46, 7, 6, NULL, '0000-00-00 00:00:00', 0, '0000-00-00 00:00:00', 0),
(458, 10000140, 0x4155454156, 8, 3, NULL, '0000-00-00 00:00:00', 0, '0000-00-00 00:00:00', 0),
(459, 10000140, 0x535442, 10, 1, NULL, '0000-00-00 00:00:00', 0, '0000-00-00 00:00:00', 0),
(460, 10000141, 0x45564551515755, 8, 5, NULL, '0000-00-00 00:00:00', 0, '0000-00-00 00:00:00', 0),
(461, 102, 0x74657374206e616d65, 2, 1, '', '2012-03-25 21:40:45', 102, '2012-03-25 21:40:45', 102),
(462, 102, '', 12, 3, '', '2012-03-25 21:40:45', 102, '2012-03-25 21:40:45', 102);

-- --------------------------------------------------------

--
-- Table structure for table `tbl_university_name`
--

CREATE TABLE IF NOT EXISTS `tbl_university_name` (
  `id` smallint(10) unsigned NOT NULL,
  `name` varchar(100) DEFAULT NULL,
  `state` char(2) DEFAULT NULL,
  PRIMARY KEY (`id`)
) ENGINE=InnoDB DEFAULT CHARSET=latin1;

--
-- Dumping data for table `tbl_university_name`
--

INSERT INTO `tbl_university_name` (`id`, `name`, `state`) VALUES
(1, 'Abilene Christian University (TX)', 'TX'),
(2, 'Abraham Baldwin Agricultural College (GA)', 'GA'),
(3, 'Academy College (MN)', 'MN'),
(4, 'Academy of Art University (CA)', 'CA'),
(5, 'Acupuncture and Massage College (FL)', 'FL'),
(6, 'Adams State College (CO)', 'CO'),
(7, 'Adelphi University (NY)', 'NY'),
(8, 'Adrian College (MI)', 'MI'),
(9, 'Agnes Scott College (GA)', 'GA'),
(10, 'AI Miami International University of Art and Design (FL)', 'FL'),
(11, 'AIB College of Business (IA)', 'IA'),
(12, 'Alabama A & M University (AL)', 'AL'),
(13, 'Alabama State University (AL)', 'AL'),
(14, 'Alaska Pacific University (AK)', 'AK'),
(15, 'Albany College of Pharmacy and Health Sciences (NY)', 'NY'),
(16, 'Albany State University (GA)', 'GA'),
(17, 'Albertus Magnus College (CT)', 'CT'),
(18, 'Albion College (MI)', 'MI'),
(19, 'Albright College (PA)', 'PA'),
(20, 'Alcorn State University (MI)', 'MI'),
(21, 'Alderson Broaddus College (WV)', 'WV'),
(22, 'Alfred University (NY)', 'NY'),
(23, 'Alice Lloyd College (KY)', 'KY'),
(24, 'Allegheny College (PA)', 'PA'),
(25, 'Allegheny Wesleyan College (OH)', 'OH'),
(26, 'Allen College (IA)', 'IA'),
(27, 'Allen University (SC)', 'SC'),
(28, 'Alliant International University (CA)', 'CA'),
(29, 'Alma College (MI)', 'MI'),
(30, 'Alvernia University (PA)', 'PA'),
(31, 'Alverno College (WI)', 'WI'),
(32, 'Amberton University (TX)', 'TX'),
(33, 'American Academy of Art (IL)', 'IL'),
(34, 'American Baptist College (TN)', 'TN'),
(35, 'American Indian College of the Assemblies of God Inc (AZ)', 'AZ'),
(36, 'American InterContinental University (GA)', 'GA'),
(37, 'American InterContinental University-Online (IL)', 'IL'),
(38, 'American International College (MA)', 'MA'),
(39, 'American Jewish University (CA)', 'CA'),
(40, 'American Musical and Dramatic Academy (NY)', 'NY'),
(41, 'American Public University System (WV)', 'WV'),
(42, 'American University (DC)', 'DC'),
(43, 'American University of Health Sciences (CA)', 'CA'),
(44, 'American University of Puerto Rico (PR)', 'PR'),
(45, 'Amherst College (MA)', 'MA'),
(46, 'Amridge University (AL)', 'AL'),
(47, 'Anderson University (SC)', 'SC'),
(48, 'Andrews University (MI)', 'MI'),
(49, 'Angelo State University (TX)', 'TX'),
(50, 'Angley College (FL)', 'FL'),
(51, 'Anna Maria College (MA)', 'MA'),
(52, 'Anthem College-Phoenix (AZ)', 'AZ'),
(53, 'Antioch University Los Angeles (CA)', 'CA'),
(54, 'Antioch University McGregor (OH)', 'OH'),
(55, 'Antioch University Seattle (WA)', 'WA'),
(56, 'Antioch University-Santa Barbara (CA)', 'CA'),
(57, 'Apex School of Theology (NC)', 'NC'),
(58, 'Apollo College-Phoenix Inc (AZ)', 'AZ'),
(59, 'Apostolic Bible Institute Inc (MN)', 'MN'),
(60, 'Appalachian Bible College (WV)', 'WV'),
(61, 'Appalachian State University (NC)', 'NC'),
(62, 'Aquinas College (MI)', 'MI'),
(63, 'Aquinas College (TN)', 'TN'),
(64, 'Arcadia University (PA)', 'PA'),
(65, 'Argosy University-Atlanta (GA)', 'GA'),
(66, 'Argosy University-Chicago (IL)', 'IL'),
(67, 'Argosy University-Dallas (TX)', 'TX'),
(68, 'Argosy University-Denver (CO)', 'CO'),
(69, 'Argosy University-Hawaii (HI)', 'HI'),
(70, 'Argosy University-Inland Empire (CA)', 'CA'),
(71, 'Argosy University-Los Angeles (CA)', 'CA'),
(72, 'Argosy University-Nashville (TN)', 'TN'),
(73, 'Argosy University-Orange County (CA)', 'CA'),
(74, 'Argosy University-Phoenix (AZ)', 'AZ'),
(75, 'Argosy University-Phoenix Online Division (AZ)', 'AZ'),
(76, 'Argosy University-Salt Lake City (UT)', 'UT'),
(77, 'Argosy University-San Diego (CA)', 'CA'),
(78, 'Argosy University-San Francisco Bay Area (CA)', 'CA'),
(79, 'Argosy University-Sarasota (FL)', 'FL'),
(80, 'Argosy University-Schaumburg (IL)', 'IL'),
(81, 'Argosy University-Seattle (WA)', 'WA'),
(82, 'Argosy University-Tampa (FL)', 'FL'),
(83, 'Argosy University-Twin Cities (MN)', 'MN'),
(84, 'Argosy University-Washington D.C. (VA)', 'VA'),
(85, 'Arizona State University (AZ)', 'AZ'),
(86, 'Arkansas Baptist College (AR)', 'AR'),
(87, 'Arkansas State University-Main Campus (AR)', 'AR'),
(88, 'Arkansas Tech University (AR)', 'AR'),
(89, 'Arlington Baptist College (TX)', 'TX'),
(90, 'Armstrong Atlantic State University (GA)', 'GA'),
(91, 'Art Academy of Cincinnati (OH)', 'OH'),
(92, 'Art Center College of Design (CA)', 'CA'),
(93, 'Asbury College (KY)', 'KY'),
(94, 'Ashford University (IA)', 'IA'),
(95, 'Ashland University (OH)', 'OH'),
(96, 'Aspen University (CO)', 'CO'),
(97, 'Assumption College (MA)', 'MA'),
(98, 'Atenas College (PR)', 'PR'),
(99, 'Athens State University (AL)', 'AL'),
(100, 'Atlanta Christian College (GA)', 'GA'),
(101, 'Atlantic College (PR)', 'PR'),
(102, 'Atlantic Institute of Oriental Medicine (FL)', 'FL'),
(103, 'Atlantic Union College (MA)', 'MA'),
(104, 'Auburn University at Montgomery (AL)', 'AL'),
(105, 'Auburn University Main Campus (AL)', 'AL'),
(106, 'Augsburg College (MN)', 'MN'),
(107, 'Augusta State University (GA)', 'GA'),
(108, 'Augustana College (SD)', 'SD'),
(109, 'Aurora University (IL)', 'IL'),
(110, 'Austin College (TX)', 'TX'),
(111, 'Austin Graduate School of Theology (TX)', 'TX'),
(112, 'Austin Peay State University (TN)', 'TN'),
(113, 'Ave Maria University (FL)', 'FL'),
(114, 'Averett University (VA)', 'VA'),
(115, 'Averett University-Non-Traditional Programs (VA)', 'VA'),
(116, 'Avila University (MO)', 'MO'),
(117, 'Azusa Pacific University (CA)', 'CA'),
(118, 'Babson College (MA)', 'MA'),
(119, 'Bacone College (OK)', 'OK'),
(120, 'Bais Binyomin Academy (CT)', 'CT'),
(121, 'Bais Medrash Elyon (NY)', 'NY'),
(122, 'Bais Medrash Toras Chesed (NJ)', 'NJ'),
(123, 'Baker College Center for Graduate Studies (MI)', 'MI'),
(124, 'Baker College Corporate Services (MI)', 'MI'),
(125, 'Baker College of Allen Park (MI)', 'MI'),
(126, 'Baker College of Auburn Hills (MI)', 'MI'),
(127, 'Baker College of Cadillac (MI)', 'MI'),
(128, 'Baker College of Clinton Township (MI)', 'MI'),
(129, 'Baker College of Flint (MI)', 'MI'),
(130, 'Baker College of Jackson (MI)', 'MI'),
(131, 'Baker College of Muskegon (MI)', 'MI'),
(132, 'Baker College of Owosso (MI)', 'MI'),
(133, 'Baker College of Port Huron (MI)', 'MI'),
(134, 'Baker University (KS)', 'KS'),
(135, 'Baldwin-Wallace College (OH)', 'OH'),
(136, 'Ball State University (IN)', 'IN'),
(137, 'Baltimore International College (MD)', 'MD'),
(138, 'Baptist Bible College and Graduate School (MO)', 'MO'),
(139, 'Baptist Bible College and Seminary (PA)', 'PA'),
(140, 'Baptist Memorial College of Health Sciences (TN)', 'TN'),
(141, 'Baptist Missionary Association Theological Seminary (TX)', 'TX'),
(142, 'Baptist University of the Americas (TX)', 'TX'),
(143, 'Barclay College (KS)', 'KS'),
(144, 'Bard College (NY)', 'NY'),
(145, 'Bard College at Simon''s Rock (MA)', 'MA'),
(146, 'Barnard College (NY)', 'NY'),
(147, 'Barnes-Jewish College Goldfarb School of Nursing (MO)', 'MO'),
(148, 'Barry University (FL)', 'FL'),
(149, 'Barton College (NC)', 'NC'),
(150, 'Bastyr University (WA)', 'WA'),
(151, 'Bates College (ME)', 'ME'),
(152, 'Bauder College (GA)', 'GA'),
(153, 'Bay Path College (MA)', 'MA'),
(154, 'Bay State College (MA)', 'MA'),
(155, 'Bayamon Central University (PR)', 'PR'),
(156, 'Baylor University (TX)', 'TX'),
(157, 'Beacon College (FL)', 'FL'),
(158, 'Beacon University (GA)', 'GA'),
(159, 'Becker College (MA)', 'MA'),
(160, 'Beckfield College (KY)', 'KY'),
(161, 'Beis Medrash Heichal Dovid (NY)', 'NY'),
(162, 'Belhaven University (MI)', 'MI'),
(163, 'Bellarmine University (KY)', 'KY'),
(164, 'Bellevue College (WA)', 'WA'),
(165, 'Bellevue University (NE)', 'NE'),
(166, 'Bellin College (WI)', 'WI'),
(167, 'Belmont Abbey College (NC)', 'NC'),
(168, 'Belmont University (TN)', 'TN'),
(169, 'Beloit College (WI)', 'WI'),
(170, 'Bemidji State University (MN)', 'MN'),
(171, 'Benedict College (SC)', 'SC'),
(172, 'Benedictine College (KS)', 'KS'),
(173, 'Benedictine University (IL)', 'IL'),
(174, 'Benjamin Franklin Institute of Technology (MA)', 'MA'),
(175, 'Bennett College for Women (NC)', 'NC'),
(176, 'Bennington College (VT)', 'VT'),
(177, 'Bentley University (MA)', 'MA'),
(178, 'Berea College (KY)', 'KY'),
(179, 'Berkeley College (NY)', 'NY'),
(180, 'Berklee College of Music (MA)', 'MA'),
(181, 'Berry College (GA)', 'GA'),
(182, 'Beth Hamedrash Shaarei Yosher Institute (NY)', 'NY'),
(183, 'Beth Hatalmud Rabbinical College (NY)', 'NY'),
(184, 'Beth Medrash Govoha (NJ)', 'NJ'),
(185, 'Bethany College (WV)', 'WV'),
(186, 'Bethany Lutheran College (MN)', 'MN'),
(187, 'Bethany University (CA)', 'CA'),
(188, 'Bethel College (IN)', 'IN'),
(189, 'Bethel University (TN)', 'TN'),
(190, 'Bethesda Christian University (CA)', 'CA'),
(191, 'Bethune-Cookman University (FL)', 'FL'),
(192, 'Beulah Heights University (GA)', 'GA'),
(193, 'Biola University (CA)', 'CA'),
(194, 'Birmingham Southern College (AL)', 'AL'),
(195, 'Birthingway College of Midwifery (OR)', 'OR'),
(196, 'Bismarck State College (ND)', 'ND'),
(197, 'Black Hills State University (SD)', 'SD'),
(198, 'Blackburn College (IL)', 'IL'),
(199, 'Blessing Rieman College of Nursing (IL)', 'IL'),
(200, 'Bloomfield College (NJ)', 'NJ'),
(201, 'Bloomsburg University of Pennsylvania (PA)', 'PA'),
(202, 'Blue Mountain College (MI)', 'MI'),
(203, 'Bluefield College (VA)', 'VA'),
(204, 'Bluefield State College (WV)', 'WV'),
(205, 'Bluffton University (OH)', 'OH'),
(206, 'Bob Jones University (SC)', 'SC'),
(207, 'Boise Bible College (ID)', 'ID'),
(208, 'Boise State University (ID)', 'ID'),
(209, 'Boricua College (NY)', 'NY'),
(210, 'Boston Architectural College (MA)', 'MA'),
(211, 'Boston Baptist College (MA)', 'MA'),
(212, 'Boston College (MA)', 'MA'),
(213, 'Boston University (MA)', 'MA'),
(214, 'Bowdoin College (ME)', 'ME'),
(215, 'Bowie State University (MD)', 'MD'),
(216, 'Bowling Green State University-Main Campus (OH)', 'OH'),
(217, 'Bradley University (IL)', 'IL'),
(218, 'Brandeis University (MA)', 'MA'),
(219, 'Brandman University- Part of the Chapman University System (CA)', 'CA'),
(220, 'Brazosport College (TX)', 'TX'),
(221, 'Brenau University (GA)', 'GA'),
(222, 'Brescia University (KY)', 'KY'),
(223, 'Brevard College (NC)', 'NC'),
(224, 'Brewton-Parker College (GA)', 'GA'),
(225, 'Briar Cliff University (IA)', 'IA'),
(226, 'Briarcliffe College (NY)', 'NY'),
(227, 'Briarwood College (CT)', 'CT'),
(228, 'Bridgewater College (VA)', 'VA'),
(229, 'Bridgewater State College (MA)', 'MA'),
(230, 'Brigham Young University (UT)', 'UT'),
(231, 'Brigham Young University-Hawaii (HI)', 'HI'),
(232, 'Brigham Young University-Idaho (ID)', 'ID'),
(233, 'Brookline College (AZ)', 'AZ'),
(234, 'Brooks Institute (CA)', 'CA'),
(235, 'Broward College (FL)', 'FL'),
(236, 'Brown College (MN)', 'MN'),
(237, 'Brown Mackie College-Boise (ID)', 'ID'),
(238, 'Brown Mackie College-Fort Wayne (IN)', 'IN'),
(239, 'Brown Mackie College-Indianapolis (IN)', 'IN'),
(240, 'Brown Mackie College-Louisville (KY)', 'KY'),
(241, 'Brown Mackie College-Merrillville (IN)', 'IN'),
(242, 'Brown Mackie College-Miami (FL)', 'FL'),
(243, 'Brown Mackie College-Michigan City (IN)', 'IN'),
(244, 'Brown Mackie College-Phoenix (AZ)', 'AZ'),
(245, 'Brown Mackie College-South Bend (IN)', 'IN'),
(246, 'Brown Mackie College-Tucson (AZ)', 'AZ'),
(247, 'Brown Mackie College-Tulsa (OK)', 'OK'),
(248, 'Brown University (RI)', 'RI'),
(249, 'Bryan College (TN)', 'TN'),
(250, 'BryanLGH College of Health Sciences (NE)', 'NE'),
(251, 'Bryant and Stratton College-Amherst Campus (NY)', 'NY'),
(252, 'Bryant and Stratton College-Buffalo Campus (NY)', 'NY'),
(253, 'Bryant and Stratton College-Cleveland (OH)', 'OH'),
(254, 'Bryant and Stratton College-Eastlake Campus (OH)', 'OH'),
(255, 'Bryant and Stratton College-Milwaukee (WI)', 'WI'),
(256, 'Bryant and Stratton College-Parma (OH)', 'OH'),
(257, 'Bryant and Stratton College-Richmond (VA)', 'VA'),
(258, 'Bryant and Stratton College-Southtowns Campus (NY)', 'NY'),
(259, 'Bryant and Stratton College-Virginia Beach (VA)', 'VA'),
(260, 'Bryant and Stratton College-Wauwatosa (WI)', 'WI'),
(261, 'Bryant University (RI)', 'RI'),
(262, 'Bryn Athyn College of the New Church (PA)', 'PA'),
(263, 'Bryn Mawr College (PA)', 'PA'),
(264, 'Bucknell University (PA)', 'PA'),
(265, 'Buena Vista University (IA)', 'IA'),
(266, 'Burlington College (VT)', 'VT'),
(267, 'Butler University (IN)', 'IN'),
(268, 'Cabarrus College of Health Sciences (NC)', 'NC'),
(269, 'Cabrini College (PA)', 'PA'),
(270, 'Caldwell College (NJ)', 'NJ'),
(271, 'California Baptist University (CA)', 'CA'),
(272, 'California Christian College (CA)', 'CA'),
(273, 'California College of the Arts (CA)', 'CA'),
(274, 'California College-San Diego (CA)', 'CA'),
(275, 'California Institute of Integral Studies (CA)', 'CA'),
(276, 'California Institute of Technology (CA)', 'CA'),
(277, 'California Institute of the Arts (CA)', 'CA'),
(278, 'California Lutheran University (CA)', 'CA'),
(279, 'California Maritime Academy (CA)', 'CA'),
(280, 'California Polytechnic State University-San Luis Obispo (CA)', 'CA'),
(281, 'California State Polytechnic University-Pomona (CA)', 'CA'),
(282, 'California State University-Bakersfield (CA)', 'CA'),
(283, 'California State University-Channel Islands (CA)', 'CA'),
(284, 'California State University-Chico (CA)', 'CA'),
(285, 'California State University-Dominguez Hills (CA)', 'CA'),
(286, 'California State University-East Bay (CA)', 'CA'),
(287, 'California State University-Fresno (CA)', 'CA'),
(288, 'California State University-Fullerton (CA)', 'CA'),
(289, 'California State University-Long Beach (CA)', 'CA'),
(290, 'California State University-Los Angeles (CA)', 'CA'),
(291, 'California State University-Monterey Bay (CA)', 'CA'),
(292, 'California State University-Northridge (CA)', 'CA'),
(293, 'California State University-Sacramento (CA)', 'CA'),
(294, 'California State University-San Bernardino (CA)', 'CA'),
(295, 'California State University-San Marcos (CA)', 'CA'),
(296, 'California State University-Stanislaus (CA)', 'CA'),
(297, 'California University of Pennsylvania (PA)', 'PA'),
(298, 'Calumet College of Saint Joseph (IN)', 'IN'),
(299, 'Calvary Bible College and Theological Seminary (MO)', 'MO'),
(300, 'Calvin College (MI)', 'MI'),
(301, 'Cambridge College (MA)', 'MA'),
(302, 'Cameron University (OK)', 'OK'),
(303, 'Campbell University Inc (NC)', 'NC'),
(304, 'Campbellsville University (KY)', 'KY'),
(305, 'Canisius College (NY)', 'NY'),
(306, 'Capella University (MN)', 'MN'),
(307, 'Capital University (OH)', 'OH'),
(308, 'Capitol College (MD)', 'MD'),
(309, 'Cardinal Stritch University (WI)', 'WI'),
(310, 'Careers Unlimited (UT)', 'UT'),
(311, 'Caribbean University-Bayamon (PR)', 'PR'),
(312, 'Caribbean University-Carolina (PR)', 'PR'),
(313, 'Caribbean University-Ponce (PR)', 'PR'),
(314, 'Caribbean University-Vega Baja (PR)', 'PR'),
(315, 'Carleton College (MN)', 'MN'),
(316, 'Carlos Albizu University (PR)', 'PR'),
(317, 'Carlos Albizu University-Miami Campus (FL)', 'FL'),
(318, 'Carlow University (PA)', 'PA'),
(319, 'Carnegie Mellon University (PA)', 'PA'),
(320, 'Carolina Christian College (NC)', 'NC'),
(321, 'Carroll College (MT)', 'MT'),
(322, 'Carroll University (WI)', 'WI'),
(323, 'Carson-Newman College (TN)', 'TN'),
(324, 'Carthage College (WI)', 'WI'),
(325, 'Case Western Reserve University (OH)', 'OH'),
(326, 'Castleton State College (VT)', 'VT'),
(327, 'Catawba College (NC)', 'NC'),
(328, 'Cathedral Bible College (SC)', 'SC'),
(329, 'Catholic University of America (DC)', 'DC'),
(330, 'Cazenovia College (NY)', 'NY'),
(331, 'Cedar Crest College (PA)', 'PA'),
(332, 'Cedarville University (OH)', 'OH'),
(333, 'Centenary College (NJ)', 'NJ'),
(334, 'Centenary College of Louisiana (LA)', 'LA'),
(335, 'Center for Advanced Legal Studies (TX)', 'TX'),
(336, 'Central Baptist College (AR)', 'AR'),
(337, 'Central Bible College (MO)', 'MO'),
(338, 'Central Christian College of Kansas (KS)', 'KS'),
(339, 'Central Christian College of the Bible (MO)', 'MO'),
(340, 'Central College (IA)', 'IA'),
(341, 'Central Connecticut State University (CT)', 'CT'),
(342, 'Central Methodist University-College of Graduate & Extended Studies (MO)', 'MO'),
(343, 'Central Methodist University-College of Liberal Arts & Sciences (MO)', 'MO'),
(344, 'Central Michigan University (MI)', 'MI'),
(345, 'Central Pennsylvania College (PA)', 'PA'),
(346, 'Central State University (OH)', 'OH'),
(347, 'Central Washington University (WA)', 'WA'),
(348, 'Central Yeshiva Tomchei Tmimim Lubavitz (NY)', 'NY'),
(349, 'Centre College (KY)', 'KY'),
(350, 'Centura College (VA)', 'VA'),
(351, 'Chadron State College (NE)', 'NE'),
(352, 'Chamberlain College of NursingAddison Campus (IL)', 'IL'),
(353, 'Chamberlain College of NursingColumbus Campus (OH)', 'OH'),
(354, 'Chamberlain College of NursingPhoenix Campus (AZ)', 'AZ'),
(355, 'Chamberlain College of NursingSt Louis Campus (MO)', 'MO'),
(356, 'Chamberlain College of Nursing-Jacksonville Campus (FL)', 'FL'),
(357, 'Chaminade University of Honolulu (HI)', 'HI'),
(358, 'Champlain College (VT)', 'VT'),
(359, 'Chancellor University (OH)', 'OH'),
(360, 'Chapman University (CA)', 'CA'),
(361, 'Charles Drew University of Medicine and Science (CA)', 'CA'),
(362, 'Charleston Southern University (SC)', 'SC'),
(363, 'Charter College (AK)', 'AK'),
(364, 'Charter Oak State College (CT)', 'CT'),
(365, 'Chatham University (PA)', 'PA'),
(366, 'Chester College of New England (NH)', 'NH'),
(367, 'Chestnut Hill College (PA)', 'PA'),
(368, 'Cheyney University of Pennsylvania (PA)', 'PA'),
(369, 'Chicago State University (IL)', 'IL'),
(370, 'Chipola College (FL)', 'FL'),
(371, 'Chowan University (NC)', 'NC'),
(372, 'Christian Brothers University (TN)', 'TN'),
(373, 'Christian Life College (IL)', 'IL'),
(374, 'Christopher Newport University (VA)', 'VA'),
(375, 'Cincinnati Christian University (OH)', 'OH'),
(376, 'Cincinnati College of Mortuary Science (OH)', 'OH'),
(377, 'Citadel Military College of South Carolina (SC)', 'SC'),
(378, 'City College (FL)', 'FL'),
(379, 'City College Branch Campus (FL)', 'FL'),
(380, 'City University of Seattle (WA)', 'WA'),
(381, 'Claflin University (SC)', 'SC'),
(382, 'Claremont McKenna College (CA)', 'CA'),
(383, 'Clarion University of Pennsylvania (PA)', 'PA'),
(384, 'Clark Atlanta University (GA)', 'GA'),
(385, 'Clark University (MA)', 'MA'),
(386, 'Clarke College (IA)', 'IA'),
(387, 'Clarkson College (NE)', 'NE'),
(388, 'Clarkson University (NY)', 'NY'),
(389, 'Clayton  State University (GA)', 'GA'),
(390, 'Clear Creek Baptist Bible College (KY)', 'KY'),
(391, 'Clearwater Christian College (FL)', 'FL'),
(392, 'Cleary University (MI)', 'MI'),
(393, 'Clemson University (SC)', 'SC'),
(394, 'Cleveland Chiropractic College (KS)', 'KS'),
(395, 'Cleveland Chiropractic College of Los Angeles (CA)', 'CA'),
(396, 'Cleveland Institute of Art (OH)', 'OH'),
(397, 'Cleveland Institute of Music (OH)', 'OH'),
(398, 'Cleveland State University (OH)', 'OH'),
(399, 'Coastal Carolina University (SC)', 'SC'),
(400, 'Coe College (IA)', 'IA'),
(401, 'Cogswell Polytechnical College (CA)', 'CA'),
(402, 'Coker College (SC)', 'SC'),
(403, 'Colby College (ME)', 'ME'),
(404, 'Colby-Sawyer College (NH)', 'NH'),
(405, 'Colegio Pentecostal Mizpa (PR)', 'PR'),
(406, 'Colegio Universitario de San Juan (PR)', 'PR'),
(407, 'Coleman University (CA)', 'CA'),
(408, 'Colgate University (NY)', 'NY'),
(409, 'College America (AZ)', 'AZ'),
(410, 'College America-Cheyenne (WY)', 'WY'),
(411, 'College America-Colorado Springs (CO)', 'CO'),
(412, 'College America-Denver (CO)', 'CO'),
(413, 'College America-Fort Collins (CO)', 'CO'),
(414, 'College for Creative Studies (MI)', 'MI'),
(415, 'College of Biblical Studies-Houston (TX)', 'TX'),
(416, 'College of Charleston (SC)', 'SC'),
(417, 'College of Coastal Georgia (GA)', 'GA'),
(418, 'College of Menominee Nation (WI)', 'WI'),
(419, 'College of Mount Saint Vincent (NY)', 'NY'),
(420, 'College of Mount St. Joseph (OH)', 'OH'),
(421, 'College of Notre Dame of Maryland (MD)', 'MD'),
(422, 'College of Our Lady of the Elms (MA)', 'MA'),
(423, 'College of Saint Benedict (MN)', 'MN'),
(424, 'College of Saint Elizabeth (NJ)', 'NJ'),
(425, 'College of Saint Mary (NE)', 'NE'),
(426, 'College of Santa Fe (NM)', 'NM'),
(427, 'College of Southern Nevada (NV)', 'NV'),
(428, 'College of St Joseph (VT)', 'VT'),
(429, 'College of the Atlantic (ME)', 'ME'),
(430, 'College of the Holy Cross (MA)', 'MA'),
(431, 'College of the Ozarks (MO)', 'MO'),
(432, 'College of Visual Arts (MN)', 'MN'),
(433, 'College of William and Mary (VA)', 'VA'),
(434, 'Collins College (AZ)', 'AZ'),
(435, 'Colorado Christian University (CO)', 'CO'),
(436, 'Colorado College (CO)', 'CO'),
(437, 'Colorado Heights University (CO)', 'CO'),
(438, 'Colorado School of Mines (CO)', 'CO'),
(439, 'Colorado State University (CO)', 'CO'),
(440, 'Colorado State University-Pueblo (CO)', 'CO'),
(441, 'Colorado Technical University (SD)', 'SD'),
(442, 'Colorado Technical University (MO)', 'MO'),
(443, 'Colorado Technical University (CO)', 'CO'),
(444, 'Colorado Technical University Online (CO)', 'CO'),
(445, 'Columbia Basin College (WA)', 'WA'),
(446, 'Columbia Centro Universitario (PR)', 'PR'),
(447, 'Columbia College (MO)', 'MO'),
(448, 'Columbia College (SC)', 'SC'),
(449, 'Columbia College Chicago (IL)', 'IL'),
(450, 'Columbia College Hollywood (CA)', 'CA'),
(451, 'Columbia International University (SC)', 'SC'),
(452, 'Columbia Southern University (AL)', 'AL'),
(453, 'Columbia University in the City of New York (NY)', 'NY'),
(454, 'Columbus College of Art and Design (OH)', 'OH'),
(455, 'Columbus State University (GA)', 'GA'),
(456, 'Conception Seminary College (MO)', 'MO'),
(457, 'Concord University (WV)', 'WV'),
(458, 'Concordia College at Moorhead (MN)', 'MN'),
(459, 'Concordia College-New York (NY)', 'NY'),
(460, 'Concordia College-Selma (AL)', 'AL'),
(461, 'Concordia University (NE)', 'NE'),
(462, 'Concordia University (CA)', 'CA'),
(463, 'Concordia University (OR)', 'OR'),
(464, 'Concordia University (IL)', 'IL'),
(465, 'Concordia University Texas (TX)', 'TX'),
(466, 'Concordia University-Ann Arbor (MI)', 'MI'),
(467, 'Concordia University-Saint Paul (MN)', 'MN'),
(468, 'Concordia University-Wisconsin (WI)', 'WI'),
(469, 'Connecticut College (CT)', 'CT'),
(470, 'Converse College (SC)', 'SC'),
(471, 'Cooper Union for the Advancement of Science and Art (NY)', 'NY'),
(472, 'Coppin State University (MD)', 'MD'),
(473, 'Corban College (OR)', 'OR'),
(474, 'Corcoran College of Art and Design (DC)', 'DC'),
(475, 'Cornell College (IA)', 'IA'),
(476, 'Cornell University (NY)', 'NY'),
(477, 'Cornerstone University (MI)', 'MI'),
(478, 'Cornish College of the Arts (WA)', 'WA'),
(479, 'Covenant College (GA)', 'GA'),
(480, 'Cox College (MO)', 'MO'),
(481, 'Creighton University (NE)', 'NE'),
(482, 'Crichton College (TN)', 'TN'),
(483, 'Crossroads Bible College (IN)', 'IN'),
(484, 'Crossroads College (MN)', 'MN'),
(485, 'Crowley''s Ridge College (AR)', 'AR'),
(486, 'Crown College (MN)', 'MN'),
(487, 'Culinary Institute of America (NY)', 'NY'),
(488, 'Culver-Stockton College (MO)', 'MO'),
(489, 'Cumberland University (TN)', 'TN'),
(490, 'CUNY Bernard M Baruch College (NY)', 'NY'),
(491, 'CUNY Brooklyn College (NY)', 'NY'),
(492, 'CUNY City College (NY)', 'NY'),
(493, 'CUNY College of Staten Island (NY)', 'NY'),
(494, 'CUNY Graduate School and University Center (NY)', 'NY'),
(495, 'CUNY Hunter College (NY)', 'NY'),
(496, 'CUNY John Jay College Criminal Justice (NY)', 'NY'),
(497, 'CUNY Lehman College (NY)', 'NY'),
(498, 'CUNY Medgar Evers College (NY)', 'NY'),
(499, 'CUNY New York City College of Technology (NY)', 'NY'),
(500, 'CUNY Queens College (NY)', 'NY'),
(501, 'CUNY York College (NY)', 'NY'),
(502, 'Curry College (MA)', 'MA'),
(503, 'D''Youville College (NY)', 'NY'),
(504, 'Daemen College (NY)', 'NY'),
(505, 'Dakota State University (SD)', 'SD'),
(506, 'Dakota Wesleyan University (SD)', 'SD'),
(507, 'Dallas Baptist University (TX)', 'TX'),
(508, 'Dallas Christian College (TX)', 'TX'),
(509, 'Dalton State College (GA)', 'GA'),
(510, 'Dana College (NE)', 'NE'),
(511, 'Daniel Webster College (NH)', 'NH'),
(512, 'Darkei Noam Rabbinical College (NY)', 'NY'),
(513, 'Dartmouth College (NH)', 'NH'),
(514, 'Davenport University (MI)', 'MI'),
(515, 'Davidson College (NC)', 'NC'),
(516, 'Davis & Elkins College (WV)', 'WV'),
(517, 'Davis College (NY)', 'NY'),
(518, 'Daytona State College (FL)', 'FL'),
(519, 'Dean College (MA)', 'MA'),
(520, 'Defiance College (OH)', 'OH'),
(521, 'Delaware State University (DE)', 'DE'),
(522, 'Delaware Valley College (PA)', 'PA'),
(523, 'Delta State University (MI)', 'MI'),
(524, 'Denison University (OH)', 'OH'),
(525, 'Denver School of Nursing (CO)', 'CO'),
(526, 'DePaul University (IL)', 'IL'),
(527, 'DePauw University (IN)', 'IN'),
(528, 'DeSales University (PA)', 'PA'),
(529, 'Design Institute of San Diego (CA)', 'CA'),
(530, 'DeVry College of New York (NY)', 'NY'),
(531, 'DeVry University-Arizona (AZ)', 'AZ'),
(532, 'DeVry University-California (CA)', 'CA'),
(533, 'DeVry University-Colorado (CO)', 'CO'),
(534, 'DeVry University-Florida (FL)', 'FL'),
(535, 'DeVry University-Georgia (GA)', 'GA'),
(536, 'DeVry University-Illinois (IL)', 'IL'),
(537, 'DeVry University-Indiana (IN)', 'IN'),
(538, 'DeVry University-Kentucky (KY)', 'KY'),
(539, 'DeVry University-Maryland (MD)', 'MD'),
(540, 'DeVry University-Michigan (MI)', 'MI'),
(541, 'DeVry University-Minnesota (MN)', 'MN'),
(542, 'DeVry University-Missouri (MO)', 'MO'),
(543, 'DeVry University-Nevada (NV)', 'NV'),
(544, 'DeVry University-New Jersey (NJ)', 'NJ'),
(545, 'DeVry University-North Carolina (NC)', 'NC'),
(546, 'DeVry University-Ohio (OH)', 'OH'),
(547, 'DeVry University-Oklahoma (OK)', 'OK'),
(548, 'DeVry University-Oregon (OR)', 'OR'),
(549, 'DeVry University-Pennsylvania (PA)', 'PA'),
(550, 'DeVry University-Tennessee (TN)', 'TN'),
(551, 'DeVry University-Texas (TX)', 'TX'),
(552, 'DeVry University-Utah (UT)', 'UT'),
(553, 'DeVry University-Virginia (VA)', 'VA'),
(554, 'DeVry University-Washington (WA)', 'WA'),
(555, 'DeVry University-Wisconsin (WI)', 'WI'),
(556, 'Dickinson College (PA)', 'PA'),
(557, 'Dickinson State University (ND)', 'ND'),
(558, 'DigiPen Institute of Technology (WA)', 'WA'),
(559, 'Digital Media Arts College (FL)', 'FL'),
(560, 'Dillard University (LA)', 'LA'),
(561, 'Dine College (AZ)', 'AZ'),
(562, 'Divine Word College (IA)', 'IA'),
(563, 'Dixie State College of Utah (UT)', 'UT'),
(564, 'Doane College (NE)', 'NE'),
(565, 'Doane College-Lincoln Grand Island and Master (NE)', 'NE'),
(566, 'Dominican College of Blauvelt (NY)', 'NY'),
(567, 'Dominican University (IL)', 'IL'),
(568, 'Dominican University of California (CA)', 'CA'),
(569, 'Donnelly College (KS)', 'KS'),
(570, 'Dordt College (IA)', 'IA'),
(571, 'Dowling College (NY)', 'NY'),
(572, 'Drake University (IA)', 'IA'),
(573, 'Drew University (NJ)', 'NJ'),
(574, 'Drexel University (PA)', 'PA'),
(575, 'Drury University (MO)', 'MO'),
(576, 'Duke University (NC)', 'NC'),
(577, 'Duluth Business University (MN)', 'MN'),
(578, 'Dunwoody College of Technology (MN)', 'MN'),
(579, 'Duquesne University (PA)', 'PA'),
(580, 'Eagle Gate College (UT)', 'UT'),
(581, 'Earlham College (IN)', 'IN'),
(582, 'East Carolina University (NC)', 'NC'),
(583, 'East Central University (OK)', 'OK'),
(584, 'East Stroudsburg University of Pennsylvania (PA)', 'PA'),
(585, 'East Tennessee State University (TN)', 'TN'),
(586, 'East Texas Baptist University (TX)', 'TX'),
(587, 'Eastern Connecticut State University (CT)', 'CT'),
(588, 'Eastern Illinois University (IL)', 'IL'),
(589, 'Eastern Kentucky University (KY)', 'KY'),
(590, 'Eastern Mennonite University (VA)', 'VA'),
(591, 'Eastern Michigan University (MI)', 'MI'),
(592, 'Eastern Nazarene College (MA)', 'MA'),
(593, 'Eastern New Mexico University-Main Campus (NM)', 'NM'),
(594, 'Eastern Oregon University (OR)', 'OR'),
(595, 'Eastern University (PA)', 'PA'),
(596, 'Eastern Washington University (WA)', 'WA'),
(597, 'East-West University (IL)', 'IL'),
(598, 'Ecclesia College (AR)', 'AR'),
(599, 'Eckerd College (FL)', 'FL'),
(600, 'ECPI College of Technology (VA)', 'VA'),
(601, 'ECPI Technical College (VA)', 'VA'),
(602, 'Edgewood College (WI)', 'WI'),
(603, 'Edinboro University of Pennsylvania (PA)', 'PA'),
(604, 'Edison State College (FL)', 'FL'),
(605, 'Edison State Community College (OH)', 'OH'),
(606, 'EDP College of Puerto Rico Inc (PR)', 'PR'),
(607, 'EDP College of Puerto Rico Inc-San Sebastian (PR)', 'PR'),
(608, 'Edward Waters College (FL)', 'FL'),
(609, 'Elizabeth City State University (NC)', 'NC'),
(610, 'Elizabethtown College (PA)', 'PA'),
(611, 'Ellis University (IL)', 'IL'),
(612, 'Elmhurst College (IL)', 'IL'),
(613, 'Elmira College (NY)', 'NY'),
(614, 'Elon University (NC)', 'NC'),
(615, 'Embry Riddle Aeronautical University-Daytona Beach (FL)', 'FL'),
(616, 'Embry Riddle Aeronautical University-Prescott (AZ)', 'AZ'),
(617, 'Embry Riddle Aeronautical University-Worldwide (FL)', 'FL'),
(618, 'Emerson College (MA)', 'MA'),
(619, 'Emmanuel College (GA)', 'GA'),
(620, 'Emmanuel College (MA)', 'MA'),
(621, 'Emmaus Bible College (IA)', 'IA'),
(622, 'Emory and Henry College (VA)', 'VA'),
(623, 'Emory University (GA)', 'GA'),
(624, 'Emporia State University (KS)', 'KS'),
(625, 'Endicott College (MA)', 'MA'),
(626, 'Erskine College and Seminary (SC)', 'SC'),
(627, 'Escuela de Artes Plasticas de Puerto Rico (PR)', 'PR'),
(628, 'Eugene Bible College (OR)', 'OR'),
(629, 'Eureka College (IL)', 'IL'),
(630, 'Evangel University (MO)', 'MO'),
(631, 'Everest College-Mesa (AZ)', 'AZ'),
(632, 'Everest College-Ontario Metro (CA)', 'CA'),
(633, 'Everest College-Phoenix (AZ)', 'AZ'),
(634, 'Everest College-Springfield Campus (MO)', 'MO'),
(635, 'Everest College-West Valley City (UT)', 'UT'),
(636, 'Everest University-Brandon (FL)', 'FL'),
(637, 'Everest University-Jacksonville (FL)', 'FL'),
(638, 'Everest University-Lakeland (FL)', 'FL'),
(639, 'Everest University-Largo (FL)', 'FL'),
(640, 'Everest University-Melbourne (FL)', 'FL'),
(641, 'Everest University-North Orlando (FL)', 'FL'),
(642, 'Everest University-Orange Park (FL)', 'FL'),
(643, 'Everest University-Pompano Beach (FL)', 'FL'),
(644, 'Everest University-South Orlando (FL)', 'FL'),
(645, 'Everest University-Tampa (FL)', 'FL'),
(646, 'Everglades University (FL)', 'FL'),
(647, 'Excelsior College (NY)', 'NY'),
(648, 'Ex-Pression College for Digital Arts (CA)', 'CA'),
(649, 'Fairfield University (CT)', 'CT'),
(650, 'Fairleigh Dickinson University-College at Florham (NJ)', 'NJ'),
(651, 'Fairleigh Dickinson University-Metropolitan Campus (NJ)', 'NJ'),
(652, 'Fairmont State University (WV)', 'WV'),
(653, 'Faith Baptist Bible College and Theological Seminary (IA)', 'IA'),
(654, 'Faith Evangelical Seminary (WA)', 'WA'),
(655, 'Family of Faith College (OK)', 'OK'),
(656, 'Farmingdale State College (NY)', 'NY'),
(657, 'Fashion Institute of Technology (NY)', 'NY'),
(658, 'Faulkner University (AL)', 'AL'),
(659, 'Fayetteville State University (NC)', 'NC'),
(660, 'Felician College (NJ)', 'NJ'),
(661, 'Ferris State University (MI)', 'MI'),
(662, 'Ferrum College (VA)', 'VA'),
(663, 'Finlandia University (MI)', 'MI'),
(664, 'Fisher College (MA)', 'MA'),
(665, 'Fisk University (TN)', 'TN'),
(666, 'Fitchburg State College (MA)', 'MA'),
(667, 'Five Towns College (NY)', 'NY'),
(668, 'Flagler College (FL)', 'FL'),
(669, 'Flagler College-Tallahassee (FL)', 'FL'),
(670, 'Florida Agricultural and Mechanical University (FL)', 'FL'),
(671, 'Florida Atlantic University (FL)', 'FL'),
(672, 'Florida Career College (FL)', 'FL'),
(673, 'Florida Christian College Inc (FL)', 'FL'),
(674, 'Florida College (FL)', 'FL'),
(675, 'Florida Gulf Coast University (FL)', 'FL'),
(676, 'Florida Hospital College of Health Sciences (FL)', 'FL'),
(677, 'Florida Institute of Technology (FL)', 'FL'),
(678, 'Florida International University (FL)', 'FL'),
(679, 'Florida Memorial University (FL)', 'FL'),
(680, 'Florida National College (FL)', 'FL'),
(681, 'Florida Southern College (FL)', 'FL'),
(682, 'Florida State College at Jacksonville (FL)', 'FL'),
(683, 'Florida State University (FL)', 'FL'),
(684, 'Fontbonne University (MO)', 'MO'),
(685, 'Fordham University (NY)', 'NY'),
(686, 'Fort Hays State University (KS)', 'KS'),
(687, 'Fort Lewis College (CO)', 'CO'),
(688, 'Fort Valley State University (GA)', 'GA'),
(689, 'Fountainhead College of Technology (TN)', 'TN'),
(690, 'Framingham State College (MA)', 'MA'),
(691, 'Francis Marion University (SC)', 'SC'),
(692, 'Franciscan University of Steubenville (OH)', 'OH'),
(693, 'Frank Lloyd Wright School of Architecture (AZ)', 'AZ'),
(694, 'Franklin and Marshall College (PA)', 'PA'),
(695, 'Franklin College (IN)', 'IN'),
(696, 'Franklin Pierce University (NH)', 'NH'),
(697, 'Franklin University (OH)', 'OH'),
(698, 'Franklin W. Olin College of Engineering (MA)', 'MA'),
(699, 'Free Will Baptist Bible College (TN)', 'TN'),
(700, 'Freed-Hardeman University (TN)', 'TN'),
(701, 'Fresno Pacific University (CA)', 'CA'),
(702, 'Friends University (KS)', 'KS'),
(703, 'Frostburg State University (MD)', 'MD'),
(704, 'Full Sail University (FL)', 'FL'),
(705, 'Furman University (SC)', 'SC'),
(706, 'Gainesville State College (GA)', 'GA'),
(707, 'Gallaudet University (DC)', 'DC'),
(708, 'Gannon University (PA)', 'PA'),
(709, 'Gardner-Webb University (NC)', 'NC'),
(710, 'Geneva College (PA)', 'PA'),
(711, 'George Fox University (OR)', 'OR'),
(712, 'George Mason University (VA)', 'VA'),
(713, 'George Washington University (DC)', 'DC'),
(714, 'Georgetown College (KY)', 'KY'),
(715, 'Georgetown University (DC)', 'DC'),
(716, 'Georgia College & State University (GA)', 'GA'),
(717, 'Georgia Gwinnett College (GA)', 'GA'),
(718, 'Georgia Institute of Technology-Main Campus (GA)', 'GA'),
(719, 'Georgia Southern University (GA)', 'GA'),
(720, 'Georgia Southwestern State University (GA)', 'GA'),
(721, 'Georgia State University (GA)', 'GA'),
(722, 'Georgian Court University (NJ)', 'NJ'),
(723, 'Gettysburg College (PA)', 'PA'),
(724, 'Glenville State College (WV)', 'WV'),
(725, 'Globe Institute of Technology (NY)', 'NY'),
(726, 'Globe University (MN)', 'MN'),
(727, 'Globe University-Eau Claire (WI)', 'WI'),
(728, 'Globe University-Minneapolis (MN)', 'MN'),
(729, 'Globe University-Sioux Falls (SD)', 'SD'),
(730, 'Goddard College (VT)', 'VT'),
(731, 'Gods Bible School and College (OH)', 'OH'),
(732, 'Golden Gate University-San Francisco (CA)', 'CA'),
(733, 'Goldey-Beacom College (DE)', 'DE'),
(734, 'Gonzaga University (WA)', 'WA'),
(735, 'Gordon College (GA)', 'GA'),
(736, 'Gordon College (MA)', 'MA'),
(737, 'Goshen College (IN)', 'IN'),
(738, 'Goucher College (MD)', 'MD'),
(739, 'Governors State University (IL)', 'IL'),
(740, 'Grace Bible College (MI)', 'MI'),
(741, 'Grace College and Theological Seminary (IN)', 'IN'),
(742, 'Grace University (NE)', 'NE'),
(743, 'Graceland University-Lamoni (IA)', 'IA'),
(744, 'Grambling State University (LA)', 'LA'),
(745, 'Grand Canyon University (AZ)', 'AZ'),
(746, 'Grand Valley State University (MI)', 'MI'),
(747, 'Grand View University (IA)', 'IA'),
(748, 'Granite State College (NH)', 'NH'),
(749, 'Grantham University (MO)', 'MO'),
(750, 'Gratz College (PA)', 'PA'),
(751, 'Great Basin College (NV)', 'NV'),
(752, 'Great Lakes Christian College (MI)', 'MI'),
(753, 'Green Mountain College (VT)', 'VT'),
(754, 'Greensboro College (NC)', 'NC'),
(755, 'Greenville College (IL)', 'IL'),
(756, 'Grinnell College (IA)', 'IA'),
(757, 'Grove City College (PA)', 'PA'),
(758, 'Guilford College (NC)', 'NC'),
(759, 'Gustavus Adolphus College (MN)', 'MN'),
(760, 'Gwynedd Mercy College (PA)', 'PA'),
(761, 'Hallmark College of Technology/Hallmark College of Aeronautics (TX)', 'TX'),
(762, 'Hamilton College (NY)', 'NY'),
(763, 'Hamilton Technical College (IA)', 'IA'),
(764, 'Hamline University (MN)', 'MN'),
(765, 'Hampden-Sydney College (VA)', 'VA'),
(766, 'Hampshire College (MA)', 'MA'),
(767, 'Hampton University (VA)', 'VA'),
(768, 'Hannibal-Lagrange College (MO)', 'MO'),
(769, 'Hanover College (IN)', 'IN'),
(770, 'Harding University (AR)', 'AR'),
(771, 'Hardin-Simmons University (TX)', 'TX'),
(772, 'Harrington College of Design (IL)', 'IL'),
(773, 'Harrisburg University of Science and Technology (PA)', 'PA'),
(774, 'Harrison College-Evansville (IN)', 'IN'),
(775, 'Harrison College-Fort Wayne (IN)', 'IN'),
(776, 'Harrison College-Indianapolis (IN)', 'IN'),
(777, 'Harrison College-Muncie (IN)', 'IN'),
(778, 'Harrison College-Terre Haute (IN)', 'IN'),
(779, 'Harris-Stowe State University (MO)', 'MO'),
(780, 'Hartwick College (NY)', 'NY'),
(781, 'Harvard University (MA)', 'MA'),
(782, 'Harvey Mudd College (CA)', 'CA'),
(783, 'Haskell Indian Nations University (KS)', 'KS'),
(784, 'Hastings College (NE)', 'NE'),
(785, 'Haverford College (PA)', 'PA'),
(786, 'Hawaii Pacific University (HI)', 'HI'),
(787, 'Hebrew College (MA)', 'MA'),
(788, 'Hebrew Theological College (IL)', 'IL'),
(789, 'Heidelberg University (OH)', 'OH'),
(790, 'Hellenic College-Holy Cross Greek Orthodox School of Theology (MA)', 'MA'),
(791, 'Henderson State University (AR)', 'AR'),
(792, 'Hendrix College (AR)', 'AR'),
(793, 'Heritage Bible College (NC)', 'NC'),
(794, 'Heritage Christian University (AL)', 'AL'),
(795, 'Heritage University (WA)', 'WA'),
(796, 'Herzing University (AL)', 'AL'),
(797, 'Herzing University (GA)', 'GA'),
(798, 'Herzing University (MN)', 'MN'),
(799, 'Herzing University (FL)', 'FL'),
(800, 'Herzing University (LA)', 'LA'),
(801, 'Herzing University (WI)', 'WI'),
(802, 'Hesser College (NH)', 'NH'),
(803, 'Hickey College (MO)', 'MO'),
(804, 'High Point University (NC)', 'NC'),
(805, 'Hilbert College (NY)', 'NY'),
(806, 'Hillsdale Free Will Baptist College (OK)', 'OK'),
(807, 'Hiram College (OH)', 'OH'),
(808, 'Hiwassee College (TN)', 'TN'),
(809, 'Hobart William Smith Colleges (NY)', 'NY'),
(810, 'Hobe Sound Bible College (FL)', 'FL'),
(811, 'Hodges University (FL)', 'FL'),
(812, 'Hofstra University (NY)', 'NY'),
(813, 'Hollins University (VA)', 'VA'),
(814, 'Holy Apostles College and Seminary (CT)', 'CT'),
(815, 'Holy Cross College (IN)', 'IN'),
(816, 'Holy Family University (PA)', 'PA'),
(817, 'Holy Names University (CA)', 'CA'),
(818, 'Hood College (MD)', 'MD'),
(819, 'Hope College (MI)', 'MI'),
(820, 'Hope International University (CA)', 'CA'),
(821, 'Houghton College (NY)', 'NY'),
(822, 'Houston Baptist University (TX)', 'TX'),
(823, 'Howard Payne University (TX)', 'TX'),
(824, 'Howard University (DC)', 'DC'),
(825, 'Humboldt State University (CA)', 'CA'),
(826, 'Humphreys College-Stockton and Modesto Campuses (CA)', 'CA'),
(827, 'Huntingdon College (AL)', 'AL'),
(828, 'Huntington University (IN)', 'IN'),
(829, 'Huntsville Bible College (AL)', 'AL'),
(830, 'Husson University (ME)', 'ME'),
(831, 'Huston-Tillotson University (TX)', 'TX'),
(832, 'Idaho State University (ID)', 'ID'),
(833, 'Illinois College (IL)', 'IL'),
(834, 'Illinois Institute of Technology (IL)', 'IL'),
(835, 'Illinois State University (IL)', 'IL'),
(836, 'Illinois Wesleyan University (IL)', 'IL'),
(837, 'Immaculata University (PA)', 'PA'),
(838, 'Indian River State College (FL)', 'FL'),
(839, 'Indiana Institute of Technology (IN)', 'IN'),
(840, 'Indiana State University (IN)', 'IN'),
(841, 'Indiana University of Pennsylvania-Main Campus (PA)', 'PA'),
(842, 'Indiana University-Bloomington (IN)', 'IN'),
(843, 'Indiana University-East (IN)', 'IN'),
(844, 'Indiana University-Kokomo (IN)', 'IN'),
(845, 'Indiana University-Northwest (IN)', 'IN'),
(846, 'Indiana University-Purdue University-Fort Wayne (IN)', 'IN'),
(847, 'Indiana University-Purdue University-Indianapolis (IN)', 'IN'),
(848, 'Indiana University-South Bend (IN)', 'IN'),
(849, 'Indiana University-Southeast (IN)', 'IN'),
(850, 'Indiana Wesleyan University (IN)', 'IN'),
(851, 'Institute of American Indian and Alaska Native Culture (NM)', 'NM'),
(852, 'instnm (hd2009.stabbr:VL-State abbreviation)', 'hd'),
(853, 'Inter American University of Puerto Rico-Aguadilla (PR)', 'PR'),
(854, 'Inter American University of Puerto Rico-Arecibo (PR)', 'PR'),
(855, 'Inter American University of Puerto Rico-Barranquitas (PR)', 'PR'),
(856, 'Inter American University of Puerto Rico-Bayamon (PR)', 'PR'),
(857, 'Inter American University of Puerto Rico-Fajardo (PR)', 'PR'),
(858, 'Inter American University of Puerto Rico-Guayama (PR)', 'PR'),
(859, 'Inter American University of Puerto Rico-Metro (PR)', 'PR'),
(860, 'Inter American University of Puerto Rico-Ponce (PR)', 'PR'),
(861, 'Inter American University of Puerto Rico-San German (PR)', 'PR'),
(862, 'Interamerican College (CA)', 'CA'),
(863, 'Interior Designers Institute (CA)', 'CA'),
(864, 'International Academy of Design and Technology (IL)', 'IL'),
(865, 'International Academy of Design and Technology (FL)', 'FL'),
(866, 'International Academy of Design and Technology (WA)', 'WA'),
(867, 'International Academy of Design and Technology (TN)', 'TN'),
(868, 'International Academy of Design and Technology (MI)', 'MI'),
(869, 'International Academy of Design and Technology (NV)', 'NV'),
(870, 'International Academy of Design and Technology (CA)', 'CA'),
(871, 'International Academy of Design and Technology-Online (FL)', 'FL'),
(872, 'International Academy of Design and Technology-Tampa (FL)', 'FL'),
(873, 'International Baptist College (AZ)', 'AZ'),
(874, 'International Business College (IN)', 'IN'),
(875, 'International Technological University (CA)', 'CA'),
(876, 'Iona College (NY)', 'NY'),
(877, 'Iowa State University (IA)', 'IA'),
(878, 'Iowa Wesleyan College (IA)', 'IA'),
(879, 'Ithaca College (NY)', 'NY'),
(880, 'ITT Technical InstituteCharlotte North (NC)', 'NC'),
(881, 'ITT Technical InstituteClive (IA)', 'IA'),
(882, 'ITT Technical InstituteConcord (CA)', 'CA'),
(883, 'ITT Technical InstituteFort Myers (FL)', 'FL'),
(884, 'ITT Technical InstituteHigh Point (NC)', 'NC'),
(885, 'ITT Technical InstituteHuntington (WV)', 'WV'),
(886, 'ITT Technical InstituteMadison (WI)', 'WI'),
(887, 'ITT Technical InstituteMadison (AL)', 'AL'),
(888, 'ITT Technical InstituteMadison (MI)', 'MI'),
(889, 'ITT Technical InstituteMorrisville (NC)', 'NC'),
(890, 'ITT Technical InstitutePhoenix (AZ)', 'AZ'),
(891, 'ITT Technical InstituteSpringfield (MO)', 'MO'),
(892, 'ITT Technical Institute-Albuquerque (NM)', 'NM'),
(893, 'ITT Technical Institute-Anaheim (CA)', 'CA'),
(894, 'ITT Technical Institute-Arnold (MO)', 'MO'),
(895, 'ITT Technical Institute-Atlanta (GA)', 'GA'),
(896, 'ITT Technical Institute-Baton Rouge (LA)', 'LA'),
(897, 'ITT Technical Institute-Bessemer (AL)', 'AL'),
(898, 'ITT Technical Institute-Boise (ID)', 'ID'),
(899, 'ITT Technical Institute-Burr Ridge (IL)', 'IL'),
(900, 'ITT Technical Institute-Chantilly (VA)', 'VA'),
(901, 'ITT Technical Institute-Charlotte South (NC)', 'NC'),
(902, 'ITT Technical Institute-Chattanooga (TN)', 'TN'),
(903, 'ITT Technical Institute-Clovis (CA)', 'CA'),
(904, 'ITT Technical Institute-Columbia (SC)', 'SC'),
(905, 'ITT Technical Institute-Columbus (OH)', 'OH'),
(906, 'ITT Technical Institute-Cordova (TN)', 'TN'),
(907, 'ITT Technical Institute-Duluth (GA)', 'GA'),
(908, 'ITT Technical Institute-Earth City (MO)', 'MO'),
(909, 'ITT Technical Institute-Eden Prairie (MN)', 'MN'),
(910, 'ITT Technical Institute-Everett (WA)', 'WA'),
(911, 'ITT Technical Institute-Fort Lauderdale (FL)', 'FL'),
(912, 'ITT Technical Institute-Fort Wayne (IN)', 'IN'),
(913, 'ITT Technical Institute-Green Bay (WI)', 'WI'),
(914, 'ITT Technical Institute-Greenfield (WI)', 'WI'),
(915, 'ITT Technical Institute-Greenville (SC)', 'SC'),
(916, 'ITT Technical Institute-Henderson (NV)', 'NV'),
(917, 'ITT Technical Institute-Indianapolis (IN)', 'IN'),
(918, 'ITT Technical Institute-Jacksonville (FL)', 'FL'),
(919, 'ITT Technical Institute-Kansas City (MO)', 'MO'),
(920, 'ITT Technical Institute-Kennesaw (GA)', 'GA'),
(921, 'ITT Technical Institute-Knoxville (TN)', 'TN'),
(922, 'ITT Technical Institute-Lake Mary (FL)', 'FL'),
(923, 'ITT Technical Institute-Lathrop (CA)', 'CA'),
(924, 'ITT Technical Institute-Lexington (KY)', 'KY'),
(925, 'ITT Technical Institute-Little Rock (AR)', 'AR'),
(926, 'ITT Technical Institute-Louisville (KY)', 'KY'),
(927, 'ITT Technical Institute-Miami (FL)', 'FL'),
(928, 'ITT Technical Institute-Mobile (AL)', 'AL'),
(929, 'ITT Technical Institute-Mount Prospect (IL)', 'IL'),
(930, 'ITT Technical Institute-Murray (UT)', 'UT'),
(931, 'ITT Technical Institute-Nashville (TN)', 'TN'),
(932, 'ITT Technical Institute-Newburgh (IN)', 'IN'),
(933, 'ITT Technical Institute-Norfolk (VA)', 'VA'),
(934, 'ITT Technical Institute-Oklahoma City (OK)', 'OK'),
(935, 'ITT Technical Institute-Omaha (NE)', 'NE'),
(936, 'ITT Technical Institute-Orland Park (IL)', 'IL'),
(937, 'ITT Technical Institute-Owings Mills (MD)', 'MD'),
(938, 'ITT Technical Institute-Oxnard (CA)', 'CA'),
(939, 'ITT Technical Institute-Pinellas Park (FL)', 'FL'),
(940, 'ITT Technical Institute-Portland (OR)', 'OR'),
(941, 'ITT Technical Institute-Rancho Cordova (CA)', 'CA'),
(942, 'ITT Technical Institute-Richmond (VA)', 'VA'),
(943, 'ITT Technical Institute-Saint Rose (LA)', 'LA'),
(944, 'ITT Technical Institute-San Bernardino (CA)', 'CA'),
(945, 'ITT Technical Institute-San Diego (CA)', 'CA'),
(946, 'ITT Technical Institute-San Dimas (CA)', 'CA'),
(947, 'ITT Technical Institute-Seattle (WA)', 'WA'),
(948, 'ITT Technical Institute-South Bend (IN)', 'IN'),
(949, 'ITT Technical Institute-Spokane Valley (WA)', 'WA'),
(950, 'ITT Technical Institute-Springfield (VA)', 'VA'),
(951, 'ITT Technical Institute-Sylmar (CA)', 'CA'),
(952, 'ITT Technical Institute-Tampa (FL)', 'FL'),
(953, 'ITT Technical Institute-Tempe (AZ)', 'AZ'),
(954, 'ITT Technical Institute-Thornton (CO)', 'CO'),
(955, 'ITT Technical Institute-Torrance (CA)', 'CA'),
(956, 'ITT Technical Institute-Tucson (AZ)', 'AZ'),
(957, 'ITT Technical Institute-Tulsa (OK)', 'OK'),
(958, 'ITT Technical Institute-Wichita (KS)', 'KS'),
(959, 'ITT Technical Institute-Wyoming (MI)', 'MI'),
(960, 'Jackson State University (MI)', 'MI'),
(961, 'Jacksonville State University (AL)', 'AL'),
(962, 'Jacksonville University (FL)', 'FL'),
(963, 'James Madison University (VA)', 'VA'),
(964, 'Jamestown Business College (NY)', 'NY'),
(965, 'Jamestown College (ND)', 'ND'),
(966, 'Jarvis Christian College (TX)', 'TX'),
(967, 'Jefferson College of Health Sciences (VA)', 'VA'),
(968, 'Jewish Theological Seminary of America (NY)', 'NY'),
(969, 'John Brown University (AR)', 'AR'),
(970, 'John Carroll University (OH)', 'OH'),
(971, 'John Dewey College-University Division (PR)', 'PR'),
(972, 'John F Kennedy University (CA)', 'CA'),
(973, 'John Wesley College (NC)', 'NC'),
(974, 'Johns Hopkins University (MD)', 'MD'),
(975, 'Johnson & Wales University (RI)', 'RI'),
(976, 'Johnson & Wales University-Charlotte (NC)', 'NC'),
(977, 'Johnson & Wales University-Denver (CO)', 'CO'),
(978, 'Johnson & Wales University-Florida Campus (FL)', 'FL'),
(979, 'Johnson Bible College (TN)', 'TN'),
(980, 'Johnson C Smith University (NC)', 'NC'),
(981, 'Johnson State College (VT)', 'VT'),
(982, 'Jones College-Jacksonville (FL)', 'FL'),
(983, 'Jones College-Miami Campus (FL)', 'FL'),
(984, 'Jones International University (CO)', 'CO'),
(985, 'Judson College (AL)', 'AL'),
(986, 'Judson University (IL)', 'IL'),
(987, 'Juniata College (PA)', 'PA'),
(988, 'Kalamazoo College (MI)', 'MI'),
(989, 'Kansas City Art Institute (MO)', 'MO'),
(990, 'Kansas State University (KS)', 'KS'),
(991, 'Kansas Wesleyan University (KS)', 'KS'),
(992, 'Kaplan University (MD)', 'MD'),
(993, 'Kaplan University (IA)', 'IA'),
(994, 'Kaplan University-Cedar Falls Campus (IA)', 'IA'),
(995, 'Kaplan University-Cedar Rapids Campus (IA)', 'IA'),
(996, 'Kaplan University-Council Bluffs Campus (IA)', 'IA'),
(997, 'Kaplan University-Des Moines Campus (IA)', 'IA'),
(998, 'Kaplan University-Lincoln Campus (NE)', 'NE'),
(999, 'Kaplan University-Mason City Campus (IA)', 'IA'),
(1000, 'Kaplan University-Omaha Campus (NE)', 'NE'),
(1001, 'Kean University (NJ)', 'NJ'),
(1002, 'Keene State College (NH)', 'NH'),
(1003, 'Kehilath Yakov Rabbinical Seminary (NY)', 'NY'),
(1004, 'Keiser University-Ft. Lauderdale (FL)', 'FL'),
(1005, 'Kendall College (IL)', 'IL'),
(1006, 'Kennesaw State University (GA)', 'GA'),
(1007, 'Kenrick Glennon Seminary (MO)', 'MO'),
(1008, 'Kent State University Ashtabula Campus (OH)', 'OH'),
(1009, 'Kent State University East Liverpool Campus (OH)', 'OH'),
(1010, 'Kent State University Geauga Campus (OH)', 'OH'),
(1011, 'Kent State University Kent Campus (OH)', 'OH'),
(1012, 'Kent State University Salem Campus (OH)', 'OH'),
(1013, 'Kent State University Stark Campus (OH)', 'OH'),
(1014, 'Kent State University Trumbull Campus (OH)', 'OH'),
(1015, 'Kent State University Tuscarawas Campus (OH)', 'OH'),
(1016, 'Kentucky Christian University (KY)', 'KY'),
(1017, 'Kentucky Mountain Bible College (KY)', 'KY'),
(1018, 'Kentucky State University (KY)', 'KY'),
(1019, 'Kentucky Wesleyan College (KY)', 'KY'),
(1020, 'Kenyon College (OH)', 'OH'),
(1021, 'Kettering College of Medical Arts (OH)', 'OH'),
(1022, 'Kettering University (MI)', 'MI'),
(1023, 'Keuka College (NY)', 'NY'),
(1024, 'Keystone College (PA)', 'PA'),
(1025, 'King College (TN)', 'TN'),
(1026, 'King''s College (PA)', 'PA'),
(1027, 'King''s College and Seminary (CA)', 'CA'),
(1028, 'Knox College (IL)', 'IL'),
(1029, 'Kol Yaakov Torah Center (NY)', 'NY'),
(1030, 'Kutztown University of Pennsylvania (PA)', 'PA'),
(1031, 'Kuyper College (MI)', 'MI'),
(1032, 'LA College International (CA)', 'CA'),
(1033, 'La Roche College (PA)', 'PA'),
(1034, 'La Salle University (PA)', 'PA'),
(1035, 'La Sierra University (CA)', 'CA'),
(1036, 'Laboure College (MA)', 'MA'),
(1037, 'Lafayette College (PA)', 'PA'),
(1038, 'LaGrange College (GA)', 'GA'),
(1039, 'Laguna College of Art and Design (CA)', 'CA'),
(1040, 'Lake Erie College (OH)', 'OH'),
(1041, 'Lake Forest College (IL)', 'IL'),
(1042, 'Lake Superior State University (MI)', 'MI'),
(1043, 'Lake Washington Technical College (WA)', 'WA'),
(1044, 'Lakeland College (WI)', 'WI'),
(1045, 'Lakeview College of Nursing (IL)', 'IL'),
(1046, 'Lamar University (TX)', 'TX'),
(1047, 'Lambuth University (TN)', 'TN'),
(1048, 'Lancaster Bible College and Graduate School (PA)', 'PA'),
(1049, 'Lancaster General College of Nursing & Health Sciences (PA)', 'PA'),
(1050, 'Lander University (SC)', 'SC'),
(1051, 'Lane College (TN)', 'TN'),
(1052, 'Langston University (OK)', 'OK'),
(1053, 'Lasell College (MA)', 'MA'),
(1054, 'Lawrence Technological University (MI)', 'MI'),
(1055, 'Lawrence University (WI)', 'WI'),
(1056, 'Le Cordon Bleu College of Culinary Arts (AZ)', 'AZ'),
(1057, 'Le Moyne College (NY)', 'NY'),
(1058, 'Le Moyne-Owen College (TN)', 'TN'),
(1059, 'Lebanon Valley College (PA)', 'PA'),
(1060, 'Lee University (TN)', 'TN'),
(1061, 'Lees-McRae College (NC)', 'NC'),
(1062, 'Lehigh University (PA)', 'PA'),
(1063, 'Lenoir-Rhyne University (NC)', 'NC'),
(1064, 'Lesley University (MA)', 'MA'),
(1065, 'LeTourneau University (TX)', 'TX'),
(1066, 'Lewis & Clark College (OR)', 'OR'),
(1067, 'Lewis University (IL)', 'IL'),
(1068, 'Lewis-Clark State College (ID)', 'ID'),
(1069, 'Lexington College (IL)', 'IL'),
(1070, 'Liberty University (VA)', 'VA'),
(1071, 'Life Pacific College (CA)', 'CA'),
(1072, 'Life University (GA)', 'GA'),
(1073, 'LIM College (NY)', 'NY'),
(1074, 'Limestone College (SC)', 'SC'),
(1075, 'Lincoln Christian University (IL)', 'IL'),
(1076, 'Lincoln College (IL)', 'IL'),
(1077, 'Lincoln College of Technology (FL)', 'FL'),
(1078, 'Lincoln Memorial University (TN)', 'TN'),
(1079, 'Lincoln University (CA)', 'CA'),
(1080, 'Lincoln University (MO)', 'MO'),
(1081, 'Lincoln University of Pennsylvania (PA)', 'PA'),
(1082, 'Lindenwood University (MO)', 'MO'),
(1083, 'Lindsey Wilson College (KY)', 'KY'),
(1084, 'Linfield College (OR)', 'OR'),
(1085, 'Linfield College-Adult Degree Program (OR)', 'OR'),
(1086, 'Linfield College-Portland Campus (OR)', 'OR');
INSERT INTO `tbl_university_name` (`id`, `name`, `state`) VALUES
(1087, 'Lipscomb University (TN)', 'TN'),
(1088, 'Livingstone College (NC)', 'NC'),
(1089, 'Lock Haven University (PA)', 'PA'),
(1090, 'Logan College of Chiropractic (MO)', 'MO'),
(1091, 'Loma Linda University (CA)', 'CA'),
(1092, 'Long Island University-Brentwood (NY)', 'NY'),
(1093, 'Long Island University-Brooklyn Campus (NY)', 'NY'),
(1094, 'Long Island University-C W Post Campus (NY)', 'NY'),
(1095, 'Long Island University-Riverhead (NY)', 'NY'),
(1096, 'Longwood University (VA)', 'VA'),
(1097, 'Loras College (IA)', 'IA'),
(1098, 'Louisiana College (LA)', 'LA'),
(1099, 'Louisiana State University and Agricultural & Mechanical College (LA)', 'LA'),
(1100, 'Louisiana State University at Alexandria (LA)', 'LA'),
(1101, 'Louisiana State University Health Sciences Center at New Orleans (LA)', 'LA'),
(1102, 'Louisiana State University Health Sciences Center-Shreveport (LA)', 'LA'),
(1103, 'Louisiana State University-Shreveport (LA)', 'LA'),
(1104, 'Louisiana Tech University (LA)', 'LA'),
(1105, 'Louisville Bible College (KY)', 'KY'),
(1106, 'Lourdes College (OH)', 'OH'),
(1107, 'Loyola Marymount University (CA)', 'CA'),
(1108, 'Loyola University Chicago (IL)', 'IL'),
(1109, 'Loyola University Maryland (MD)', 'MD'),
(1110, 'Loyola University New Orleans (LA)', 'LA'),
(1111, 'Lubbock Christian University (TX)', 'TX'),
(1112, 'Luther College (IA)', 'IA'),
(1113, 'Luther Rice University (GA)', 'GA'),
(1114, 'Lycoming College (PA)', 'PA'),
(1115, 'Lyme Academy College of Fine Arts (CT)', 'CT'),
(1116, 'Lynchburg College (VA)', 'VA'),
(1117, 'Lyndon State College (VT)', 'VT'),
(1118, 'Lynn University (FL)', 'FL'),
(1119, 'Lyon College (AR)', 'AR'),
(1120, 'Macalester College (MN)', 'MN'),
(1121, 'Machzikei Hadath Rabbinical College (NY)', 'NY'),
(1122, 'MacMurray College (IL)', 'IL'),
(1123, 'Macon State College (GA)', 'GA'),
(1124, 'Madison Area Technical College (WI)', 'WI'),
(1125, 'Madison Media Institute (WI)', 'WI'),
(1126, 'Madonna University (MI)', 'MI'),
(1127, 'Magdalen College (NH)', 'NH'),
(1128, 'Magnolia Bible College (MI)', 'MI'),
(1129, 'Maharishi University of Management (IA)', 'IA'),
(1130, 'Maine College of Art (ME)', 'ME'),
(1131, 'Maine Maritime Academy (ME)', 'ME'),
(1132, 'Malone University (OH)', 'OH'),
(1133, 'Manchester College (IN)', 'IN'),
(1134, 'Manhattan Christian College (KS)', 'KS'),
(1135, 'Manhattan College (NY)', 'NY'),
(1136, 'Manhattan School of Music (NY)', 'NY'),
(1137, 'Manhattanville College (NY)', 'NY'),
(1138, 'Mansfield University of Pennsylvania (PA)', 'PA'),
(1139, 'Maple Springs Baptist Bible College and Seminary (MD)', 'MD'),
(1140, 'Maranatha Baptist Bible College Inc (WI)', 'WI'),
(1141, 'Marian University (IN)', 'IN'),
(1142, 'Marian University (WI)', 'WI'),
(1143, 'Marietta College (OH)', 'OH'),
(1144, 'Marist College (NY)', 'NY'),
(1145, 'Marlboro College (VT)', 'VT'),
(1146, 'Marlboro College Graduate School (VT)', 'VT'),
(1147, 'Marquette University (WI)', 'WI'),
(1148, 'Mars Hill College (NC)', 'NC'),
(1149, 'Marshall University (WV)', 'WV'),
(1150, 'Martin Luther College (MN)', 'MN'),
(1151, 'Martin Methodist College (TN)', 'TN'),
(1152, 'Martin University (IN)', 'IN'),
(1153, 'Mary Baldwin College (VA)', 'VA'),
(1154, 'Marygrove College (MI)', 'MI'),
(1155, 'Maryland Institute College of Art (MD)', 'MD'),
(1156, 'Marylhurst University (OR)', 'OR'),
(1157, 'Marymount Manhattan College (NY)', 'NY'),
(1158, 'Marymount University (VA)', 'VA'),
(1159, 'Maryville College (TN)', 'TN'),
(1160, 'Maryville University of Saint Louis (MO)', 'MO'),
(1161, 'Marywood University (PA)', 'PA'),
(1162, 'Massachusetts College of Art and Design (MA)', 'MA'),
(1163, 'Massachusetts College of Liberal Arts (MA)', 'MA'),
(1164, 'Massachusetts College of Pharmacy and Health Sciences (MA)', 'MA'),
(1165, 'Massachusetts Institute of Technology (MA)', 'MA'),
(1166, 'Massachusetts Maritime Academy (MA)', 'MA'),
(1167, 'Mayville State University (ND)', 'ND'),
(1168, 'McDaniel College (MD)', 'MD'),
(1169, 'McKendree University (IL)', 'IL'),
(1170, 'McMurry University (TX)', 'TX'),
(1171, 'McNally Smith College of Music (MN)', 'MN'),
(1172, 'McNeese State University (LA)', 'LA'),
(1173, 'McPherson College (KS)', 'KS'),
(1174, 'Medaille College (NY)', 'NY'),
(1175, 'Medcenter One College of Nursing (ND)', 'ND'),
(1176, 'MedCentral College of Nursing (OH)', 'OH'),
(1177, 'Medical College of Georgia (GA)', 'GA'),
(1178, 'Medical University of South Carolina (SC)', 'SC'),
(1179, 'Memphis College of Art (TN)', 'TN'),
(1180, 'Menlo College (CA)', 'CA'),
(1181, 'Mercer University (GA)', 'GA'),
(1182, 'Mercy College (NY)', 'NY'),
(1183, 'Mercy College of Health Sciences (IA)', 'IA'),
(1184, 'Mercy College of Northwest Ohio (OH)', 'OH'),
(1185, 'Mercyhurst College (PA)', 'PA'),
(1186, 'Meredith College (NC)', 'NC'),
(1187, 'Merrimack College (MA)', 'MA'),
(1188, 'Mesa State College (CO)', 'CO'),
(1189, 'Mesivta of Eastern Parkway-Yeshiva Zichron Meilech (NY)', 'NY'),
(1190, 'Mesivta Torah Vodaath Rabbinical Seminary (NY)', 'NY'),
(1191, 'Mesivtha Tifereth Jerusalem of America (NY)', 'NY'),
(1192, 'Messenger College (MO)', 'MO'),
(1193, 'Messiah College (PA)', 'PA'),
(1194, 'Methodist College of Nursing (IL)', 'IL'),
(1195, 'Methodist University (NC)', 'NC'),
(1196, 'Metropolitan College of New York (NY)', 'NY'),
(1197, 'Metropolitan State College of Denver (CO)', 'CO'),
(1198, 'Metropolitan State University (MN)', 'MN'),
(1199, 'MGH Institute of Health Professions (MA)', 'MA'),
(1200, 'Miami Dade College (FL)', 'FL'),
(1201, 'Miami University-Hamilton (OH)', 'OH'),
(1202, 'Miami University-Middletown (OH)', 'OH'),
(1203, 'Miami University-Oxford (OH)', 'OH'),
(1204, 'Michigan Jewish Institute (MI)', 'MI'),
(1205, 'Michigan State University (MI)', 'MI'),
(1206, 'Michigan Technological University (MI)', 'MI'),
(1207, 'Mid-America Christian University (OK)', 'OK'),
(1208, 'Mid-America College of Funeral Service (IN)', 'IN'),
(1209, 'MidAmerica Nazarene University (KS)', 'KS'),
(1210, 'Mid-Atlantic Christian University (NC)', 'NC'),
(1211, 'Mid-Continent University (KY)', 'KY'),
(1212, 'Middle Georgia College (GA)', 'GA'),
(1213, 'Middle Tennessee State University (TN)', 'TN'),
(1214, 'Middlebury College (VT)', 'VT'),
(1215, 'Midland College (TX)', 'TX'),
(1216, 'Midland Lutheran College (NE)', 'NE'),
(1217, 'Midstate College (IL)', 'IL'),
(1218, 'Midway College (KY)', 'KY'),
(1219, 'Midwest University (MO)', 'MO'),
(1220, 'Midwestern Baptist Theological Seminary (MO)', 'MO'),
(1221, 'Midwestern State University (TX)', 'TX'),
(1222, 'Midwestern University (AZ)', 'AZ'),
(1223, 'Miles College (AL)', 'AL'),
(1224, 'Miller-Motte College-Wilmington (NC)', 'NC'),
(1225, 'Millersville University of Pennsylvania (PA)', 'PA'),
(1226, 'Milligan College (TN)', 'TN'),
(1227, 'Millikin University (IL)', 'IL'),
(1228, 'Mills College (CA)', 'CA'),
(1229, 'Millsaps College (MI)', 'MI'),
(1230, 'Milwaukee Institute of Art & Design (WI)', 'WI'),
(1231, 'Milwaukee School of Engineering (WI)', 'WI'),
(1232, 'Minneapolis College of Art and Design (MN)', 'MN'),
(1233, 'Minnesota School of Business (MN)', 'MN'),
(1234, 'Minnesota School of Business - Moorhead (MN)', 'MN'),
(1235, 'Minnesota School of Business-Brooklyn Center (MN)', 'MN'),
(1236, 'Minnesota School of Business-Elk River (MN)', 'MN'),
(1237, 'Minnesota School of Business-Shakopee (MN)', 'MN'),
(1238, 'Minnesota School of Business-Waite Park (MN)', 'MN'),
(1239, 'Minnesota State University-Mankato (MN)', 'MN'),
(1240, 'Minnesota State University-Moorhead (MN)', 'MN'),
(1241, 'Minot State University (ND)', 'ND'),
(1242, 'Mirrer Yeshiva Cent Institute (NY)', 'NY'),
(1243, 'Misericordia University (PA)', 'PA'),
(1244, 'Mississippi College (MI)', 'MI'),
(1245, 'Mississippi State University (MI)', 'MI'),
(1246, 'Mississippi University for Women (MI)', 'MI'),
(1247, 'Mississippi Valley State University (MI)', 'MI'),
(1248, 'Missouri Baptist University (MO)', 'MO'),
(1249, 'Missouri College (MO)', 'MO'),
(1250, 'Missouri Southern State University (MO)', 'MO'),
(1251, 'Missouri State University (MO)', 'MO'),
(1252, 'Missouri Tech (MO)', 'MO'),
(1253, 'Missouri University of Science and Technology (MO)', 'MO'),
(1254, 'Missouri Valley College (MO)', 'MO'),
(1255, 'Missouri Western State University (MO)', 'MO'),
(1256, 'Mitchell College (CT)', 'CT'),
(1257, 'Molloy College (NY)', 'NY'),
(1258, 'Monmouth College (IL)', 'IL'),
(1259, 'Monmouth University (NJ)', 'NJ'),
(1260, 'Monroe College-Main Campus (NY)', 'NY'),
(1261, 'Monroe College-New Rochelle (NY)', 'NY'),
(1262, 'Montana State University (MT)', 'MT'),
(1263, 'Montana State University-Billings (MT)', 'MT'),
(1264, 'Montana State University-Northern (MT)', 'MT'),
(1265, 'Montana Tech of the University of Montana (MT)', 'MT'),
(1266, 'Montclair State University (NJ)', 'NJ'),
(1267, 'Monterey Institute of International Studies (CA)', 'CA'),
(1268, 'Montreat College (NC)', 'NC'),
(1269, 'Montserrat College of Art (MA)', 'MA'),
(1270, 'Moody Bible Institute (IL)', 'IL'),
(1271, 'Moore College of Art and Design (PA)', 'PA'),
(1272, 'Moravian College and Moravian Theological Seminary (PA)', 'PA'),
(1273, 'Morehead State University (KY)', 'KY'),
(1274, 'Morehouse College (GA)', 'GA'),
(1275, 'Morgan State University (MD)', 'MD'),
(1276, 'Morningside College (IA)', 'IA'),
(1277, 'Morris College (SC)', 'SC'),
(1278, 'Morrison University (NV)', 'NV'),
(1279, 'Morrisville State College (NY)', 'NY'),
(1280, 'Mount Aloysius College (PA)', 'PA'),
(1281, 'Mount Angel Seminary (OR)', 'OR'),
(1282, 'Mount Carmel College of Nursing (OH)', 'OH'),
(1283, 'Mount Holyoke College (MA)', 'MA'),
(1284, 'Mount Ida College (MA)', 'MA'),
(1285, 'Mount Marty College (SD)', 'SD'),
(1286, 'Mount Mary College (WI)', 'WI'),
(1287, 'Mount Mercy College (IA)', 'IA'),
(1288, 'Mount Olive College (NC)', 'NC'),
(1289, 'Mount Saint Mary College (NY)', 'NY'),
(1290, 'Mount St Mary''s College (CA)', 'CA'),
(1291, 'Mount St. Mary''s University (MD)', 'MD'),
(1292, 'Mount Union College (OH)', 'OH'),
(1293, 'Mount Vernon Nazarene University (OH)', 'OH'),
(1294, 'Mountain State University (WV)', 'WV'),
(1295, 'Mt Sierra College (CA)', 'CA'),
(1296, 'Muhlenberg College (PA)', 'PA'),
(1297, 'Multnomah University (OR)', 'OR'),
(1298, 'Murray State University (KY)', 'KY'),
(1299, 'Musicians Institute (CA)', 'CA'),
(1300, 'Muskingum University (OH)', 'OH'),
(1301, 'Naropa University (CO)', 'CO'),
(1302, 'National American University-Albuquerque (NM)', 'NM'),
(1303, 'National American University-Austin (TX)', 'TX'),
(1304, 'National American University-Bloomington (MN)', 'MN'),
(1305, 'National American University-Brooklyn Center (MN)', 'MN'),
(1306, 'National American University-Colorado Springs (CO)', 'CO'),
(1307, 'National American University-Denver (CO)', 'CO'),
(1308, 'National American University-Ellsworth AFB Extension (SD)', 'SD'),
(1309, 'National American University-Independence (MO)', 'MO'),
(1310, 'National American University-Overland Park (KS)', 'KS'),
(1311, 'National American University-Rapid City (SD)', 'SD'),
(1312, 'National American University-Rio Rancho (NM)', 'NM'),
(1313, 'National American University-Roseville (MN)', 'MN'),
(1314, 'National American University-Sioux Falls (SD)', 'SD'),
(1315, 'National American University-Wichita (KS)', 'KS'),
(1316, 'National American University-Zona Rosa (MO)', 'MO'),
(1317, 'National College of Business and Technology-Arecibo (PR)', 'PR'),
(1318, 'National College of Business and Technology-Bayamon (PR)', 'PR'),
(1319, 'National College of Business and Technology-Rio Grande (PR)', 'PR'),
(1320, 'National College-Lexington (KY)', 'KY'),
(1321, 'National College-Salem (VA)', 'VA'),
(1322, 'National Graduate School of Quality Management (MA)', 'MA'),
(1323, 'National Labor College (MD)', 'MD'),
(1324, 'National University (CA)', 'CA'),
(1325, 'National University of Health Sciences (IL)', 'IL'),
(1326, 'National-Louis University (IL)', 'IL'),
(1327, 'Nazarene Bible College (CO)', 'CO'),
(1328, 'Nazareth College (NY)', 'NY'),
(1329, 'Nebraska Christian College (NE)', 'NE'),
(1330, 'Nebraska Methodist College of Nursing & Allied Health (NE)', 'NE'),
(1331, 'Nebraska Wesleyan University (NE)', 'NE'),
(1332, 'Ner Israel Rabbinical College (MD)', 'MD'),
(1333, 'Neumann University (PA)', 'PA'),
(1334, 'Neumont University (UT)', 'UT'),
(1335, 'Nevada State College (NV)', 'NV'),
(1336, 'New College of Florida (FL)', 'FL'),
(1337, 'New England College (NH)', 'NH'),
(1338, 'New England College of Business and Finance (MA)', 'MA'),
(1339, 'New England Culinary Institute (VT)', 'VT'),
(1340, 'New England Culinary Institute at Essex (VT)', 'VT'),
(1341, 'New England Institute of Technology (RI)', 'RI'),
(1342, 'New England School of Communications (ME)', 'ME'),
(1343, 'New Hampshire Institute of Art (NH)', 'NH'),
(1344, 'New Jersey City University (NJ)', 'NJ'),
(1345, 'New Jersey Institute of Technology (NJ)', 'NJ'),
(1346, 'New Life Theological Seminary (NC)', 'NC'),
(1347, 'New Mexico Highlands University (NM)', 'NM'),
(1348, 'New Mexico Institute of Mining and Technology (NM)', 'NM'),
(1349, 'New Mexico State University-Main Campus (NM)', 'NM'),
(1350, 'New Orleans Baptist Theological Seminary (LA)', 'LA'),
(1351, 'New Saint Andrews College (ID)', 'ID'),
(1352, 'New York Chiropractic College (NY)', 'NY'),
(1353, 'New York College of Health Professions (NY)', 'NY'),
(1354, 'New York College of Traditional Chinese Medicine (NY)', 'NY'),
(1355, 'New York Institute of Technology-Manhattan Campus (NY)', 'NY'),
(1356, 'New York Institute of Technology-Old Westbury (NY)', 'NY'),
(1357, 'New York School of Interior Design (NY)', 'NY'),
(1358, 'New York University (NY)', 'NY'),
(1359, 'Newberry College (SC)', 'SC'),
(1360, 'Newbury College-Brookline (MA)', 'MA'),
(1361, 'Newman University (KS)', 'KS'),
(1362, 'Newschool of Architecture and Design (CA)', 'CA'),
(1363, 'Niagara University (NY)', 'NY'),
(1364, 'Nicholls State University (LA)', 'LA'),
(1365, 'Nichols College (MA)', 'MA'),
(1366, 'Norfolk State University (VA)', 'VA'),
(1367, 'North Carolina A & T State University (NC)', 'NC'),
(1368, 'North Carolina Central University (NC)', 'NC'),
(1369, 'North Carolina State University at Raleigh (NC)', 'NC'),
(1370, 'North Carolina Wesleyan College (NC)', 'NC'),
(1371, 'North Central College (IL)', 'IL'),
(1372, 'North Central University (MN)', 'MN'),
(1373, 'North Dakota State University-Main Campus (ND)', 'ND'),
(1374, 'North Georgia College & State University (GA)', 'GA'),
(1375, 'North Greenville University (SC)', 'SC'),
(1376, 'North Park University (IL)', 'IL'),
(1377, 'Northcentral University (AZ)', 'AZ'),
(1378, 'Northeastern Illinois University (IL)', 'IL'),
(1379, 'Northeastern State University (OK)', 'OK'),
(1380, 'Northeastern University (MA)', 'MA'),
(1381, 'Northern Arizona University (AZ)', 'AZ'),
(1382, 'Northern Illinois University (IL)', 'IL'),
(1383, 'Northern Kentucky University (KY)', 'KY'),
(1384, 'Northern Marianas College (OA)', 'OA'),
(1385, 'Northern Michigan University (MI)', 'MI'),
(1386, 'Northern New Mexico College (NM)', 'NM'),
(1387, 'Northern State University (SD)', 'SD'),
(1388, 'Northland College (WI)', 'WI'),
(1389, 'Northland International University (WI)', 'WI'),
(1390, 'Northwest Christian University (OR)', 'OR'),
(1391, 'Northwest College of Art (WA)', 'WA'),
(1392, 'Northwest Florida State College (FL)', 'FL'),
(1393, 'Northwest Indian College (WA)', 'WA'),
(1394, 'Northwest Missouri State University (MO)', 'MO'),
(1395, 'Northwest Nazarene University (ID)', 'ID'),
(1396, 'Northwest University (WA)', 'WA'),
(1397, 'Northwestern College (MN)', 'MN'),
(1398, 'Northwestern College (IA)', 'IA'),
(1399, 'Northwestern Health Sciences University (MN)', 'MN'),
(1400, 'Northwestern Oklahoma State University (OK)', 'OK'),
(1401, 'Northwestern Polytechnic University (CA)', 'CA'),
(1402, 'Northwestern State University of Louisiana (LA)', 'LA'),
(1403, 'Northwestern University (IL)', 'IL'),
(1404, 'Northwood University (MI)', 'MI'),
(1405, 'Northwood University (TX)', 'TX'),
(1406, 'Northwood University-Florida Education Center (FL)', 'FL'),
(1407, 'Norwich University (VT)', 'VT'),
(1408, 'Nossi College of Art (TN)', 'TN'),
(1409, 'Notre Dame College (OH)', 'OH'),
(1410, 'Notre Dame de Namur University (CA)', 'CA'),
(1411, 'Nova Southeastern University (FL)', 'FL'),
(1412, 'Nyack College (NY)', 'NY'),
(1413, 'O''More College of Design (TN)', 'TN'),
(1414, 'Oak Hills Christian College (MN)', 'MN'),
(1415, 'Oakland City University (IN)', 'IN'),
(1416, 'Oakland University (MI)', 'MI'),
(1417, 'Oakwood University (AL)', 'AL'),
(1418, 'Oberlin College (OH)', 'OH'),
(1419, 'Occidental College (CA)', 'CA'),
(1420, 'Oglala Lakota College (SD)', 'SD'),
(1421, 'Oglethorpe University (GA)', 'GA'),
(1422, 'Ohio Christian University (OH)', 'OH'),
(1423, 'Ohio Dominican University (OH)', 'OH'),
(1424, 'Ohio Northern University (OH)', 'OH'),
(1425, 'Ohio State University-Lima Campus (OH)', 'OH'),
(1426, 'Ohio State University-Main Campus (OH)', 'OH'),
(1427, 'Ohio State University-Mansfield Campus (OH)', 'OH'),
(1428, 'Ohio State University-Marion Campus (OH)', 'OH'),
(1429, 'Ohio State University-Newark Campus (OH)', 'OH'),
(1430, 'Ohio University-Chillicothe Campus (OH)', 'OH'),
(1431, 'Ohio University-Eastern Campus (OH)', 'OH'),
(1432, 'Ohio University-Lancaster Campus (OH)', 'OH'),
(1433, 'Ohio University-Main Campus (OH)', 'OH'),
(1434, 'Ohio University-Southern Campus (OH)', 'OH'),
(1435, 'Ohio University-Zanesville Campus (OH)', 'OH'),
(1436, 'Ohio Valley University (WV)', 'WV'),
(1437, 'Ohio Wesleyan University (OH)', 'OH'),
(1438, 'Ohr Hameir Theological Seminary (NY)', 'NY'),
(1439, 'Oklahoma Baptist University (OK)', 'OK'),
(1440, 'Oklahoma Christian University (OK)', 'OK'),
(1441, 'Oklahoma City University (OK)', 'OK'),
(1442, 'Oklahoma Panhandle State University (OK)', 'OK'),
(1443, 'Oklahoma State University Institute of Technology-Okmulgee (OK)', 'OK'),
(1444, 'Oklahoma State University-Main Campus (OK)', 'OK'),
(1445, 'Oklahoma State University-Oklahoma City (OK)', 'OK'),
(1446, 'Oklahoma Wesleyan University (OK)', 'OK'),
(1447, 'Old Dominion University (VA)', 'VA'),
(1448, 'Olivet College (MI)', 'MI'),
(1449, 'Olivet Nazarene University (IL)', 'IL'),
(1450, 'Olympic College (WA)', 'WA'),
(1451, 'Oral Roberts University (OK)', 'OK'),
(1452, 'Oregon College of Art and Craft (OR)', 'OR'),
(1453, 'Oregon Health & Science University (OR)', 'OR'),
(1454, 'Oregon Institute of Technology (OR)', 'OR'),
(1455, 'Oregon State University (OR)', 'OR'),
(1456, 'Oregon State University-Cascades Campus (OR)', 'OR'),
(1457, 'Otis College of Art and Design (CA)', 'CA'),
(1458, 'Ottawa University (KS)', 'KS'),
(1459, 'Ottawa University-Jeffersonville (IN)', 'IN'),
(1460, 'Ottawa University-Kansas City (KS)', 'KS'),
(1461, 'Ottawa University-Milwaukee (WI)', 'WI'),
(1462, 'Ottawa University-Online (KS)', 'KS'),
(1463, 'Ottawa University-Phoenix (AZ)', 'AZ'),
(1464, 'Otterbein College (OH)', 'OH'),
(1465, 'Ouachita Baptist University (AR)', 'AR'),
(1466, 'Our Lady of Holy Cross College (LA)', 'LA'),
(1467, 'Our Lady of the Lake College (LA)', 'LA'),
(1468, 'Our Lady of the Lake University-San Antonio (TX)', 'TX'),
(1469, 'Ozark Christian College (MO)', 'MO'),
(1470, 'Pace University-New York (NY)', 'NY'),
(1471, 'Pacific College of Oriental Medicine (CA)', 'CA'),
(1472, 'Pacific College of Oriental Medicine (IL)', 'IL'),
(1473, 'Pacific College of Oriental Medicine-New York (NY)', 'NY'),
(1474, 'Pacific Islands Bible College (Guam)', 'Gu'),
(1475, 'Pacific Lutheran University (WA)', 'WA'),
(1476, 'Pacific Northwest College of Art (OR)', 'OR'),
(1477, 'Pacific Oaks College (CA)', 'CA'),
(1478, 'Pacific States University (CA)', 'CA'),
(1479, 'Pacific Union College (CA)', 'CA'),
(1480, 'Pacific University (OR)', 'OR'),
(1481, 'Paier College of Art Inc (CT)', 'CT'),
(1482, 'Paine College (GA)', 'GA'),
(1483, 'Palm Beach Atlantic University-West Palm Beach (FL)', 'FL'),
(1484, 'Palm Beach State College (FL)', 'FL'),
(1485, 'Palmer College of Chiropractic (IA)', 'IA'),
(1486, 'Palo Alto University (CA)', 'CA'),
(1487, 'Park University (MO)', 'MO'),
(1488, 'Parker College of Chiropractic (TX)', 'TX'),
(1489, 'Patricia Stevens College (MO)', 'MO'),
(1490, 'Patten University (CA)', 'CA'),
(1491, 'Paul Quinn College (TX)', 'TX'),
(1492, 'Paul Smiths College of Arts and Science (NY)', 'NY'),
(1493, 'Peace College (NC)', 'NC'),
(1494, 'Peirce College (PA)', 'PA'),
(1495, 'Peninsula College (WA)', 'WA'),
(1496, 'Pennsylvania Academy of the Fine Arts (PA)', 'PA'),
(1497, 'Pennsylvania College of Art and Design (PA)', 'PA'),
(1498, 'Pennsylvania College of Technology (PA)', 'PA'),
(1499, 'Pennsylvania State University-Brandywine (PA)', 'PA'),
(1500, 'Pennsylvania State University-Main Campus (PA)', 'PA'),
(1501, 'Pennsylvania State University-Penn State Abington (PA)', 'PA'),
(1502, 'Pennsylvania State University-Penn State Altoona (PA)', 'PA'),
(1503, 'Pennsylvania State University-Penn State Beaver (PA)', 'PA'),
(1504, 'Pennsylvania State University-Penn State Berks (PA)', 'PA'),
(1505, 'Pennsylvania State University-Penn State Dubois (PA)', 'PA'),
(1506, 'Pennsylvania State University-Penn State Erie-Behrend College (PA)', 'PA'),
(1507, 'Pennsylvania State University-Penn State Fayette- Eberly Campus (PA)', 'PA'),
(1508, 'Pennsylvania State University-Penn State Greater Allegheny (PA)', 'PA'),
(1509, 'Pennsylvania State University-Penn State Harrisburg (PA)', 'PA'),
(1510, 'Pennsylvania State University-Penn State Hazleton (PA)', 'PA'),
(1511, 'Pennsylvania State University-Penn State Lehigh Valley (PA)', 'PA'),
(1512, 'Pennsylvania State University-Penn State Mont Alto (PA)', 'PA'),
(1513, 'Pennsylvania State University-Penn State New Kensington (PA)', 'PA'),
(1514, 'Pennsylvania State University-Penn State Schuylkill (PA)', 'PA'),
(1515, 'Pennsylvania State University-Penn State Shenango (PA)', 'PA'),
(1516, 'Pennsylvania State University-Penn State Wilkes-Barre (PA)', 'PA'),
(1517, 'Pennsylvania State University-Penn State Worthington Scranton (PA)', 'PA'),
(1518, 'Pennsylvania State University-Penn State York (PA)', 'PA'),
(1519, 'Pepperdine University (CA)', 'CA'),
(1520, 'Peru State College (NE)', 'NE'),
(1521, 'Pfeiffer University (NC)', 'NC'),
(1522, 'Philadelphia Biblical University-Langhorne (PA)', 'PA'),
(1523, 'Philadelphia University (PA)', 'PA'),
(1524, 'Philander Smith College (AR)', 'AR'),
(1525, 'Piccolo International University (AZ)', 'AZ'),
(1526, 'Piedmont Baptist College and Graduate School (NC)', 'NC'),
(1527, 'Piedmont College (GA)', 'GA'),
(1528, 'Pikeville College (KY)', 'KY'),
(1529, 'Pine Manor College (MA)', 'MA'),
(1530, 'Pioneer Pacific College (OR)', 'OR'),
(1531, 'Pittsburg State University (KS)', 'KS'),
(1532, 'Pitzer College (CA)', 'CA'),
(1533, 'Platt College (OK)', 'OK'),
(1534, 'Platt College (CO)', 'CO'),
(1535, 'Platt College-Los Angeles (CA)', 'CA'),
(1536, 'Platt College-Ontario (CA)', 'CA'),
(1537, 'Platt College-San Diego (CA)', 'CA'),
(1538, 'Plaza College (NY)', 'NY'),
(1539, 'Plymouth State University (NH)', 'NH'),
(1540, 'Point Loma Nazarene University (CA)', 'CA'),
(1541, 'Point Park University (PA)', 'PA'),
(1542, 'Polytechnic Institute of New York University (NY)', 'NY'),
(1543, 'Polytechnic University of Puerto Rico-Miami Campus (FL)', 'FL'),
(1544, 'Pomona College (CA)', 'CA'),
(1545, 'Pontifical Catholic University of Puerto Rico-Arecibo (PR)', 'PR'),
(1546, 'Pontifical Catholic University of Puerto Rico-Mayaguez (PR)', 'PR'),
(1547, 'Pontifical Catholic University of Puerto Rico-Ponce (PR)', 'PR'),
(1548, 'Pontifical College Josephinum (OH)', 'OH'),
(1549, 'Portland State University (OR)', 'OR'),
(1550, 'Post University (CT)', 'CT'),
(1551, 'Potomac College (DC)', 'DC'),
(1552, 'Potomac College (VA)', 'VA'),
(1553, 'Potomac State College of West Virginia University (WV)', 'WV'),
(1554, 'Prairie View A & M University (TX)', 'TX'),
(1555, 'Pratt Institute-Main (NY)', 'NY'),
(1556, 'Presbyterian College (SC)', 'SC'),
(1557, 'Prescott College (AZ)', 'AZ'),
(1558, 'Presentation College (SD)', 'SD'),
(1559, 'Princeton University (NJ)', 'NJ'),
(1560, 'Principia College (IL)', 'IL'),
(1561, 'Providence Christian College (CA)', 'CA'),
(1562, 'Providence College (RI)', 'RI'),
(1563, 'Puerto Rico Conservatory of Music (PR)', 'PR'),
(1564, 'Purdue University-Calumet Campus (IN)', 'IN'),
(1565, 'Purdue University-Main Campus (IN)', 'IN'),
(1566, 'Purdue University-North Central Campus (IN)', 'IN'),
(1567, 'Queens University of Charlotte (NC)', 'NC'),
(1568, 'Quincy University (IL)', 'IL'),
(1569, 'Quinnipiac University (CT)', 'CT'),
(1570, 'Rabbi Jacob Joseph School (NJ)', 'NJ'),
(1571, 'Rabbinical Academy Mesivta Rabbi Chaim Berlin (NY)', 'NY'),
(1572, 'Rabbinical College Beth Shraga (NY)', 'NY'),
(1573, 'Rabbinical College Bobover Yeshiva Bnei Zion (NY)', 'NY'),
(1574, 'Rabbinical College of America (NJ)', 'NJ'),
(1575, 'Rabbinical College of Ch''san Sofer New York (NY)', 'NY'),
(1576, 'Rabbinical College of Long Island (NY)', 'NY'),
(1577, 'Rabbinical College of Ohr Shimon Yisroel (NY)', 'NY'),
(1578, 'Rabbinical College Telshe (OH)', 'OH'),
(1579, 'Rabbinical Seminary M''kor Chaim (NY)', 'NY'),
(1580, 'Rabbinical Seminary of America (NY)', 'NY'),
(1581, 'Radford University (VA)', 'VA'),
(1582, 'Ramapo College of New Jersey (NJ)', 'NJ'),
(1583, 'Randolph College (VA)', 'VA'),
(1584, 'Randolph-Macon College (VA)', 'VA'),
(1585, 'Ranken Technical College (MO)', 'MO'),
(1586, 'Rasmussen College-Bismarck (ND)', 'ND'),
(1587, 'Rasmussen College-Brooklyn Park (MN)', 'MN'),
(1588, 'Rasmussen College-Eagan (MN)', 'MN'),
(1589, 'Rasmussen College-Eden Prairie (MN)', 'MN'),
(1590, 'Rasmussen College-Fargo (ND)', 'ND'),
(1591, 'Rasmussen College-Fort Myers (FL)', 'FL'),
(1592, 'Rasmussen College-Lake Elmo (MN)', 'MN'),
(1593, 'Rasmussen College-Mankato (MN)', 'MN'),
(1594, 'Rasmussen College-Ocala (FL)', 'FL'),
(1595, 'Rasmussen College-Pasco County (FL)', 'FL'),
(1596, 'Rasmussen College-St Cloud (MN)', 'MN'),
(1597, 'Reed College (OR)', 'OR'),
(1598, 'Regent University (VA)', 'VA'),
(1599, 'Regis College (MA)', 'MA'),
(1600, 'Regis University (CO)', 'CO'),
(1601, 'Reinhardt College (GA)', 'GA'),
(1602, 'Remington College-Colorado Springs Campus (CO)', 'CO'),
(1603, 'Remington College-Honolulu Campus (HI)', 'HI'),
(1604, 'Remington College-Largo Campus (FL)', 'FL'),
(1605, 'Remington College-Memphis Campus (TN)', 'TN'),
(1606, 'Remington College-Mobile Campus (AL)', 'AL'),
(1607, 'Remington College-Orlando Nursing (FL)', 'FL'),
(1608, 'Remington College-San Diego Campus (CA)', 'CA'),
(1609, 'Remington College-Tampa Campus (FL)', 'FL'),
(1610, 'Rensselaer Polytechnic Institute (NY)', 'NY'),
(1611, 'Research College of Nursing (MO)', 'MO'),
(1612, 'Rhode Island College (RI)', 'RI'),
(1613, 'Rhode Island School of Design (RI)', 'RI'),
(1614, 'Rhodes College (TN)', 'TN'),
(1615, 'Rice University (TX)', 'TX'),
(1616, 'Rider University (NJ)', 'NJ'),
(1617, 'Ringling College of Art and Design (FL)', 'FL'),
(1618, 'Ripon College (WI)', 'WI'),
(1619, 'Rivier College (NH)', 'NH'),
(1620, 'Roanoke College (VA)', 'VA'),
(1621, 'Robert Morris University (PA)', 'PA'),
(1622, 'Robert Morris University Illinois (IL)', 'IL'),
(1623, 'Roberts Wesleyan College (NY)', 'NY'),
(1624, 'Rochester College (MI)', 'MI'),
(1625, 'Rochester Institute of Technology (NY)', 'NY'),
(1626, 'Rockford College (IL)', 'IL'),
(1627, 'Rockhurst University (MO)', 'MO'),
(1628, 'Rocky Mountain College (MT)', 'MT'),
(1629, 'Rocky Mountain College of Art and Design (CO)', 'CO'),
(1630, 'Roger Williams University (RI)', 'RI'),
(1631, 'Rogers State University (OK)', 'OK'),
(1632, 'Rollins College (FL)', 'FL'),
(1633, 'Roosevelt University (IL)', 'IL'),
(1634, 'Rose-Hulman Institute of Technology (IN)', 'IN'),
(1635, 'Rosemont College (PA)', 'PA'),
(1636, 'Rowan University (NJ)', 'NJ'),
(1637, 'Rush University (IL)', 'IL'),
(1638, 'Russell Sage College (NY)', 'NY'),
(1639, 'Rust College (MI)', 'MI'),
(1640, 'Rutgers University-Camden (NJ)', 'NJ'),
(1641, 'Rutgers University-New Brunswick (NJ)', 'NJ'),
(1642, 'Rutgers University-Newark (NJ)', 'NJ'),
(1643, 'Sacred Heart Major Seminary (MI)', 'MI'),
(1644, 'Sacred Heart University (CT)', 'CT'),
(1645, 'Sage College of Albany (NY)', 'NY'),
(1646, 'Saginaw Valley State University (MI)', 'MI'),
(1647, 'Saint Ambrose University (IA)', 'IA'),
(1648, 'Saint Anselm College (NH)', 'NH'),
(1649, 'Saint Anthony College of Nursing (IL)', 'IL'),
(1650, 'Saint Augustine College (IL)', 'IL'),
(1651, 'Saint Augustines College (NC)', 'NC'),
(1652, 'Saint Bonaventure University (NY)', 'NY'),
(1653, 'Saint Catharine College (KY)', 'KY'),
(1654, 'Saint Charles Borromeo Seminary-Overbrook (PA)', 'PA'),
(1655, 'Saint Cloud State University (MN)', 'MN'),
(1656, 'Saint Edward''s University (TX)', 'TX'),
(1657, 'Saint Francis Medical Center College of Nursing (IL)', 'IL'),
(1658, 'Saint Francis University (PA)', 'PA'),
(1659, 'Saint Gregorys University (OK)', 'OK'),
(1660, 'Saint John Fisher College (NY)', 'NY'),
(1661, 'Saint John Vianney College Seminary (FL)', 'FL'),
(1662, 'Saint John''s Seminary (MA)', 'MA'),
(1663, 'Saint Johns University (MN)', 'MN'),
(1664, 'Saint Joseph College (CT)', 'CT'),
(1665, 'Saint Joseph Seminary College (LA)', 'LA'),
(1666, 'Saint Joseph''s College of Maine (ME)', 'ME'),
(1667, 'Saint Joseph''s University (PA)', 'PA'),
(1668, 'Saint Josephs College (IN)', 'IN'),
(1669, 'Saint Josephs College-Main Campus (NY)', 'NY'),
(1670, 'Saint Josephs College-Suffolk Campus (NY)', 'NY'),
(1671, 'Saint Leo University (FL)', 'FL'),
(1672, 'Saint Louis Christian College (MO)', 'MO'),
(1673, 'Saint Louis University-Main Campus (MO)', 'MO'),
(1674, 'Saint Lukes College (MO)', 'MO'),
(1675, 'Saint Martin''s University (WA)', 'WA'),
(1676, 'Saint Mary''s College (IN)', 'IN'),
(1677, 'Saint Mary''s University of Minnesota (MN)', 'MN'),
(1678, 'Saint Mary-of-the-Woods College (IN)', 'IN'),
(1679, 'Saint Marys College of California (CA)', 'CA'),
(1680, 'Saint Michael''s College (VT)', 'VT'),
(1681, 'Saint Norbert College (WI)', 'WI'),
(1682, 'Saint Pauls College (VA)', 'VA'),
(1683, 'Saint Peter''s College (NJ)', 'NJ'),
(1684, 'Saint Thomas Aquinas College (NY)', 'NY'),
(1685, 'Saint Thomas University (FL)', 'FL'),
(1686, 'Saint Vincent College (PA)', 'PA'),
(1687, 'Saint Xavier University (IL)', 'IL'),
(1688, 'Salem College (NC)', 'NC'),
(1689, 'Salem International University (WV)', 'WV'),
(1690, 'Salem State College (MA)', 'MA'),
(1691, 'Salisbury University (MD)', 'MD'),
(1692, 'Salish Kootenai College (MT)', 'MT'),
(1693, 'Salve Regina University (RI)', 'RI'),
(1694, 'Sam Houston State University (TX)', 'TX'),
(1695, 'Samford University (AL)', 'AL'),
(1696, 'Samuel Merritt University (CA)', 'CA'),
(1697, 'San Diego Christian College (CA)', 'CA'),
(1698, 'San Diego State University (CA)', 'CA'),
(1699, 'San Diego State University-Imperial Valley Campus (CA)', 'CA'),
(1700, 'San Francisco Art Institute (CA)', 'CA'),
(1701, 'San Francisco Conservatory of Music (CA)', 'CA'),
(1702, 'San Francisco State University (CA)', 'CA'),
(1703, 'San Jose State University (CA)', 'CA'),
(1704, 'Sanford-Brown College (VA)', 'VA'),
(1705, 'Sanford-Brown College (MO)', 'MO'),
(1706, 'Santa Clara University (CA)', 'CA'),
(1707, 'Santa Fe College (FL)', 'FL'),
(1708, 'Sarah Lawrence College (NY)', 'NY'),
(1709, 'Savannah College of Art and Design (GA)', 'GA'),
(1710, 'Savannah State University (GA)', 'GA'),
(1711, 'Schiller International University (FL)', 'FL'),
(1712, 'School of the Art Institute of Chicago (IL)', 'IL'),
(1713, 'School of the Museum of Fine Arts-Boston (MA)', 'MA'),
(1714, 'School of Urban Missions (CA)', 'CA'),
(1715, 'School of Visual Arts (NY)', 'NY'),
(1716, 'Schreiner University (TX)', 'TX'),
(1717, 'Scripps College (CA)', 'CA'),
(1718, 'Seattle Community College-Central Campus (WA)', 'WA'),
(1719, 'Seattle Community College-South Campus (WA)', 'WA'),
(1720, 'Seattle Pacific University (WA)', 'WA'),
(1721, 'Seattle University (WA)', 'WA'),
(1722, 'Selma University (AL)', 'AL'),
(1723, 'Seton Hall University (NJ)', 'NJ'),
(1724, 'Seton Hill University (PA)', 'PA'),
(1725, 'Sewanee-The University of the South (TN)', 'TN'),
(1726, 'Sh''or Yoshuv Rabbinical College (NY)', 'NY'),
(1727, 'Shasta Bible College and Graduate School (CA)', 'CA'),
(1728, 'Shaw University (NC)', 'NC'),
(1729, 'Shawnee State University (OH)', 'OH'),
(1730, 'Shenandoah University (VA)', 'VA'),
(1731, 'Shepherd University (WV)', 'WV'),
(1732, 'Shimer College (IL)', 'IL'),
(1733, 'Shippensburg University of Pennsylvania (PA)', 'PA'),
(1734, 'Shorter College (GA)', 'GA'),
(1735, 'Shorter College-Professional Studies (GA)', 'GA'),
(1736, 'Siena College (NY)', 'NY'),
(1737, 'Siena Heights University (MI)', 'MI'),
(1738, 'Sierra Nevada College (NV)', 'NV'),
(1739, 'Silicon Valley University (CA)', 'CA'),
(1740, 'Silver Lake College (WI)', 'WI'),
(1741, 'Simmons College (MA)', 'MA'),
(1742, 'Simpson College (IA)', 'IA'),
(1743, 'Simpson University (CA)', 'CA'),
(1744, 'Sinte Gleska University (SD)', 'SD'),
(1745, 'Sitting Bull College (ND)', 'ND'),
(1746, 'Skidmore College (NY)', 'NY'),
(1747, 'Slippery Rock University of Pennsylvania (PA)', 'PA'),
(1748, 'Smith College (MA)', 'MA'),
(1749, 'Sojourner-Douglass College (MD)', 'MD'),
(1750, 'Soka University of America (CA)', 'CA'),
(1751, 'Somerset Christian College (NJ)', 'NJ'),
(1752, 'Sonoma State University (CA)', 'CA'),
(1753, 'South Carolina State University (SC)', 'SC'),
(1754, 'South College (TN)', 'TN'),
(1755, 'South College-Asheville (NC)', 'NC'),
(1756, 'South Dakota School of Mines and Technology (SD)', 'SD'),
(1757, 'South Dakota State University (SD)', 'SD'),
(1758, 'South Florida Bible College and Theological Seminary (FL)', 'FL'),
(1759, 'South Texas College (TX)', 'TX'),
(1760, 'South University (SC)', 'SC'),
(1761, 'South University-Montgomery (AL)', 'AL'),
(1762, 'South University-Savannah (GA)', 'GA'),
(1763, 'South University-Tampa (FL)', 'FL'),
(1764, 'South University-West Palm Beach (FL)', 'FL'),
(1765, 'Southeast Missouri State University (MO)', 'MO'),
(1766, 'Southeastern Baptist College (MI)', 'MI'),
(1767, 'Southeastern Bible College (AL)', 'AL'),
(1768, 'Southeastern Louisiana University (LA)', 'LA'),
(1769, 'Southeastern Oklahoma State University (OK)', 'OK'),
(1770, 'Southeastern University (FL)', 'FL'),
(1771, 'Southern Adventist University (TN)', 'TN'),
(1772, 'Southern Arkansas University Main Campus (AR)', 'AR'),
(1773, 'Southern California Institute of Architecture (CA)', 'CA'),
(1774, 'Southern California Institute of Technology (CA)', 'CA'),
(1775, 'Southern California Seminary (CA)', 'CA'),
(1776, 'Southern Catholic College (GA)', 'GA'),
(1777, 'Southern Connecticut State University (CT)', 'CT'),
(1778, 'Southern Illinois University Carbondale (IL)', 'IL'),
(1779, 'Southern Illinois University Edwardsville (IL)', 'IL'),
(1780, 'Southern Methodist University (TX)', 'TX'),
(1781, 'Southern Nazarene University (OK)', 'OK'),
(1782, 'Southern New Hampshire University (NH)', 'NH'),
(1783, 'Southern Oregon University (OR)', 'OR'),
(1784, 'Southern Polytechnic State University (GA)', 'GA'),
(1785, 'Southern University and A & M College (LA)', 'LA'),
(1786, 'Southern University at New Orleans (LA)', 'LA'),
(1787, 'Southern Utah University (UT)', 'UT'),
(1788, 'Southern Vermont College (VT)', 'VT'),
(1789, 'Southern Virginia University (VA)', 'VA'),
(1790, 'Southern Wesleyan University (SC)', 'SC'),
(1791, 'Southwest Baptist University (MO)', 'MO'),
(1792, 'Southwest Florida College (FL)', 'FL'),
(1793, 'Southwest Minnesota State University (MN)', 'MN'),
(1794, 'Southwestern Adventist University (TX)', 'TX'),
(1795, 'Southwestern Assemblies of God University (TX)', 'TX'),
(1796, 'Southwestern Baptist Theological Seminary (TX)', 'TX'),
(1797, 'Southwestern Christian College (TX)', 'TX'),
(1798, 'Southwestern Christian University (OK)', 'OK'),
(1799, 'Southwestern College (AZ)', 'AZ'),
(1800, 'Southwestern College (KS)', 'KS'),
(1801, 'Southwestern Oklahoma State University (OK)', 'OK'),
(1802, 'Southwestern University (TX)', 'TX'),
(1803, 'Spalding University (KY)', 'KY'),
(1804, 'Spartan College of Aeronautics and Technology (OK)', 'OK'),
(1805, 'Spelman College (GA)', 'GA'),
(1806, 'Spring Arbor University (MI)', 'MI'),
(1807, 'Spring Hill College (AL)', 'AL'),
(1808, 'Springfield College (MA)', 'MA'),
(1809, 'St Andrews Presbyterian College (NC)', 'NC'),
(1810, 'St John''s College (NM)', 'NM'),
(1811, 'St John''s College (MD)', 'MD'),
(1812, 'St Johns College (IL)', 'IL'),
(1813, 'St Lawrence University (NY)', 'NY'),
(1814, 'St Marys University (TX)', 'TX'),
(1815, 'St Petersburg College (FL)', 'FL'),
(1816, 'St Tikhon''s Orthodox Theological Seminary (PA)', 'PA'),
(1817, 'St. Basil College (CT)', 'CT'),
(1818, 'St. Catherine University (MN)', 'MN'),
(1819, 'St. Francis College (NY)', 'NY'),
(1820, 'St. John''s University-New York (NY)', 'NY'),
(1821, 'St. Mary''s College of Maryland (MD)', 'MD'),
(1822, 'St. Mary''s Seminary & University (MD)', 'MD'),
(1823, 'St. Olaf College (MN)', 'MN'),
(1824, 'St. Petersburg Theological Seminary (FL)', 'FL'),
(1825, 'Stanford University (CA)', 'CA'),
(1826, 'State College of Florida-Manatee-Sarasota (FL)', 'FL'),
(1827, 'Stephen F Austin State University (TX)', 'TX'),
(1828, 'Stephens College (MO)', 'MO'),
(1829, 'Sterling College (KS)', 'KS'),
(1830, 'Sterling College (VT)', 'VT'),
(1831, 'Stetson University (FL)', 'FL'),
(1832, 'Stevens Institute of Technology (NJ)', 'NJ'),
(1833, 'Stevens-Henager College (UT)', 'UT'),
(1834, 'Stevens-Henager College of Business-Provo (UT)', 'UT'),
(1835, 'Stevens-Henager College-Ogden (UT)', 'UT'),
(1836, 'Stevenson University (MD)', 'MD'),
(1837, 'Stillman College (AL)', 'AL'),
(1838, 'Stonehill College (MA)', 'MA'),
(1839, 'Stony Brook University (NY)', 'NY'),
(1840, 'Stratford University (VA)', 'VA'),
(1841, 'Strayer University (DC)', 'DC'),
(1842, 'Suffolk University (MA)', 'MA'),
(1843, 'Sul Ross State University (TX)', 'TX'),
(1844, 'Sullivan College of Technology and Design (KY)', 'KY'),
(1845, 'Sullivan University (KY)', 'KY'),
(1846, 'Summit Christian College (NE)', 'NE'),
(1847, 'SUNY at Albany (NY)', 'NY'),
(1848, 'SUNY at Binghamton (NY)', 'NY'),
(1849, 'SUNY at Fredonia (NY)', 'NY'),
(1850, 'SUNY at Geneseo (NY)', 'NY'),
(1851, 'SUNY at Purchase College (NY)', 'NY'),
(1852, 'SUNY College at Brockport (NY)', 'NY'),
(1853, 'SUNY College at Buffalo (NY)', 'NY'),
(1854, 'SUNY College at Cortland (NY)', 'NY'),
(1855, 'SUNY College at New Paltz (NY)', 'NY'),
(1856, 'SUNY College at Old Westbury (NY)', 'NY'),
(1857, 'SUNY College at Oneonta (NY)', 'NY'),
(1858, 'SUNY College at Oswego (NY)', 'NY'),
(1859, 'SUNY College at Plattsburgh (NY)', 'NY'),
(1860, 'SUNY College at Potsdam (NY)', 'NY'),
(1861, 'SUNY College of Agriculture and Technology at Cobleskill (NY)', 'NY'),
(1862, 'SUNY College of Environmental Science and Forestry (NY)', 'NY'),
(1863, 'SUNY College of Technology at Alfred (NY)', 'NY'),
(1864, 'SUNY College of Technology at Canton (NY)', 'NY'),
(1865, 'SUNY College of Technology at Delhi (NY)', 'NY'),
(1866, 'SUNY Empire State College (NY)', 'NY'),
(1867, 'SUNY Health Science Center at Brooklyn (NY)', 'NY'),
(1868, 'SUNY Health Science Center at Syracuse (NY)', 'NY'),
(1869, 'SUNY Institute of Technology at Utica-Rome (NY)', 'NY'),
(1870, 'SUNY Maritime College (NY)', 'NY'),
(1871, 'Susquehanna University (PA)', 'PA'),
(1872, 'Swarthmore College (PA)', 'PA'),
(1873, 'Swedish Institute a College of Health Sciences (NY)', 'NY'),
(1874, 'Sweet Briar College (VA)', 'VA'),
(1875, 'Syracuse University (NY)', 'NY'),
(1876, 'Tabor College (KS)', 'KS'),
(1877, 'Talladega College (AL)', 'AL'),
(1878, 'Talmudic College of Florida (FL)', 'FL'),
(1879, 'Talmudical Academy-New Jersey (NJ)', 'NJ'),
(1880, 'Talmudical Institute of Upstate New York (NY)', 'NY'),
(1881, 'Talmudical Seminary of Bobov (NY)', 'NY'),
(1882, 'Talmudical Seminary Oholei Torah (NY)', 'NY'),
(1883, 'Talmudical Yeshiva of Philadelphia (PA)', 'PA'),
(1884, 'Tarleton State University (TX)', 'TX'),
(1885, 'Taylor University (IN)', 'IN'),
(1886, 'Telshe Yeshiva-Chicago (IL)', 'IL'),
(1887, 'Temple Baptist College (OH)', 'OH'),
(1888, 'Temple University (PA)', 'PA'),
(1889, 'Tennessee State University (TN)', 'TN'),
(1890, 'Tennessee Technological University (TN)', 'TN'),
(1891, 'Tennessee Temple University (TN)', 'TN'),
(1892, 'Tennessee Wesleyan College (TN)', 'TN'),
(1893, 'Texas A & M International University (TX)', 'TX'),
(1894, 'Texas A & M University (TX)', 'TX'),
(1895, 'Texas A & M University at Galveston (TX)', 'TX'),
(1896, 'Texas A & M University-Commerce (TX)', 'TX'),
(1897, 'Texas A & M University-Corpus Christi (TX)', 'TX'),
(1898, 'Texas A & M University-Kingsville (TX)', 'TX'),
(1899, 'Texas A & M University-Texarkana (TX)', 'TX'),
(1900, 'Texas A&M Health Science Center (TX)', 'TX'),
(1901, 'Texas Christian University (TX)', 'TX'),
(1902, 'Texas College (TX)', 'TX'),
(1903, 'Texas Lutheran University (TX)', 'TX'),
(1904, 'Texas Southern University (TX)', 'TX'),
(1905, 'Texas State University-San Marcos (TX)', 'TX'),
(1906, 'Texas Tech University (TX)', 'TX'),
(1907, 'Texas Tech University Health Sciences Center (TX)', 'TX'),
(1908, 'Texas Wesleyan University (TX)', 'TX'),
(1909, 'Texas Woman''s University (TX)', 'TX'),
(1910, 'The Art Center Design College-Albuquerque (NM)', 'NM'),
(1911, 'The Art Center Design College-Tucson (AZ)', 'AZ'),
(1912, 'The Art Institute of Atlanta (GA)', 'GA'),
(1913, 'The Art Institute of Austin (TX)', 'TX'),
(1914, 'The Art Institute of CaliforniaSunnyvale (CA)', 'CA'),
(1915, 'The Art Institute of California-Hollywood (CA)', 'CA'),
(1916, 'The Art Institute of California-Inland Empire (CA)', 'CA'),
(1917, 'The Art Institute of California-Los Angeles (CA)', 'CA'),
(1918, 'The Art Institute of California-Orange County (CA)', 'CA'),
(1919, 'The Art Institute of California-Sacramento (CA)', 'CA'),
(1920, 'The Art Institute of California-San Diego (CA)', 'CA'),
(1921, 'The Art Institute of California-San Francisco (CA)', 'CA'),
(1922, 'The Art Institute of Charleston (SC)', 'SC'),
(1923, 'The Art Institute of Charlotte (NC)', 'NC'),
(1924, 'The Art Institute of Colorado (CO)', 'CO'),
(1925, 'The Art Institute of Dallas (TX)', 'TX'),
(1926, 'The Art Institute of Fort Lauderdale Inc (FL)', 'FL'),
(1927, 'The Art Institute of Houston (TX)', 'TX'),
(1928, 'The Art Institute of Indianapolis (IN)', 'IN'),
(1929, 'The Art Institute of Las Vegas (NV)', 'NV'),
(1930, 'The Art Institute of Michigan (MI)', 'MI'),
(1931, 'The Art Institute of Philadelphia (PA)', 'PA'),
(1932, 'The Art Institute of Phoenix (AZ)', 'AZ'),
(1933, 'The Art Institute of Pittsburgh (PA)', 'PA'),
(1934, 'The Art Institute of Pittsburgh-Online Division (PA)', 'PA'),
(1935, 'The Art Institute of Portland (OR)', 'OR'),
(1936, 'The Art Institute of Raleigh-Durham (NC)', 'NC'),
(1937, 'The Art Institute of Salt Lake City (UT)', 'UT'),
(1938, 'The Art Institute of Seattle (WA)', 'WA'),
(1939, 'The Art Institute of Tennessee-Nashville (TN)', 'TN'),
(1940, 'The Art Institute of Tucson (AZ)', 'AZ'),
(1941, 'The Art Institute of Washington (VA)', 'VA'),
(1942, 'The Art Institute of Washington-Northern Virginia (VA)', 'VA'),
(1943, 'The Art Institutes International Minnesota (MN)', 'MN'),
(1944, 'The Art Institutes InternationalKansas City (KS)', 'KS'),
(1945, 'The Art Institutes of York-PA (PA)', 'PA'),
(1946, 'The Baptist College of Florida (FL)', 'FL'),
(1947, 'The Boston Conservatory (MA)', 'MA'),
(1948, 'The College of Idaho (ID)', 'ID'),
(1949, 'The College of New Jersey (NJ)', 'NJ'),
(1950, 'The College of New Rochelle (NY)', 'NY'),
(1951, 'The College of Saint Rose (NY)', 'NY'),
(1952, 'The College of Saint Scholastica (MN)', 'MN'),
(1953, 'The College of Saint Thomas More (TX)', 'TX'),
(1954, 'The College of Westchester (NY)', 'NY'),
(1955, 'The College of Wooster (OH)', 'OH'),
(1956, 'The Creative Center (NE)', 'NE'),
(1957, 'The Curtis Institute of Music (PA)', 'PA'),
(1958, 'The Evergreen State College (WA)', 'WA'),
(1959, 'The Fashion Institute of Design & Merchandising-Los Angeles (CA)', 'CA'),
(1960, 'The Illinois Institute of Art-Chicago (IL)', 'IL'),
(1961, 'The Illinois Institute of Art-Schaumburg (IL)', 'IL'),
(1962, 'The Juilliard School (NY)', 'NY'),
(1963, 'The Kings College (NY)', 'NY'),
(1964, 'The Master''s College and Seminary (CA)', 'CA'),
(1965, 'The National Hispanic University (CA)', 'CA'),
(1966, 'The New England Conservatory of Music (MA)', 'MA'),
(1967, 'The New England Institute of Art (MA)', 'MA'),
(1968, 'The New School (NY)', 'NY'),
(1969, 'The Restaurant School at Walnut Hill College (PA)', 'PA'),
(1970, 'The Richard Stockton College of New Jersey (NJ)', 'NJ'),
(1971, 'The Robert B Miller College (MI)', 'MI'),
(1972, 'The Southern Baptist Theological Seminary (KY)', 'KY'),
(1973, 'The University of Alabama (AL)', 'AL'),
(1974, 'The University of Findlay (OH)', 'OH'),
(1975, 'The University of Montana (MT)', 'MT'),
(1976, 'The University of Montana-Western (MT)', 'MT'),
(1977, 'The University of Tampa (FL)', 'FL'),
(1978, 'The University of Tennessee (TN)', 'TN'),
(1979, 'The University of Tennessee at Chattanooga (TN)', 'TN'),
(1980, 'The University of Tennessee-Martin (TN)', 'TN'),
(1981, 'The University of Texas at Arlington (TX)', 'TX'),
(1982, 'The University of Texas at Austin (TX)', 'TX'),
(1983, 'The University of Texas at Brownsville (TX)', 'TX'),
(1984, 'The University of Texas at Dallas (TX)', 'TX'),
(1985, 'The University of Texas at El Paso (TX)', 'TX'),
(1986, 'The University of Texas at San Antonio (TX)', 'TX'),
(1987, 'The University of Texas at Tyler (TX)', 'TX'),
(1988, 'The University of Texas Health Science Center at Houston (TX)', 'TX'),
(1989, 'The University of Texas Health Science Center at San Antonio (TX)', 'TX'),
(1990, 'The University of Texas M.D.  Anderson Cancer Center (TX)', 'TX'),
(1991, 'The University of Texas Medical Branch (TX)', 'TX'),
(1992, 'The University of Texas of the Permian Basin (TX)', 'TX'),
(1993, 'The University of Texas-Pan American (TX)', 'TX'),
(1994, 'The University of the Arts (PA)', 'PA'),
(1995, 'The University of Virginia''s College at Wise (VA)', 'VA'),
(1996, 'The University of West Florida (FL)', 'FL'),
(1997, 'Thiel College (PA)', 'PA'),
(1998, 'Thomas Aquinas College (CA)', 'CA'),
(1999, 'Thomas College (ME)', 'ME'),
(2000, 'Thomas Edison State College (NJ)', 'NJ'),
(2001, 'Thomas Jefferson University (PA)', 'PA'),
(2002, 'Thomas More College (KY)', 'KY'),
(2003, 'Thomas More College of Liberal Arts (NH)', 'NH'),
(2004, 'Thomas University (GA)', 'GA'),
(2005, 'Tiffin University (OH)', 'OH'),
(2006, 'Toccoa Falls College (GA)', 'GA'),
(2007, 'Torah Temimah Talmudical Seminary (NY)', 'NY'),
(2008, 'Tougaloo College (MI)', 'MI'),
(2009, 'Touro College (NY)', 'NY'),
(2010, 'Towson University (MD)', 'MD'),
(2011, 'Transylvania University (KY)', 'KY'),
(2012, 'Trevecca Nazarene University (TN)', 'TN'),
(2013, 'Trine University (IN)', 'IN'),
(2014, 'Trine University-Fort Wayne Regional Campus (IN)', 'IN'),
(2015, 'Trine University-South Bend Regional Campus (IN)', 'IN'),
(2016, 'Trinity Baptist College (FL)', 'FL'),
(2017, 'Trinity Bible College (ND)', 'ND'),
(2018, 'Trinity Christian College (IL)', 'IL'),
(2019, 'Trinity College (CT)', 'CT'),
(2020, 'Trinity College of Florida (FL)', 'FL'),
(2021, 'Trinity College of Nursing and Health Sciences (IL)', 'IL'),
(2022, 'Trinity International University (IL)', 'IL'),
(2023, 'Trinity International University (FL)', 'FL'),
(2024, 'Trinity Life Bible College (CA)', 'CA'),
(2025, 'Trinity Lutheran College (WA)', 'WA'),
(2026, 'Trinity University (TX)', 'TX'),
(2027, 'Trinity Washington University (DC)', 'DC'),
(2028, 'Tri-State Bible College (OH)', 'OH'),
(2029, 'Troy University (AL)', 'AL'),
(2030, 'Truett-McConnell College (GA)', 'GA'),
(2031, 'Truman State University (MO)', 'MO'),
(2032, 'Tufts University (MA)', 'MA'),
(2033, 'TUI University (CA)', 'CA'),
(2034, 'Tulane University of Louisiana (LA)', 'LA'),
(2035, 'Turtle Mountain Community College (ND)', 'ND'),
(2036, 'Tusculum College (TN)', 'TN'),
(2037, 'Tuskegee University (AL)', 'AL'),
(2038, 'Union College (KY)', 'KY'),
(2039, 'Union College (NE)', 'NE'),
(2040, 'Union College (NY)', 'NY'),
(2041, 'Union Institute & University (OH)', 'OH'),
(2042, 'Union University (TN)', 'TN'),
(2043, 'United States Air Force Academy (CO)', 'CO'),
(2044, 'United States Coast Guard Academy (CT)', 'CT'),
(2045, 'United States Merchant Marine Academy (NY)', 'NY'),
(2046, 'United States Military Academy (NY)', 'NY'),
(2047, 'United States Naval Academy (MD)', 'MD'),
(2048, 'United States Sports Academy (AL)', 'AL'),
(2049, 'United Talmudical Seminary (NY)', 'NY'),
(2050, 'Unity College (ME)', 'ME'),
(2051, 'Universidad Adventista de las Antillas (PR)', 'PR'),
(2052, 'Universidad Central Del Caribe (PR)', 'PR'),
(2053, 'Universidad Del Este (PR)', 'PR'),
(2054, 'Universidad Del Turabo (PR)', 'PR'),
(2055, 'Universidad Metropolitana (PR)', 'PR'),
(2056, 'Universidad Politecnica de Puerto Rico (PR)', 'PR'),
(2057, 'Universidad Politecnica de Puerto Rico-Orlando Campus (FL)', 'FL'),
(2058, 'Universidad Teologica del Caribe (PR)', 'PR'),
(2059, 'University at Buffalo (NY)', 'NY'),
(2060, 'University of Advancing Technology (AZ)', 'AZ'),
(2061, 'University of Akron Main Campus (OH)', 'OH'),
(2062, 'University of Alabama at Birmingham (AL)', 'AL'),
(2063, 'University of Alabama in Huntsville (AL)', 'AL'),
(2064, 'University of Alaska Anchorage (AK)', 'AK'),
(2065, 'University of Alaska Fairbanks (AK)', 'AK'),
(2066, 'University of Alaska Southeast (AK)', 'AK'),
(2067, 'University of Antelope Valley (CA)', 'CA'),
(2068, 'University of Arizona (AZ)', 'AZ'),
(2069, 'University of Arkansas (AR)', 'AR'),
(2070, 'University of Arkansas at Little Rock (AR)', 'AR'),
(2071, 'University of Arkansas at Monticello (AR)', 'AR'),
(2072, 'University of Arkansas at Pine Bluff (AR)', 'AR'),
(2073, 'University of Arkansas for Medical Sciences (AR)', 'AR'),
(2074, 'University of Arkansas-Fort Smith (AR)', 'AR'),
(2075, 'University of Baltimore (MD)', 'MD'),
(2076, 'University of Bridgeport (CT)', 'CT'),
(2077, 'University of California-Berkeley (CA)', 'CA'),
(2078, 'University of California-Davis (CA)', 'CA'),
(2079, 'University of California-Irvine (CA)', 'CA'),
(2080, 'University of California-Los Angeles (CA)', 'CA'),
(2081, 'University of California-Merced (CA)', 'CA'),
(2082, 'University of California-Riverside (CA)', 'CA'),
(2083, 'University of California-San Diego (CA)', 'CA'),
(2084, 'University of California-Santa Barbara (CA)', 'CA'),
(2085, 'University of California-Santa Cruz (CA)', 'CA'),
(2086, 'University of Central Arkansas (AR)', 'AR'),
(2087, 'University of Central Florida (FL)', 'FL'),
(2088, 'University of Central Missouri (MO)', 'MO'),
(2089, 'University of Central Oklahoma (OK)', 'OK'),
(2090, 'University of Charleston (WV)', 'WV'),
(2091, 'University of Chicago (IL)', 'IL'),
(2092, 'University of Cincinnati-Clermont College (OH)', 'OH'),
(2093, 'University of Cincinnati-Main Campus (OH)', 'OH'),
(2094, 'University of Cincinnati-Raymond Walters College (OH)', 'OH'),
(2095, 'University of Colorado at Boulder (CO)', 'CO'),
(2096, 'University of Colorado at Colorado Springs (CO)', 'CO'),
(2097, 'University of Colorado Denver (CO)', 'CO'),
(2098, 'University of Connecticut (CT)', 'CT'),
(2099, 'University of Connecticut-Avery Point (CT)', 'CT'),
(2100, 'University of Connecticut-Stamford (CT)', 'CT'),
(2101, 'University of Connecticut-Tri-Campus (CT)', 'CT'),
(2102, 'University of Dallas (TX)', 'TX'),
(2103, 'University of Dayton (OH)', 'OH');
INSERT INTO `tbl_university_name` (`id`, `name`, `state`) VALUES
(2104, 'University of Delaware (DE)', 'DE'),
(2105, 'University of Denver (CO)', 'CO'),
(2106, 'University of Detroit Mercy (MI)', 'MI'),
(2107, 'University of Dubuque (IA)', 'IA'),
(2108, 'University of Evansville (IN)', 'IN'),
(2109, 'University of Florida (FL)', 'FL'),
(2110, 'University of Georgia (GA)', 'GA'),
(2111, 'University of Great Falls (MT)', 'MT'),
(2112, 'University of Guam (Guam)', 'Gu'),
(2113, 'University of Hartford (CT)', 'CT'),
(2114, 'University of Hawaii at Hilo (HI)', 'HI'),
(2115, 'University of Hawaii at Manoa (HI)', 'HI'),
(2116, 'University of Hawaii Maui College (HI)', 'HI'),
(2117, 'University of Hawaii-West Oahu (HI)', 'HI'),
(2118, 'University of Houston (TX)', 'TX'),
(2119, 'University of Houston-Clear Lake (TX)', 'TX'),
(2120, 'University of Houston-Downtown (TX)', 'TX'),
(2121, 'University of Houston-Victoria (TX)', 'TX'),
(2122, 'University of Idaho (ID)', 'ID'),
(2123, 'University of Illinois at Chicago (IL)', 'IL'),
(2124, 'University of Illinois at Springfield (IL)', 'IL'),
(2125, 'University of Illinois at Urbana-Champaign (IL)', 'IL'),
(2126, 'University of Indianapolis (IN)', 'IN'),
(2127, 'University of Iowa (IA)', 'IA'),
(2128, 'University of Kansas (KS)', 'KS'),
(2129, 'University of Kentucky (KY)', 'KY'),
(2130, 'University of La Verne (CA)', 'CA'),
(2131, 'University of Louisiana at Lafayette (LA)', 'LA'),
(2132, 'University of Louisiana Monroe (LA)', 'LA'),
(2133, 'University of Louisville (KY)', 'KY'),
(2134, 'University of Maine (ME)', 'ME'),
(2135, 'University of Maine at Augusta (ME)', 'ME'),
(2136, 'University of Maine at Farmington (ME)', 'ME'),
(2137, 'University of Maine at Fort Kent (ME)', 'ME'),
(2138, 'University of Maine at Machias (ME)', 'ME'),
(2139, 'University of Maine at Presque Isle (ME)', 'ME'),
(2140, 'University of Mary (ND)', 'ND'),
(2141, 'University of Mary Hardin-Baylor (TX)', 'TX'),
(2142, 'University of Mary Washington (VA)', 'VA'),
(2143, 'University of Maryland Eastern Shore (MD)', 'MD'),
(2144, 'University of Maryland-Baltimore (MD)', 'MD'),
(2145, 'University of Maryland-Baltimore County (MD)', 'MD'),
(2146, 'University of Maryland-College Park (MD)', 'MD'),
(2147, 'University of Maryland-University College (MD)', 'MD'),
(2148, 'University of Massachusetts Amherst (MA)', 'MA'),
(2149, 'University of Massachusetts-Boston (MA)', 'MA'),
(2150, 'University of Massachusetts-Dartmouth (MA)', 'MA'),
(2151, 'University of Massachusetts-Lowell (MA)', 'MA'),
(2152, 'University of Medicine and Dentistry of New Jersey (NJ)', 'NJ'),
(2153, 'University of Memphis (TN)', 'TN'),
(2154, 'University of Miami (FL)', 'FL'),
(2155, 'University of Michigan-Ann Arbor (MI)', 'MI'),
(2156, 'University of Michigan-Dearborn (MI)', 'MI'),
(2157, 'University of Michigan-Flint (MI)', 'MI'),
(2158, 'University of Minnesota-Crookston (MN)', 'MN'),
(2159, 'University of Minnesota-Duluth (MN)', 'MN'),
(2160, 'University of Minnesota-Morris (MN)', 'MN'),
(2161, 'University of Minnesota-Rochester (MN)', 'MN'),
(2162, 'University of Minnesota-Twin Cities (MN)', 'MN'),
(2163, 'University of Mississippi Main Campus (MI)', 'MI'),
(2164, 'University of Mississippi Medical Center (MI)', 'MI'),
(2165, 'University of Missouri-Columbia (MO)', 'MO'),
(2166, 'University of Missouri-Kansas City (MO)', 'MO'),
(2167, 'University of Missouri-St Louis (MO)', 'MO'),
(2168, 'University of Mobile (AL)', 'AL'),
(2169, 'University of Montevallo (AL)', 'AL'),
(2170, 'University of Nebraska at Kearney (NE)', 'NE'),
(2171, 'University of Nebraska at Omaha (NE)', 'NE'),
(2172, 'University of Nebraska Medical Center (NE)', 'NE'),
(2173, 'University of Nebraska-Lincoln (NE)', 'NE'),
(2174, 'University of Nevada-Las Vegas (NV)', 'NV'),
(2175, 'University of Nevada-Reno (NV)', 'NV'),
(2176, 'University of New England (ME)', 'ME'),
(2177, 'University of New Hampshire at Manchester (NH)', 'NH'),
(2178, 'University of New Hampshire-Main Campus (NH)', 'NH'),
(2179, 'University of New Haven (CT)', 'CT'),
(2180, 'University of New Mexico-Main Campus (NM)', 'NM'),
(2181, 'University of New Orleans (LA)', 'LA'),
(2182, 'University of North Alabama (AL)', 'AL'),
(2183, 'University of North Carolina at Asheville (NC)', 'NC'),
(2184, 'University of North Carolina at Chapel Hill (NC)', 'NC'),
(2185, 'University of North Carolina at Charlotte (NC)', 'NC'),
(2186, 'University of North Carolina at Greensboro (NC)', 'NC'),
(2187, 'University of North Carolina at Pembroke (NC)', 'NC'),
(2188, 'University of North Carolina School of the Arts (NC)', 'NC'),
(2189, 'University of North Carolina-Wilmington (NC)', 'NC'),
(2190, 'University of North Dakota (ND)', 'ND'),
(2191, 'University of North Florida (FL)', 'FL'),
(2192, 'University of North Texas (TX)', 'TX'),
(2193, 'University of Northern Colorado (CO)', 'CO'),
(2194, 'University of Northern Iowa (IA)', 'IA'),
(2195, 'University of Northwestern Ohio (OH)', 'OH'),
(2196, 'University of Notre Dame (IN)', 'IN'),
(2197, 'University of Oklahoma Health Sciences Center (OK)', 'OK'),
(2198, 'University of Oklahoma Norman Campus (OK)', 'OK'),
(2199, 'University of Oregon (OR)', 'OR'),
(2200, 'University of Pennsylvania (PA)', 'PA'),
(2201, 'University of Phoenix-Atlanta Campus (GA)', 'GA'),
(2202, 'University of Phoenix-Augusta Campus (GA)', 'GA'),
(2203, 'University of Phoenix-Austin Campus (TX)', 'TX'),
(2204, 'University of Phoenix-Bay Area Campus (CA)', 'CA'),
(2205, 'University of Phoenix-Birmingham Campus (AL)', 'AL'),
(2206, 'University of Phoenix-Boston Campus (MA)', 'MA'),
(2207, 'University of Phoenix-Central Florida Campus (FL)', 'FL'),
(2208, 'University of Phoenix-Central Massachusetts Campus (MA)', 'MA'),
(2209, 'University of Phoenix-Central Valley Campus (CA)', 'CA'),
(2210, 'University of Phoenix-Charlotte Campus (NC)', 'NC'),
(2211, 'University of Phoenix-Chattanooga Campus (TN)', 'TN'),
(2212, 'University of Phoenix-Cheyenne Campus (WY)', 'WY'),
(2213, 'University of Phoenix-Chicago Campus (IL)', 'IL'),
(2214, 'University of Phoenix-Cincinnati Campus (OH)', 'OH'),
(2215, 'University of Phoenix-Cleveland Campus (OH)', 'OH'),
(2216, 'University of Phoenix-Columbia Campus (SC)', 'SC'),
(2217, 'University of Phoenix-Columbus Georgia Campus (GA)', 'GA'),
(2218, 'University of Phoenix-Columbus Ohio Campus (OH)', 'OH'),
(2219, 'University of Phoenix-Dallas Fort Worth Campus (TX)', 'TX'),
(2220, 'University of Phoenix-Denver Campus (CO)', 'CO'),
(2221, 'University of Phoenix-Des Moines Campus (IA)', 'IA'),
(2222, 'University of Phoenix-Eastern Washington Campus (WA)', 'WA'),
(2223, 'University of Phoenix-Fairfield County Campus (CT)', 'CT'),
(2224, 'University of Phoenix-Harrisburg Campus (PA)', 'PA'),
(2225, 'University of Phoenix-Hawaii Campus (HI)', 'HI'),
(2226, 'University of Phoenix-Houston Westside Campus (TX)', 'TX'),
(2227, 'University of Phoenix-Idaho Campus (ID)', 'ID'),
(2228, 'University of Phoenix-Indianapolis Campus (IN)', 'IN'),
(2229, 'University of Phoenix-Jersey City Campus (NJ)', 'NJ'),
(2230, 'University of Phoenix-Kansas City Campus (MO)', 'MO'),
(2231, 'University of Phoenix-Las Vegas Campus (NV)', 'NV'),
(2232, 'University of Phoenix-Little Rock Campus (AR)', 'AR'),
(2233, 'University of Phoenix-Louisiana Campus (LA)', 'LA'),
(2234, 'University of Phoenix-Louisville Campus (KY)', 'KY'),
(2235, 'University of Phoenix-Madison Campus (WI)', 'WI'),
(2236, 'University of Phoenix-Maryland Campus (MD)', 'MD'),
(2237, 'University of Phoenix-Memphis Campus (TN)', 'TN'),
(2238, 'University of Phoenix-Metro Detroit Campus (MI)', 'MI'),
(2239, 'University of Phoenix-Milwaukee Campus (WI)', 'WI'),
(2240, 'University of Phoenix-Minneapolis/St Paul Campus (MN)', 'MN'),
(2241, 'University of Phoenix-Nashville Campus (TN)', 'TN'),
(2242, 'University of Phoenix-New Mexico Campus (NM)', 'NM'),
(2243, 'University of Phoenix-North Florida Campus (FL)', 'FL'),
(2244, 'University of Phoenix-Northern Nevada Campus (NV)', 'NV'),
(2245, 'University of Phoenix-Northern Virginia Campus (VA)', 'VA'),
(2246, 'University of Phoenix-Northwest Arkansas Campus (AR)', 'AR'),
(2247, 'University of Phoenix-Northwest Indiana Campus (IN)', 'IN'),
(2248, 'University of Phoenix-Oklahoma City Campus (OK)', 'OK'),
(2249, 'University of Phoenix-Omaha Campus (NE)', 'NE'),
(2250, 'University of Phoenix-Online Campus (AZ)', 'AZ'),
(2251, 'University of Phoenix-Oregon Campus (OR)', 'OR'),
(2252, 'University of Phoenix-Philadelphia Campus (PA)', 'PA'),
(2253, 'University of Phoenix-Phoenix-Hohokam Campus (AZ)', 'AZ'),
(2254, 'University of Phoenix-Pittsburgh Campus (PA)', 'PA'),
(2255, 'University of Phoenix-Puerto Rico Campus (PR)', 'PR'),
(2256, 'University of Phoenix-Raleigh Campus (NC)', 'NC'),
(2257, 'University of Phoenix-Richmond Campus (VA)', 'VA'),
(2258, 'University of Phoenix-Sacramento Valley Campus (CA)', 'CA'),
(2259, 'University of Phoenix-San Antonio Campus (TX)', 'TX'),
(2260, 'University of Phoenix-San Diego Campus (CA)', 'CA'),
(2261, 'University of Phoenix-Savannah Campus (GA)', 'GA'),
(2262, 'University of Phoenix-South Florida Campus (FL)', 'FL'),
(2263, 'University of Phoenix-Southern Arizona Campus (AZ)', 'AZ'),
(2264, 'University of Phoenix-Southern California Campus (CA)', 'CA'),
(2265, 'University of Phoenix-Southern Colorado Campus (CO)', 'CO'),
(2266, 'University of Phoenix-Springfield  Campus (MO)', 'MO'),
(2267, 'University of Phoenix-St Louis Campus (MO)', 'MO'),
(2268, 'University of Phoenix-Tulsa Campus (OK)', 'OK'),
(2269, 'University of Phoenix-Utah Campus (UT)', 'UT'),
(2270, 'University of Phoenix-Washington DC Campus (DC)', 'DC'),
(2271, 'University of Phoenix-West Florida Campus (FL)', 'FL'),
(2272, 'University of Phoenix-West Michigan Campus (MI)', 'MI'),
(2273, 'University of Phoenix-Western Washington Campus (WA)', 'WA'),
(2274, 'University of Phoenix-Wichita Campus (KS)', 'KS'),
(2275, 'University of Pittsburgh-Bradford (PA)', 'PA'),
(2276, 'University of Pittsburgh-Greensburg (PA)', 'PA'),
(2277, 'University of Pittsburgh-Johnstown (PA)', 'PA'),
(2278, 'University of Pittsburgh-Pittsburgh Campus (PA)', 'PA'),
(2279, 'University of Portland (OR)', 'OR'),
(2280, 'University of Puerto Rico at Cayey (PR)', 'PR'),
(2281, 'University of Puerto Rico in Ponce (PR)', 'PR'),
(2282, 'University of Puerto Rico-Aguadilla (PR)', 'PR'),
(2283, 'University of Puerto Rico-Arecibo (PR)', 'PR'),
(2284, 'University of Puerto Rico-Bayamon (PR)', 'PR'),
(2285, 'University of Puerto Rico-Carolina (PR)', 'PR'),
(2286, 'University of Puerto Rico-Humacao (PR)', 'PR'),
(2287, 'University of Puerto Rico-Mayaguez (PR)', 'PR'),
(2288, 'University of Puerto Rico-Medical Sciences Campus (PR)', 'PR'),
(2289, 'University of Puerto Rico-Rio Piedras Campus (PR)', 'PR'),
(2290, 'University of Puerto Rico-Utuado (PR)', 'PR'),
(2291, 'University of Puget Sound (WA)', 'WA'),
(2292, 'University of Redlands (CA)', 'CA'),
(2293, 'University of Rhode Island (RI)', 'RI'),
(2294, 'University of Richmond (VA)', 'VA'),
(2295, 'University of Rio Grande (OH)', 'OH'),
(2296, 'University of Rochester (NY)', 'NY'),
(2297, 'University of Sacred Heart (PR)', 'PR'),
(2298, 'University of Saint Francis-Ft Wayne (IN)', 'IN'),
(2299, 'University of Saint Mary (KS)', 'KS'),
(2300, 'University of San Diego (CA)', 'CA'),
(2301, 'University of San Francisco (CA)', 'CA'),
(2302, 'University of Science and Arts of Oklahoma (OK)', 'OK'),
(2303, 'University of Scranton (PA)', 'PA'),
(2304, 'University of Sioux Falls (SD)', 'SD'),
(2305, 'University of South Alabama (AL)', 'AL'),
(2306, 'University of South Carolina-Aiken (SC)', 'SC'),
(2307, 'University of South Carolina-Beaufort (SC)', 'SC'),
(2308, 'University of South Carolina-Columbia (SC)', 'SC'),
(2309, 'University of South Carolina-Upstate (SC)', 'SC'),
(2310, 'University of South Dakota (SD)', 'SD'),
(2311, 'University of South Florida Sarasota-Manatee (FL)', 'FL'),
(2312, 'University of South Florida-Main Campus (FL)', 'FL'),
(2313, 'University of South Florida-Polytechnic (FL)', 'FL'),
(2314, 'University of South Florida-St. Petersburg Campus (FL)', 'FL'),
(2315, 'University of Southern California (CA)', 'CA'),
(2316, 'University of Southern Indiana (IN)', 'IN'),
(2317, 'University of Southern Maine (ME)', 'ME'),
(2318, 'University of Southern Mississippi (MI)', 'MI'),
(2319, 'University of Southern Nevada (NV)', 'NV'),
(2320, 'University of St Francis (IL)', 'IL'),
(2321, 'University of St Thomas (MN)', 'MN'),
(2322, 'University of St Thomas (TX)', 'TX'),
(2323, 'University of Texas Southwestern Medical Center at Dallas (TX)', 'TX'),
(2324, 'University of the Cumberlands (KY)', 'KY'),
(2325, 'University of the District of Columbia (DC)', 'DC'),
(2326, 'University of the Incarnate Word (TX)', 'TX'),
(2327, 'University of the Ozarks (AR)', 'AR'),
(2328, 'University of the Pacific (CA)', 'CA'),
(2329, 'University of the Sciences in Philadelphia (PA)', 'PA'),
(2330, 'University of the Southwest (NM)', 'NM'),
(2331, 'University of the Virgin Islands (Virgin Islands)', 'Vi'),
(2332, 'University of the West (CA)', 'CA'),
(2333, 'University of Toledo (OH)', 'OH'),
(2334, 'University of Tulsa (OK)', 'OK'),
(2335, 'University of Utah (UT)', 'UT'),
(2336, 'University of Vermont (VT)', 'VT'),
(2337, 'University of Virginia-Main Campus (VA)', 'VA'),
(2338, 'University of Washington-Bothell Campus (WA)', 'WA'),
(2339, 'University of Washington-Seattle Campus (WA)', 'WA'),
(2340, 'University of Washington-Tacoma Campus (WA)', 'WA'),
(2341, 'University of West Alabama (AL)', 'AL'),
(2342, 'University of West Georgia (GA)', 'GA'),
(2343, 'University of Western States (OR)', 'OR'),
(2344, 'University of Wisconsin-Eau Claire (WI)', 'WI'),
(2345, 'University of Wisconsin-Green Bay (WI)', 'WI'),
(2346, 'University of Wisconsin-La Crosse (WI)', 'WI'),
(2347, 'University of Wisconsin-Madison (WI)', 'WI'),
(2348, 'University of Wisconsin-Milwaukee (WI)', 'WI'),
(2349, 'University of Wisconsin-Oshkosh (WI)', 'WI'),
(2350, 'University of Wisconsin-Parkside (WI)', 'WI'),
(2351, 'University of Wisconsin-Platteville (WI)', 'WI'),
(2352, 'University of Wisconsin-River Falls (WI)', 'WI'),
(2353, 'University of Wisconsin-Stevens Point (WI)', 'WI'),
(2354, 'University of Wisconsin-Stout (WI)', 'WI'),
(2355, 'University of Wisconsin-Superior (WI)', 'WI'),
(2356, 'University of Wisconsin-Whitewater (WI)', 'WI'),
(2357, 'University of Wyoming (WY)', 'WY'),
(2358, 'Upper Iowa University (IA)', 'IA'),
(2359, 'Urbana University (OH)', 'OH'),
(2360, 'Ursinus College (PA)', 'PA'),
(2361, 'Ursuline College (OH)', 'OH'),
(2362, 'Uta Mesivta of Kiryas Joel (NY)', 'NY'),
(2363, 'Utah Career College (UT)', 'UT'),
(2364, 'Utah Career CollegeOrem Campus (UT)', 'UT'),
(2365, 'Utah Career College-Layton (UT)', 'UT'),
(2366, 'Utah State University (UT)', 'UT'),
(2367, 'Utah State University-Regional Campuses and Distance Education (UT)', 'UT'),
(2368, 'Utah Valley University (UT)', 'UT'),
(2369, 'Utica College (NY)', 'NY'),
(2370, 'Valdosta State University (GA)', 'GA'),
(2371, 'Valley City State University (ND)', 'ND'),
(2372, 'Valley Forge Christian College (PA)', 'PA'),
(2373, 'Valparaiso University (IN)', 'IN'),
(2374, 'Vanderbilt University (TN)', 'TN'),
(2375, 'VanderCook College of Music (IL)', 'IL'),
(2376, 'Vanguard University of Southern California (CA)', 'CA'),
(2377, 'Vassar College (NY)', 'NY'),
(2378, 'Vatterott College (MO)', 'MO'),
(2379, 'Vaughn College of Aeronautics and Technology (NY)', 'NY'),
(2380, 'Vermont Technical College (VT)', 'VT'),
(2381, 'Villa Maria College Buffalo (NY)', 'NY'),
(2382, 'Villanova University (PA)', 'PA'),
(2383, 'Vincennes University (IN)', 'IN'),
(2384, 'Virginia College in Charleston (SC)', 'SC'),
(2385, 'Virginia College-Birmingham (AL)', 'AL'),
(2386, 'Virginia College-Greenville (SC)', 'SC'),
(2387, 'Virginia College-Huntsville (AL)', 'AL'),
(2388, 'Virginia College-School of Business and Health (TN)', 'TN'),
(2389, 'Virginia Commonwealth University (VA)', 'VA'),
(2390, 'Virginia Intermont College (VA)', 'VA'),
(2391, 'Virginia Military Institute (VA)', 'VA'),
(2392, 'Virginia Polytechnic Institute and State University (VA)', 'VA'),
(2393, 'Virginia State University (VA)', 'VA'),
(2394, 'Virginia Union University (VA)', 'VA'),
(2395, 'Virginia University of Lynchburg (VA)', 'VA'),
(2396, 'Virginia Wesleyan College (VA)', 'VA'),
(2397, 'Visible School-Music and Worships Arts College (TN)', 'TN'),
(2398, 'Viterbo University (WI)', 'WI'),
(2399, 'Voorhees College (SC)', 'SC'),
(2400, 'W L Bonner College (SC)', 'SC'),
(2401, 'Wabash College (IN)', 'IN'),
(2402, 'Wagner College (NY)', 'NY'),
(2403, 'Wake Forest University (NC)', 'NC'),
(2404, 'Walden University (MN)', 'MN'),
(2405, 'Waldorf College (IA)', 'IA'),
(2406, 'Walla Walla University (WA)', 'WA'),
(2407, 'Walsh College of Accountancy and Business Administration (MI)', 'MI'),
(2408, 'Walsh University (OH)', 'OH'),
(2409, 'Warner Pacific College (OR)', 'OR'),
(2410, 'Warner University (FL)', 'FL'),
(2411, 'Warren Wilson College (NC)', 'NC'),
(2412, 'Wartburg College (IA)', 'IA'),
(2413, 'Washburn University (KS)', 'KS'),
(2414, 'Washington & Jefferson College (PA)', 'PA'),
(2415, 'Washington Adventist University (MD)', 'MD'),
(2416, 'Washington and Lee University (VA)', 'VA'),
(2417, 'Washington Bible College-Capital Bible Seminary (MD)', 'MD'),
(2418, 'Washington College (MD)', 'MD'),
(2419, 'Washington State University (WA)', 'WA'),
(2420, 'Washington University in St Louis (MO)', 'MO'),
(2421, 'Watkins College of Art & Design (TN)', 'TN'),
(2422, 'Wayland Baptist University (TX)', 'TX'),
(2423, 'Wayne State College (NE)', 'NE'),
(2424, 'Wayne State University (MI)', 'MI'),
(2425, 'Waynesburg University (PA)', 'PA'),
(2426, 'Webb Institute (NY)', 'NY'),
(2427, 'Webber International University (FL)', 'FL'),
(2428, 'Weber State University (UT)', 'UT'),
(2429, 'Webster University (MO)', 'MO'),
(2430, 'Wellesley College (MA)', 'MA'),
(2431, 'Wells College (NY)', 'NY'),
(2432, 'Wentworth Institute of Technology (MA)', 'MA'),
(2433, 'Wesley College (MI)', 'MI'),
(2434, 'Wesley College (DE)', 'DE'),
(2435, 'Wesleyan College (GA)', 'GA'),
(2436, 'Wesleyan University (CT)', 'CT'),
(2437, 'West Chester University of Pennsylvania (PA)', 'PA'),
(2438, 'West Coast University (CA)', 'CA'),
(2439, 'West Liberty University (WV)', 'WV'),
(2440, 'West Suburban College of Nursing (IL)', 'IL'),
(2441, 'West Texas A & M University (TX)', 'TX'),
(2442, 'West Virginia State University (WV)', 'WV'),
(2443, 'West Virginia University (WV)', 'WV'),
(2444, 'West Virginia University at Parkersburg (WV)', 'WV'),
(2445, 'West Virginia University Institute of Technology (WV)', 'WV'),
(2446, 'West Virginia Wesleyan College (WV)', 'WV'),
(2447, 'Western Carolina University (NC)', 'NC'),
(2448, 'Western Connecticut State University (CT)', 'CT'),
(2449, 'Western Governors University (UT)', 'UT'),
(2450, 'Western Illinois University (IL)', 'IL'),
(2451, 'Western International University (AZ)', 'AZ'),
(2452, 'Western Kentucky University (KY)', 'KY'),
(2453, 'Western Michigan University (MI)', 'MI'),
(2454, 'Western Nevada College (NV)', 'NV'),
(2455, 'Western New England College (MA)', 'MA'),
(2456, 'Western New Mexico University (NM)', 'NM'),
(2457, 'Western Oregon University (OR)', 'OR'),
(2458, 'Western State College of Colorado (CO)', 'CO'),
(2459, 'Western Washington University (WA)', 'WA'),
(2460, 'Westfield State College (MA)', 'MA'),
(2461, 'Westminster College (PA)', 'PA'),
(2462, 'Westminster College (UT)', 'UT'),
(2463, 'Westminster College (MO)', 'MO'),
(2464, 'Westmont College (CA)', 'CA'),
(2465, 'Westwood College-Anaheim (CA)', 'CA'),
(2466, 'Westwood College-Annandale (VA)', 'VA'),
(2467, 'Westwood College-Arlington Ballston (VA)', 'VA'),
(2468, 'Westwood College-Atlanta Midtown (GA)', 'GA'),
(2469, 'Westwood College-Chicago Loop (IL)', 'IL'),
(2470, 'Westwood College-Dallas (TX)', 'TX'),
(2471, 'Westwood College-Denver North (CO)', 'CO'),
(2472, 'Westwood College-Denver South (CO)', 'CO'),
(2473, 'Westwood College-Dupage (IL)', 'IL'),
(2474, 'Westwood College-Ft Worth (TX)', 'TX'),
(2475, 'Westwood College-Houston South (TX)', 'TX'),
(2476, 'Westwood College-Inland Empire (CA)', 'CA'),
(2477, 'Westwood College-Los Angeles (CA)', 'CA'),
(2478, 'Westwood College-Northlake (GA)', 'GA'),
(2479, 'Westwood College-O''Hare Airport (IL)', 'IL'),
(2480, 'Westwood College-River Oaks (IL)', 'IL'),
(2481, 'Westwood College-South Bay (CA)', 'CA'),
(2482, 'Wheaton College (IL)', 'IL'),
(2483, 'Wheaton College (MA)', 'MA'),
(2484, 'Wheeling Jesuit University (WV)', 'WV'),
(2485, 'Wheelock College (MA)', 'MA'),
(2486, 'Whitman College (WA)', 'WA'),
(2487, 'Whittier College (CA)', 'CA'),
(2488, 'Whitworth University (WA)', 'WA'),
(2489, 'Wichita State University (KS)', 'KS'),
(2490, 'Widener University-Delaware Campus (DE)', 'DE'),
(2491, 'Widener University-Main Campus (PA)', 'PA'),
(2492, 'Wilberforce University (OH)', 'OH'),
(2493, 'Wiley College (TX)', 'TX'),
(2494, 'Wilkes University (PA)', 'PA'),
(2495, 'Willamette University (OR)', 'OR'),
(2496, 'William Carey University (MI)', 'MI'),
(2497, 'William Jessup University (CA)', 'CA'),
(2498, 'William Jewell College (MO)', 'MO'),
(2499, 'William Paterson University of New Jersey (NJ)', 'NJ'),
(2500, 'William Penn University (IA)', 'IA'),
(2501, 'William Woods University (MO)', 'MO'),
(2502, 'Williams Baptist College (AR)', 'AR'),
(2503, 'Williams College (MA)', 'MA'),
(2504, 'Williamson Christian College (TN)', 'TN'),
(2505, 'Wilmington College (OH)', 'OH'),
(2506, 'Wilmington University (DE)', 'DE'),
(2507, 'Wilson College (PA)', 'PA'),
(2508, 'Wingate University (NC)', 'NC'),
(2509, 'Winona State University (MN)', 'MN'),
(2510, 'Winston-Salem State University (NC)', 'NC'),
(2511, 'Winthrop University (SC)', 'SC'),
(2512, 'Wisconsin Lutheran College (WI)', 'WI'),
(2513, 'Wittenberg University (OH)', 'OH'),
(2514, 'Wofford College (SC)', 'SC'),
(2515, 'Woodbury University (CA)', 'CA'),
(2516, 'Worcester Polytechnic Institute (MA)', 'MA'),
(2517, 'Worcester State College (MA)', 'MA'),
(2518, 'World Mission University (CA)', 'CA'),
(2519, 'Wright State University-Lake Campus (OH)', 'OH'),
(2520, 'Wright State University-Main Campus (OH)', 'OH'),
(2521, 'Xavier University (OH)', 'OH'),
(2522, 'Xavier University of Louisiana (LA)', 'LA'),
(2523, 'Yale University (CT)', 'CT'),
(2524, 'Yeshiva and Kollel Harbotzas Torah (NY)', 'NY'),
(2525, 'Yeshiva College of the Nations Capital (MD)', 'MD'),
(2526, 'Yeshiva D''monsey Rabbinical College (NY)', 'NY'),
(2527, 'Yeshiva Derech Chaim (NY)', 'NY'),
(2528, 'Yeshiva Gedolah Imrei Yosef D''spinka (NY)', 'NY'),
(2529, 'Yeshiva Gedolah of Greater Detroit (MI)', 'MI'),
(2530, 'Yeshiva Karlin Stolin (NY)', 'NY'),
(2531, 'Yeshiva of Machzikai Hadas (NY)', 'NY'),
(2532, 'Yeshiva of Nitra Rabbinical College (NY)', 'NY'),
(2533, 'Yeshiva of the Telshe Alumni (NY)', 'NY'),
(2534, 'Yeshiva Ohr Elchonon Chabad West Coast Talmudical Seminary (CA)', 'CA'),
(2535, 'Yeshiva Shaar Hatorah (NY)', 'NY'),
(2536, 'Yeshiva Shaarei Torah of Rockland (NY)', 'NY'),
(2537, 'Yeshiva Toras Chaim (NJ)', 'NJ'),
(2538, 'Yeshiva Toras Chaim Talmudical Seminary (CO)', 'CO'),
(2539, 'Yeshiva University (NY)', 'NY'),
(2540, 'Yeshivah Gedolah Rabbinical College (FL)', 'FL'),
(2541, 'Yeshivas Be''er Yitzchok (NJ)', 'NJ'),
(2542, 'Yeshivas Novominsk (NY)', 'NY'),
(2543, 'Yeshivat Mikdash Melech (NY)', 'NY'),
(2544, 'Yeshivath Beth Moshe (PA)', 'PA'),
(2545, 'Yeshivath Viznitz (NY)', 'NY'),
(2546, 'Yeshivath Zichron Moshe (NY)', 'NY'),
(2547, 'York College (NE)', 'NE'),
(2548, 'York College Pennsylvania (PA)', 'PA'),
(2549, 'Young Harris College (GA)', 'GA'),
(2550, 'Youngstown State University (OH)', 'OH'),
(2551, 'Zion Bible College (MA)', 'MA');

-- --------------------------------------------------------

--
-- Table structure for table `tbl_user`
--

CREATE TABLE IF NOT EXISTS `tbl_user` (
  `id` int(10) unsigned NOT NULL AUTO_INCREMENT,
  `usertype` tinyint(3) unsigned NOT NULL,
  `transType` enum('B','S') NOT NULL DEFAULT 'B',
  `schoolType` enum('C','L','B','M','G') NOT NULL DEFAULT 'C',
  `email` varchar(256) NOT NULL,
  `username` varchar(256) NOT NULL,
  `password` varchar(256) NOT NULL,
  `FirstName` varchar(50) DEFAULT NULL,
  `LastName` varchar(50) DEFAULT NULL,
  `idName` varchar(50) DEFAULT NULL,
  `hs_profile_status` enum('A','B','C') DEFAULT 'A' COMMENT 'A = none, B=exists but not for sale, C = exists and for sale',
  `last_login_time` datetime DEFAULT NULL,
  `create_time` datetime DEFAULT NULL,
  `create_user_id` int(10) unsigned DEFAULT NULL,
  `update_time` datetime DEFAULT NULL,
  `update_user_id` int(10) unsigned DEFAULT NULL,
  `active` tinyint(11) DEFAULT '0',
  `activationkey` varchar(256) DEFAULT NULL,
  `password_reset_key` varchar(256) DEFAULT NULL,
  `password_reset_sent` varchar(256) DEFAULT NULL,
  `email_paypal` varchar(256) DEFAULT NULL,
  `checkpay` tinyint(1) unsigned DEFAULT NULL,
  `mail_street1` varchar(256) DEFAULT NULL,
  `mail_street2` varchar(256) DEFAULT NULL,
  `mail_city` varchar(100) DEFAULT NULL,
  `mail_state` tinyint(2) DEFAULT NULL,
  `mail_zip` smallint(5) unsigned DEFAULT NULL,
  `mail_country` tinyint(3) unsigned DEFAULT NULL,
  PRIMARY KEY (`id`)
) ENGINE=InnoDB  DEFAULT CHARSET=latin1 AUTO_INCREMENT=10000142 ;

--
-- Dumping data for table `tbl_user`
--

INSERT INTO `tbl_user` (`id`, `usertype`, `transType`, `schoolType`, `email`, `username`, `password`, `FirstName`, `LastName`, `idName`, `hs_profile_status`, `last_login_time`, `create_time`, `create_user_id`, `update_time`, `update_user_id`, `active`, `activationkey`, `password_reset_key`, `password_reset_sent`, `email_paypal`, `checkpay`, `mail_street1`, `mail_street2`, `mail_city`, `mail_state`, `mail_zip`, `mail_country`) VALUES
(66, 0, 'S', 'C', 'test1@gmail.com', 'tester1', '8a3815c4b5efae15ebdaf24c593526d495eb263c7871b8234572f5b02bfa296d6d8f6ab88e2de6160b26c118db1732fc9d3d7ba213caf13ac84ff0e52f3042d7', 'test1', 'test1', NULL, 'A', NULL, '2011-11-07 21:59:12', NULL, '2012-03-16 16:32:54', 100, 1, NULL, NULL, NULL, NULL, NULL, NULL, NULL, NULL, NULL, NULL, NULL),
(67, 0, 'S', 'C', 'test2@gmail.com', 'tester2', '03a68bc8bf0b54c9c46d042991556b4b7bbe3a4ac1c2164f28cbc0edb5a6e9c6828fe4e96e92399c1a50c39f1ad17bf2f5e6172bc232c44a996413af58bf6d96', 'test2', 'test2', NULL, 'A', NULL, '2011-11-07 22:09:16', NULL, '2011-11-07 22:09:16', NULL, NULL, NULL, NULL, NULL, NULL, NULL, NULL, NULL, NULL, NULL, NULL, NULL),
(68, 0, 'B', 'C', 'test3@gmail.com', 'tester3', '4830cfc1f887b985fae68d5794092640ba453a86a41ecaeed993beaf3fa0edd094c548379f2565608a9080ea6be710e9e95e2f45e5ddb094581ba775c5d66139', 'test3', 'test3', NULL, 'A', NULL, '2011-11-07 22:10:36', NULL, '2011-11-07 22:10:36', NULL, NULL, NULL, NULL, NULL, NULL, NULL, NULL, NULL, NULL, NULL, NULL, NULL),
(69, 0, 'S', 'C', 'test4@gmail.com', 'tester4', '4048cbe5a8ea6da3cae5f602044c4f1de326661f825223c04c08519bc26edfd2f67b5d60fc83ab9c2616a75542899c8601ea7d46cb14c2de6c50a36e1458a9b1', 'test4', 'test4', NULL, 'A', NULL, '2011-11-07 22:11:25', NULL, '2011-11-07 22:11:25', NULL, NULL, NULL, NULL, NULL, NULL, NULL, NULL, NULL, NULL, NULL, NULL, NULL),
(70, 0, 'S', 'C', 'test5@gmail.com', 'tester5', '645c3e9c4953e7f15bf3e5f0b4b74e9856e32550df5cd63a1d96405e3860269317ed2d2d0bb9a395cb01060cae3d3caa19b5ec9ea72809869c15c4797dd79050', 'test5', 'test5', NULL, 'A', NULL, '2011-11-07 22:12:17', NULL, '2011-11-07 22:12:17', NULL, NULL, NULL, NULL, NULL, NULL, NULL, NULL, NULL, NULL, NULL, NULL, NULL),
(71, 0, 'S', 'C', 'test6@gmail.com', 'tester6', '1f2f4e2793be5657f4e1661d07a195f099c2da023684d44b8c45ed2007257ccbcd86e7c374f172e5e242c3cf933fddace35cf81036eefeea9a9a1368f6c2f961', 'test6', 'test6', NULL, 'A', NULL, '2011-11-07 22:12:43', NULL, '2011-11-07 22:12:43', NULL, NULL, NULL, NULL, NULL, NULL, NULL, NULL, NULL, NULL, NULL, NULL, NULL),
(72, 0, 'S', 'C', 'test7@gmail.com', 'tester7', 'ab8bf427bd38de32dbd84caa82aa24aa953b002b5e20afe024becc82cb2995ab028a96cb10e634ff8c50accc9a200028c1e9242c1252a5b1bb663e8a5c0f5a90', 'test7', 'test7', NULL, 'A', NULL, '2011-11-07 22:13:10', NULL, '2011-11-07 22:13:10', NULL, NULL, NULL, NULL, NULL, NULL, NULL, NULL, NULL, NULL, NULL, NULL, NULL),
(73, 0, 'S', 'C', 'test8@gmail.com', 'tester8', '6087afd8b664f89afa3fd64ae1b1ef55b156ea99c9b0d8983178481a850041089e4aad9dd9eb45ffa419f4eb1bbc2429ebd5d5b9a1ed313753d0bb5f6a166aab', 'test8', 'test8', NULL, 'A', NULL, '2011-11-07 22:13:40', NULL, '2011-11-07 22:13:40', NULL, NULL, NULL, NULL, NULL, NULL, NULL, NULL, NULL, NULL, NULL, NULL, NULL),
(74, 0, 'B', 'C', 'test9@gmail.com', 'tester9', '0af33711c2dcbe22e3c9afccf85581af024ee78aa1b53134f11be76e8366bc6d2a4fdc3682f88d8d61b5fe32209b39bd1698b96e90c26b3e644f3b7941802d72', 'test9', 'test9', NULL, 'A', NULL, '2011-11-07 22:14:02', NULL, '2011-11-07 22:14:02', NULL, NULL, NULL, NULL, NULL, NULL, NULL, NULL, NULL, NULL, NULL, NULL, NULL),
(75, 0, 'S', 'C', 'tester10@gmail.com', 'tester10', '1dc87112ef60fb3d705cc17ac213f53272d9c35824f14d602b7f72efa64212f850c7eb7c0ae3c2c47d03a425dee2aa2bc0e5848d2291c86cd61ae4a232a87849', 'test10', 'test10', NULL, 'A', NULL, '2011-11-07 22:14:28', NULL, '2011-11-07 22:14:28', NULL, NULL, NULL, NULL, NULL, NULL, NULL, NULL, NULL, NULL, NULL, NULL, NULL),
(76, 0, 'S', 'C', 'test11@gmail.com', 'tester11', '51b4ede9071e7f9889c56f7e9003d2085840388a98d024d182360758fc90723f3bf3ece447df77a0ac7349850e5dda7bb87f2991d5ca7bcdc6ba2e7f7487f979', 'test11', 'test11', NULL, 'A', NULL, '2011-11-07 22:14:56', NULL, '2011-11-07 22:14:56', NULL, NULL, NULL, NULL, NULL, NULL, NULL, NULL, NULL, NULL, NULL, NULL, NULL),
(77, 0, 'S', 'C', 'test12@gmail.com', 'tester12', '3a448b87cb2e22ee6d34ddde432c1ab26a16380f01b3188bfa5dbad033302decb851e66b21f09a67fe42c0e80ae62ff13bef46dedfe2181c02f70f8cf2cb8232', 'test12', 'test12', NULL, 'A', NULL, '2011-11-07 22:15:45', NULL, '2011-11-07 22:15:45', NULL, NULL, NULL, NULL, NULL, NULL, NULL, NULL, NULL, NULL, NULL, NULL, NULL),
(78, 0, 'S', 'C', 'test13@gmail.com', 'tester13', '1b2979a741f0152805d952445a4671ebd2d6ca8c4ecab2d5f1877cd264aae4c24d85d9ca6b427412e2da85f619082b86eb6231faf325d651119bb554e7007264', 'test13', 'test13', NULL, 'A', NULL, '2011-11-07 22:16:09', NULL, '2011-11-07 22:16:09', NULL, NULL, NULL, NULL, NULL, NULL, NULL, NULL, NULL, NULL, NULL, NULL, NULL),
(79, 0, 'S', 'C', 'test14@gmail.com', 'tester14', '7071fe2c2f68d00896551ec2dfae42fb8c70f820ddac0e87db66ec32f20db9a68cb79213858eda815876fe0ba32a4c030a4157a3eadb87b0221769ec5c050450', 'test14', 'test14', NULL, 'A', NULL, '2011-11-07 22:16:40', NULL, '2011-11-07 22:16:40', NULL, NULL, NULL, NULL, NULL, NULL, NULL, NULL, NULL, NULL, NULL, NULL, NULL),
(80, 0, 'S', 'C', 'test15@gmail.com', 'tester15', 'b32acf56560d681d8acb1d09fb0575e7bf559dc9b9fa2e1223bc2e153079e410ab0caf6a8c786ff7500d8eba5c8f4e4a51e073c68dd1f23edbf61805b005ccf4', 'test15', 'test15', NULL, 'A', NULL, '2011-11-07 22:17:05', NULL, '2011-11-07 22:17:05', NULL, NULL, NULL, NULL, NULL, NULL, NULL, NULL, NULL, NULL, NULL, NULL, NULL),
(81, 0, 'S', 'C', 'test16@gmail.com', 'tester16', 'ba5335a7831c40365860cc43efff99810e8026b6ae7bfd2fa5254ae17873f5b6347aa26d4d7b703dc0ebf8702411ba619ff7905ce504bf6fd9c928d6c4e94e10', 'test16', 'test16', NULL, 'A', NULL, '2011-11-07 22:17:34', NULL, '2011-11-07 22:17:34', NULL, NULL, NULL, NULL, NULL, NULL, NULL, NULL, NULL, NULL, NULL, NULL, NULL),
(82, 0, 'S', 'C', 'test17@gmail.com', 'tester17', '7b38573dae8cef157b722c36bfa418d066cba2c8c3f2d628219320fc5bcceae53fdb406a3685b383a1a5c9f317df1370c8dce08adb8332035d8b97e4b18b708c', 'test17', 'test17', NULL, 'A', NULL, '2011-11-07 22:18:08', NULL, '2011-11-07 22:18:08', NULL, NULL, NULL, NULL, NULL, NULL, NULL, NULL, NULL, NULL, NULL, NULL, NULL),
(83, 0, 'S', 'C', 'test18@gmail.com', 'tester18', '864239574bffe689142ed6f8709a085f1c9157cfac59577b63ed4270ca05db9da5548cbcb778f1f0de3473b90086daa298c0faa52b896304b02a666f8242e252', 'test18', 'test18', NULL, 'A', NULL, '2011-11-07 22:18:40', NULL, '2011-11-07 22:18:40', NULL, NULL, NULL, NULL, NULL, NULL, NULL, NULL, NULL, NULL, NULL, NULL, NULL),
(84, 0, 'S', 'C', 'test19@gmail.com', 'tester19', '76523928b5937216a1a685c8ede6b060b721f8b5d5f4e1180d65c63d3457aff114842db3208c932fc315f665a00d7a917ab716b5d4462bbb1d07bca37c50790c', 'test19', 'test19', NULL, 'A', NULL, '2011-11-07 22:19:06', NULL, '2011-11-07 22:19:06', NULL, NULL, NULL, NULL, NULL, NULL, NULL, NULL, NULL, NULL, NULL, NULL, NULL),
(85, 0, 'B', 'C', 'test20@gmail.com', 'tester20', '7093deddfcfd3507eebe3c4be8bb00189dad3517e64dadb39ab8f5af0c666ba89179153cbca6f23a5d930aaa1848b2febe3f4caa1ccfc2027b807d3a22ce256e', 'test20', 'test20', NULL, 'A', NULL, '2011-11-07 22:19:47', NULL, '2012-02-27 20:07:53', NULL, NULL, NULL, '', '', NULL, NULL, NULL, NULL, NULL, NULL, NULL, NULL),
(100, 1, 'B', 'C', 'jasonechen@gmail.com', 'tester99', 'dd859120d3c0333bb1ca24187049b8f52169f7377df021ee50e9e106f570fc6fadee997ff06aee0c1c2faadf78ee794154669368e5d48b4f055f44508ad411a6', 'jason', 'chen', NULL, 'A', NULL, '2011-11-29 15:58:06', NULL, '2012-03-28 07:10:45', 100, 1, '', '1331271993', '2012-03-09 06:46:33', NULL, NULL, NULL, NULL, NULL, NULL, NULL, NULL),
(102, 0, 'S', 'C', 'jasonechen@yahoo.com', 'tester100', '75cb70fdb4b78eb9cd5fc8ca0becd4e8a0b3d5693157140f72c62a16ca10814f517e0faa13aa1b4a461fcc2d51dd97495ba5d806ee3a20706ee492b3035ea749', 'test', 'test', NULL, 'A', NULL, '2011-11-29 22:36:44', NULL, '2012-03-29 23:08:33', 102, 1, '', '1331329870', '2012-03-09 22:51:10', 'jasonechen@gmail.com', 1, '', '', '', NULL, NULL, NULL),
(103, 0, 'B', 'C', 'jkpgeri@gmail.com', 'jkp', '463c7cab9aadbfc137f13632d0329ed762a756b9ee9927041e3079ec1bcf26958b90ec7cdba21d73e0815151e8bc687f9142e4158c0941667df82a718efa2dd0', 'jkp', 'jkp', NULL, 'A', NULL, '2011-12-27 13:45:19', NULL, '2011-12-27 13:45:19', NULL, 1, NULL, NULL, NULL, NULL, NULL, NULL, NULL, NULL, NULL, NULL, NULL),
(10000000, 0, 'S', 'C', 'ZJAJWTJFD.PLSUUDHY@ZDO.COM', 'ZJAJWTJFD.PLSUUDHY', '1d3b993bacfc1e3bc1cbaec6bfda8dd93ba56e6278c52ed1b0c5f1fb5897dfe327a0b36b4f26ff312dd1e68df2362d7516d39ea434bf88914d7709ae6a6380c2', 'ZJAJWTJFD', 'PLSUUDHY', NULL, 'A', NULL, NULL, NULL, NULL, NULL, 1, NULL, NULL, NULL, NULL, NULL, NULL, NULL, NULL, NULL, NULL, NULL),
(10000001, 0, 'S', 'C', 'BEQAKZFB.MGETQVPTT@GWWI.COM', 'BEQAKZFB.MGETQVPTT', '1d3b993bacfc1e3bc1cbaec6bfda8dd93ba56e6278c52ed1b0c5f1fb5897dfe327a0b36b4f26ff312dd1e68df2362d7516d39ea434bf88914d7709ae6a6380c2', 'BEQAKZFB', 'MGETQVPTT', NULL, 'A', NULL, NULL, NULL, NULL, NULL, 1, NULL, NULL, NULL, NULL, NULL, NULL, NULL, NULL, NULL, NULL, NULL),
(10000002, 0, 'S', 'C', 'WOUCPZDYV.YFWGZBUE@FAM.COM', 'WOUCPZDYV.YFWGZBUE', '1d3b993bacfc1e3bc1cbaec6bfda8dd93ba56e6278c52ed1b0c5f1fb5897dfe327a0b36b4f26ff312dd1e68df2362d7516d39ea434bf88914d7709ae6a6380c2', 'WOUCPZDYV', 'YFWGZBUE', NULL, 'A', NULL, NULL, NULL, NULL, NULL, 1, NULL, NULL, NULL, NULL, NULL, NULL, NULL, NULL, NULL, NULL, NULL),
(10000003, 0, 'S', 'C', 'VVE.DLZLEWAJY@BYC.COM', 'VVE.DLZLEWAJY', '1d3b993bacfc1e3bc1cbaec6bfda8dd93ba56e6278c52ed1b0c5f1fb5897dfe327a0b36b4f26ff312dd1e68df2362d7516d39ea434bf88914d7709ae6a6380c2', 'VVE', 'DLZLEWAJY', NULL, 'A', NULL, NULL, NULL, NULL, NULL, 1, NULL, NULL, NULL, NULL, NULL, NULL, NULL, NULL, NULL, NULL, NULL),
(10000004, 0, 'S', 'C', 'JRJUBFVFUG.OQAYV@MHFEV.COM', 'JRJUBFVFUG.OQAYV', '1d3b993bacfc1e3bc1cbaec6bfda8dd93ba56e6278c52ed1b0c5f1fb5897dfe327a0b36b4f26ff312dd1e68df2362d7516d39ea434bf88914d7709ae6a6380c2', 'JRJUBFVFUG', 'OQAYV', NULL, 'A', NULL, NULL, NULL, NULL, NULL, 1, NULL, NULL, NULL, NULL, NULL, NULL, NULL, NULL, NULL, NULL, NULL),
(10000005, 0, 'S', 'C', 'OIPBJZRYQS.PCGWVTR@RFDSR.COM', 'OIPBJZRYQS.PCGWVTR', '1d3b993bacfc1e3bc1cbaec6bfda8dd93ba56e6278c52ed1b0c5f1fb5897dfe327a0b36b4f26ff312dd1e68df2362d7516d39ea434bf88914d7709ae6a6380c2', 'OIPBJZRYQS', 'PCGWVTR', NULL, 'A', NULL, NULL, NULL, NULL, NULL, 1, NULL, NULL, NULL, NULL, NULL, NULL, NULL, NULL, NULL, NULL, NULL),
(10000006, 0, 'S', 'C', 'EQV.BCUNXM@NSIZV.COM', 'EQV.BCUNXM', '1d3b993bacfc1e3bc1cbaec6bfda8dd93ba56e6278c52ed1b0c5f1fb5897dfe327a0b36b4f26ff312dd1e68df2362d7516d39ea434bf88914d7709ae6a6380c2', 'EQV', 'BCUNXM', NULL, 'A', NULL, NULL, NULL, NULL, NULL, 1, NULL, NULL, NULL, NULL, NULL, NULL, NULL, NULL, NULL, NULL, NULL),
(10000007, 0, 'S', 'C', 'RBMMVGX.WTLIPFS@TPH.COM', 'RBMMVGX.WTLIPFS', '1d3b993bacfc1e3bc1cbaec6bfda8dd93ba56e6278c52ed1b0c5f1fb5897dfe327a0b36b4f26ff312dd1e68df2362d7516d39ea434bf88914d7709ae6a6380c2', 'RBMMVGX', 'WTLIPFS', NULL, 'A', NULL, NULL, NULL, NULL, NULL, 1, NULL, NULL, NULL, NULL, NULL, NULL, NULL, NULL, NULL, NULL, NULL),
(10000008, 0, 'S', 'C', 'USEFMN.WCIMVR@MNC.COM', 'USEFMN.WCIMVR', '1d3b993bacfc1e3bc1cbaec6bfda8dd93ba56e6278c52ed1b0c5f1fb5897dfe327a0b36b4f26ff312dd1e68df2362d7516d39ea434bf88914d7709ae6a6380c2', 'USEFMN', 'WCIMVR', NULL, 'A', NULL, NULL, NULL, NULL, NULL, 1, NULL, NULL, NULL, NULL, NULL, NULL, NULL, NULL, NULL, NULL, NULL),
(10000009, 0, 'S', 'C', 'ODSJM.WPQPHWZDJX@VVRPB.COM', 'ODSJM.WPQPHWZDJX', '1d3b993bacfc1e3bc1cbaec6bfda8dd93ba56e6278c52ed1b0c5f1fb5897dfe327a0b36b4f26ff312dd1e68df2362d7516d39ea434bf88914d7709ae6a6380c2', 'ODSJM', 'WPQPHWZDJX', NULL, 'A', NULL, NULL, NULL, NULL, NULL, 1, NULL, NULL, NULL, NULL, NULL, NULL, NULL, NULL, NULL, NULL, NULL),
(10000010, 0, 'S', 'C', 'GLTVZDXQK.XMHTLZT@AZTR.COM', 'GLTVZDXQK.XMHTLZT', '1d3b993bacfc1e3bc1cbaec6bfda8dd93ba56e6278c52ed1b0c5f1fb5897dfe327a0b36b4f26ff312dd1e68df2362d7516d39ea434bf88914d7709ae6a6380c2', 'GLTVZDXQK', 'XMHTLZT', NULL, 'A', NULL, NULL, NULL, NULL, NULL, 1, NULL, NULL, NULL, NULL, NULL, NULL, NULL, NULL, NULL, NULL, NULL),
(10000011, 0, 'S', 'C', 'FWXL.TVYBFIJCXW@IZUME.COM', 'FWXL.TVYBFIJCXW', '1d3b993bacfc1e3bc1cbaec6bfda8dd93ba56e6278c52ed1b0c5f1fb5897dfe327a0b36b4f26ff312dd1e68df2362d7516d39ea434bf88914d7709ae6a6380c2', 'FWXL', 'TVYBFIJCXW', NULL, 'A', NULL, NULL, NULL, NULL, NULL, 1, NULL, NULL, NULL, NULL, NULL, NULL, NULL, NULL, NULL, NULL, NULL),
(10000012, 0, 'S', 'C', 'NFE.TFOFTMWSNX@NAUCH.COM', 'NFE.TFOFTMWSNX', '1d3b993bacfc1e3bc1cbaec6bfda8dd93ba56e6278c52ed1b0c5f1fb5897dfe327a0b36b4f26ff312dd1e68df2362d7516d39ea434bf88914d7709ae6a6380c2', 'NFE', 'TFOFTMWSNX', NULL, 'A', NULL, NULL, NULL, NULL, NULL, 1, NULL, NULL, NULL, NULL, NULL, NULL, NULL, NULL, NULL, NULL, NULL),
(10000013, 0, 'S', 'C', 'JHEVTNOH.BRGTZYITEJ@EKL.COM', 'JHEVTNOH.BRGTZYITEJ', '1d3b993bacfc1e3bc1cbaec6bfda8dd93ba56e6278c52ed1b0c5f1fb5897dfe327a0b36b4f26ff312dd1e68df2362d7516d39ea434bf88914d7709ae6a6380c2', 'JHEVTNOH', 'BRGTZYITEJ', NULL, 'A', NULL, NULL, NULL, NULL, NULL, 1, NULL, NULL, NULL, NULL, NULL, NULL, NULL, NULL, NULL, NULL, NULL),
(10000014, 0, 'S', 'C', 'YWWE.HSOFQKBV@OSFWG.COM', 'YWWE.HSOFQKBV', '1d3b993bacfc1e3bc1cbaec6bfda8dd93ba56e6278c52ed1b0c5f1fb5897dfe327a0b36b4f26ff312dd1e68df2362d7516d39ea434bf88914d7709ae6a6380c2', 'YWWE', 'HSOFQKBV', NULL, 'A', NULL, NULL, NULL, NULL, NULL, 1, NULL, NULL, NULL, NULL, NULL, NULL, NULL, NULL, NULL, NULL, NULL),
(10000015, 0, 'S', 'C', 'MXUQWQT.SDMY@SJFYZ.COM', 'MXUQWQT.SDMY', '1d3b993bacfc1e3bc1cbaec6bfda8dd93ba56e6278c52ed1b0c5f1fb5897dfe327a0b36b4f26ff312dd1e68df2362d7516d39ea434bf88914d7709ae6a6380c2', 'MXUQWQT', 'SDMY', NULL, 'A', NULL, NULL, NULL, NULL, NULL, 1, NULL, NULL, NULL, NULL, NULL, NULL, NULL, NULL, NULL, NULL, NULL),
(10000016, 0, 'S', 'C', 'HVHKH.FOOBQUTC@ERUOG.COM', 'HVHKH.FOOBQUTC', '1d3b993bacfc1e3bc1cbaec6bfda8dd93ba56e6278c52ed1b0c5f1fb5897dfe327a0b36b4f26ff312dd1e68df2362d7516d39ea434bf88914d7709ae6a6380c2', 'HVHKH', 'FOOBQUTC', NULL, 'A', NULL, NULL, NULL, NULL, NULL, 1, NULL, NULL, NULL, NULL, NULL, NULL, NULL, NULL, NULL, NULL, NULL),
(10000017, 0, 'S', 'C', 'CIXGV.KHKXOCJEML@UTRCH.COM', 'CIXGV.KHKXOCJEML', '1d3b993bacfc1e3bc1cbaec6bfda8dd93ba56e6278c52ed1b0c5f1fb5897dfe327a0b36b4f26ff312dd1e68df2362d7516d39ea434bf88914d7709ae6a6380c2', 'CIXGV', 'KHKXOCJEML', NULL, 'A', NULL, NULL, NULL, NULL, NULL, 1, NULL, NULL, NULL, NULL, NULL, NULL, NULL, NULL, NULL, NULL, NULL),
(10000018, 0, 'S', 'C', 'FODVWOGMNQ.FMKWQIPD@BMN.COM', 'FODVWOGMNQ.FMKWQIPD', '1d3b993bacfc1e3bc1cbaec6bfda8dd93ba56e6278c52ed1b0c5f1fb5897dfe327a0b36b4f26ff312dd1e68df2362d7516d39ea434bf88914d7709ae6a6380c2', 'FODVWOGMNQ', 'FMKWQIPD', NULL, 'A', NULL, NULL, NULL, NULL, NULL, 1, NULL, NULL, NULL, NULL, NULL, NULL, NULL, NULL, NULL, NULL, NULL),
(10000019, 0, 'S', 'C', 'XTWOZLU.HGHYEMSCPX@YBD.COM', 'XTWOZLU.HGHYEMSCPX', '1d3b993bacfc1e3bc1cbaec6bfda8dd93ba56e6278c52ed1b0c5f1fb5897dfe327a0b36b4f26ff312dd1e68df2362d7516d39ea434bf88914d7709ae6a6380c2', 'XTWOZLU', 'HGHYEMSCPX', NULL, 'A', NULL, NULL, NULL, NULL, NULL, 1, NULL, NULL, NULL, NULL, NULL, NULL, NULL, NULL, NULL, NULL, NULL),
(10000020, 0, 'S', 'C', 'BUD.RBOGYIW@GBK.COM', 'BUD.RBOGYIW', '1d3b993bacfc1e3bc1cbaec6bfda8dd93ba56e6278c52ed1b0c5f1fb5897dfe327a0b36b4f26ff312dd1e68df2362d7516d39ea434bf88914d7709ae6a6380c2', 'BUD', 'RBOGYIW', NULL, 'A', NULL, NULL, NULL, NULL, NULL, 1, NULL, NULL, NULL, NULL, NULL, NULL, NULL, NULL, NULL, NULL, NULL),
(10000021, 0, 'S', 'C', 'QGVFY.DVQZLTT@WKVH.COM', 'QGVFY.DVQZLTT', '1d3b993bacfc1e3bc1cbaec6bfda8dd93ba56e6278c52ed1b0c5f1fb5897dfe327a0b36b4f26ff312dd1e68df2362d7516d39ea434bf88914d7709ae6a6380c2', 'QGVFY', 'DVQZLTT', NULL, 'A', NULL, NULL, NULL, NULL, NULL, 1, NULL, NULL, NULL, NULL, NULL, NULL, NULL, NULL, NULL, NULL, NULL),
(10000022, 0, 'S', 'C', 'XKIQG.OSMO@IGP.COM', 'XKIQG.OSMO', '1d3b993bacfc1e3bc1cbaec6bfda8dd93ba56e6278c52ed1b0c5f1fb5897dfe327a0b36b4f26ff312dd1e68df2362d7516d39ea434bf88914d7709ae6a6380c2', 'XKIQG', 'OSMO', NULL, 'A', NULL, NULL, NULL, NULL, NULL, 1, NULL, NULL, NULL, NULL, NULL, NULL, NULL, NULL, NULL, NULL, NULL),
(10000023, 0, 'S', 'C', 'JVZEQI.CZLFI@OLF.COM', 'JVZEQI.CZLFI', '1d3b993bacfc1e3bc1cbaec6bfda8dd93ba56e6278c52ed1b0c5f1fb5897dfe327a0b36b4f26ff312dd1e68df2362d7516d39ea434bf88914d7709ae6a6380c2', 'JVZEQI', 'CZLFI', NULL, 'A', NULL, NULL, NULL, NULL, NULL, 1, NULL, NULL, NULL, NULL, NULL, NULL, NULL, NULL, NULL, NULL, NULL),
(10000024, 0, 'S', 'C', 'FXTISCSVIG.GPJLXEOOQ@QVT.COM', 'FXTISCSVIG.GPJLXEOOQ', '1d3b993bacfc1e3bc1cbaec6bfda8dd93ba56e6278c52ed1b0c5f1fb5897dfe327a0b36b4f26ff312dd1e68df2362d7516d39ea434bf88914d7709ae6a6380c2', 'FXTISCSVIG', 'GPJLXEOOQ', NULL, 'A', NULL, NULL, NULL, NULL, NULL, 1, NULL, NULL, NULL, NULL, NULL, NULL, NULL, NULL, NULL, NULL, NULL),
(10000025, 0, 'S', 'C', 'TLCPJKMQ.REORWC@KTNMI.COM', 'TLCPJKMQ.REORWC', '1d3b993bacfc1e3bc1cbaec6bfda8dd93ba56e6278c52ed1b0c5f1fb5897dfe327a0b36b4f26ff312dd1e68df2362d7516d39ea434bf88914d7709ae6a6380c2', 'TLCPJKMQ', 'REORWC', NULL, 'A', NULL, NULL, NULL, NULL, NULL, 1, NULL, NULL, NULL, NULL, NULL, NULL, NULL, NULL, NULL, NULL, NULL),
(10000026, 0, 'S', 'C', 'NMIN.ZVJIV@SWOM.COM', 'NMIN.ZVJIV', '1d3b993bacfc1e3bc1cbaec6bfda8dd93ba56e6278c52ed1b0c5f1fb5897dfe327a0b36b4f26ff312dd1e68df2362d7516d39ea434bf88914d7709ae6a6380c2', 'NMIN', 'ZVJIV', NULL, 'A', NULL, NULL, NULL, NULL, NULL, 1, NULL, NULL, NULL, NULL, NULL, NULL, NULL, NULL, NULL, NULL, NULL),
(10000027, 0, 'S', 'C', 'FQFWODLMU.VEBC@LBIY.COM', 'FQFWODLMU.VEBC', '1d3b993bacfc1e3bc1cbaec6bfda8dd93ba56e6278c52ed1b0c5f1fb5897dfe327a0b36b4f26ff312dd1e68df2362d7516d39ea434bf88914d7709ae6a6380c2', 'FQFWODLMU', 'VEBC', NULL, 'A', NULL, NULL, NULL, NULL, NULL, 1, NULL, NULL, NULL, NULL, NULL, NULL, NULL, NULL, NULL, NULL, NULL),
(10000028, 0, 'S', 'C', 'XULLBPQR.QLQGWLD@EFJ.COM', 'XULLBPQR.QLQGWLD', '1d3b993bacfc1e3bc1cbaec6bfda8dd93ba56e6278c52ed1b0c5f1fb5897dfe327a0b36b4f26ff312dd1e68df2362d7516d39ea434bf88914d7709ae6a6380c2', 'XULLBPQR', 'QLQGWLD', NULL, 'A', NULL, NULL, NULL, NULL, NULL, 1, NULL, NULL, NULL, NULL, NULL, NULL, NULL, NULL, NULL, NULL, NULL),
(10000029, 0, 'S', 'C', 'GFUT.NKEWLR@NROL.COM', 'GFUT.NKEWLR', '1d3b993bacfc1e3bc1cbaec6bfda8dd93ba56e6278c52ed1b0c5f1fb5897dfe327a0b36b4f26ff312dd1e68df2362d7516d39ea434bf88914d7709ae6a6380c2', 'GFUT', 'NKEWLR', NULL, 'A', NULL, NULL, NULL, NULL, NULL, 1, NULL, NULL, NULL, NULL, NULL, NULL, NULL, NULL, NULL, NULL, NULL),
(10000030, 0, 'S', 'C', 'DULEB.BKV@QHBKY.COM', 'DULEB.BKV', '1d3b993bacfc1e3bc1cbaec6bfda8dd93ba56e6278c52ed1b0c5f1fb5897dfe327a0b36b4f26ff312dd1e68df2362d7516d39ea434bf88914d7709ae6a6380c2', 'DULEB', 'BKV', NULL, 'A', NULL, NULL, NULL, NULL, NULL, 1, NULL, NULL, NULL, NULL, NULL, NULL, NULL, NULL, NULL, NULL, NULL),
(10000031, 0, 'S', 'C', 'NBHAZMDMB.XLIU@UQY.COM', 'NBHAZMDMB.XLIU', '1d3b993bacfc1e3bc1cbaec6bfda8dd93ba56e6278c52ed1b0c5f1fb5897dfe327a0b36b4f26ff312dd1e68df2362d7516d39ea434bf88914d7709ae6a6380c2', 'NBHAZMDMB', 'XLIU', NULL, 'A', NULL, NULL, NULL, NULL, NULL, 1, NULL, NULL, NULL, NULL, NULL, NULL, NULL, NULL, NULL, NULL, NULL),
(10000032, 0, 'S', 'C', 'ZAJAXTAAF.JDL@QLMNV.COM', 'ZAJAXTAAF.JDL', '1d3b993bacfc1e3bc1cbaec6bfda8dd93ba56e6278c52ed1b0c5f1fb5897dfe327a0b36b4f26ff312dd1e68df2362d7516d39ea434bf88914d7709ae6a6380c2', 'ZAJAXTAAF', 'JDL', NULL, 'A', NULL, NULL, NULL, NULL, NULL, 1, NULL, NULL, NULL, NULL, NULL, NULL, NULL, NULL, NULL, NULL, NULL),
(10000033, 0, 'S', 'C', 'PCSBULM.UPTYMJTGEY@ETM.COM', 'PCSBULM.UPTYMJTGEY', '1d3b993bacfc1e3bc1cbaec6bfda8dd93ba56e6278c52ed1b0c5f1fb5897dfe327a0b36b4f26ff312dd1e68df2362d7516d39ea434bf88914d7709ae6a6380c2', 'PCSBULM', 'UPTYMJTGEY', NULL, 'A', NULL, NULL, NULL, NULL, NULL, 1, NULL, NULL, NULL, NULL, NULL, NULL, NULL, NULL, NULL, NULL, NULL),
(10000034, 0, 'S', 'C', 'SQYEUKWNS.CXFYT@PEVGF.COM', 'SQYEUKWNS.CXFYT', '1d3b993bacfc1e3bc1cbaec6bfda8dd93ba56e6278c52ed1b0c5f1fb5897dfe327a0b36b4f26ff312dd1e68df2362d7516d39ea434bf88914d7709ae6a6380c2', 'SQYEUKWNS', 'CXFYT', NULL, 'A', NULL, NULL, NULL, NULL, NULL, 1, NULL, NULL, NULL, NULL, NULL, NULL, NULL, NULL, NULL, NULL, NULL),
(10000035, 0, 'S', 'C', 'FWRIVTB.FBU@TFM.COM', 'FWRIVTB.FBU', '1d3b993bacfc1e3bc1cbaec6bfda8dd93ba56e6278c52ed1b0c5f1fb5897dfe327a0b36b4f26ff312dd1e68df2362d7516d39ea434bf88914d7709ae6a6380c2', 'FWRIVTB', 'FBU', NULL, 'A', NULL, NULL, NULL, NULL, NULL, 1, NULL, NULL, NULL, NULL, NULL, NULL, NULL, NULL, NULL, NULL, NULL),
(10000036, 0, 'S', 'C', 'JED.ZBBC@KKCLT.COM', 'JED.ZBBC', '1d3b993bacfc1e3bc1cbaec6bfda8dd93ba56e6278c52ed1b0c5f1fb5897dfe327a0b36b4f26ff312dd1e68df2362d7516d39ea434bf88914d7709ae6a6380c2', 'JED', 'ZBBC', NULL, 'A', NULL, NULL, NULL, NULL, NULL, 1, NULL, NULL, NULL, NULL, NULL, NULL, NULL, NULL, NULL, NULL, NULL),
(10000037, 0, 'S', 'C', 'KDXPDS.EVGIYXEPWN@ZGZVE.COM', 'KDXPDS.EVGIYXEPWN', '1d3b993bacfc1e3bc1cbaec6bfda8dd93ba56e6278c52ed1b0c5f1fb5897dfe327a0b36b4f26ff312dd1e68df2362d7516d39ea434bf88914d7709ae6a6380c2', 'KDXPDS', 'EVGIYXEPWN', NULL, 'A', NULL, NULL, NULL, NULL, NULL, 1, NULL, NULL, NULL, NULL, NULL, NULL, NULL, NULL, NULL, NULL, NULL),
(10000038, 0, 'S', 'C', 'ORBMDDVTCR.ABUCUZ@ULJH.COM', 'ORBMDDVTCR.ABUCUZ', '1d3b993bacfc1e3bc1cbaec6bfda8dd93ba56e6278c52ed1b0c5f1fb5897dfe327a0b36b4f26ff312dd1e68df2362d7516d39ea434bf88914d7709ae6a6380c2', 'ORBMDDVTCR', 'ABUCUZ', NULL, 'A', NULL, NULL, NULL, NULL, NULL, 1, NULL, NULL, NULL, NULL, NULL, NULL, NULL, NULL, NULL, NULL, NULL),
(10000039, 0, 'S', 'C', 'MVM.TNOQLTEHX@JDSQJ.COM', 'MVM.TNOQLTEHX', '1d3b993bacfc1e3bc1cbaec6bfda8dd93ba56e6278c52ed1b0c5f1fb5897dfe327a0b36b4f26ff312dd1e68df2362d7516d39ea434bf88914d7709ae6a6380c2', 'MVM', 'TNOQLTEHX', NULL, 'A', NULL, NULL, NULL, NULL, NULL, 1, NULL, NULL, NULL, NULL, NULL, NULL, NULL, NULL, NULL, NULL, NULL),
(10000040, 0, 'S', 'C', 'WOJTDQP.MOGSVFBUG@CEVW.COM', 'WOJTDQP.MOGSVFBUG', '1d3b993bacfc1e3bc1cbaec6bfda8dd93ba56e6278c52ed1b0c5f1fb5897dfe327a0b36b4f26ff312dd1e68df2362d7516d39ea434bf88914d7709ae6a6380c2', 'WOJTDQP', 'MOGSVFBUG', NULL, 'A', NULL, NULL, NULL, NULL, NULL, 1, NULL, NULL, NULL, NULL, NULL, NULL, NULL, NULL, NULL, NULL, NULL),
(10000041, 0, 'S', 'C', 'PTVOM.UCQXENDQC@YUUZM.COM', 'PTVOM.UCQXENDQC', '1d3b993bacfc1e3bc1cbaec6bfda8dd93ba56e6278c52ed1b0c5f1fb5897dfe327a0b36b4f26ff312dd1e68df2362d7516d39ea434bf88914d7709ae6a6380c2', 'PTVOM', 'UCQXENDQC', NULL, 'A', NULL, NULL, NULL, NULL, NULL, 1, NULL, NULL, NULL, NULL, NULL, NULL, NULL, NULL, NULL, NULL, NULL),
(10000042, 0, 'S', 'C', 'CDTTLS.YGUBZYTUK@KSJC.COM', 'CDTTLS.YGUBZYTUK', '1d3b993bacfc1e3bc1cbaec6bfda8dd93ba56e6278c52ed1b0c5f1fb5897dfe327a0b36b4f26ff312dd1e68df2362d7516d39ea434bf88914d7709ae6a6380c2', 'CDTTLS', 'YGUBZYTUK', NULL, 'A', NULL, NULL, NULL, NULL, NULL, 1, NULL, NULL, NULL, NULL, NULL, NULL, NULL, NULL, NULL, NULL, NULL),
(10000043, 0, 'S', 'C', 'AKTJCYE.FFMOC@NWJL.COM', 'AKTJCYE.FFMOC', '1d3b993bacfc1e3bc1cbaec6bfda8dd93ba56e6278c52ed1b0c5f1fb5897dfe327a0b36b4f26ff312dd1e68df2362d7516d39ea434bf88914d7709ae6a6380c2', 'AKTJCYE', 'FFMOC', NULL, 'A', NULL, NULL, NULL, NULL, NULL, 1, NULL, NULL, NULL, NULL, NULL, NULL, NULL, NULL, NULL, NULL, NULL),
(10000044, 0, 'S', 'C', 'JUKTJFICOS.PLXKBEQST@ONWOT.COM', 'JUKTJFICOS.PLXKBEQST', '1d3b993bacfc1e3bc1cbaec6bfda8dd93ba56e6278c52ed1b0c5f1fb5897dfe327a0b36b4f26ff312dd1e68df2362d7516d39ea434bf88914d7709ae6a6380c2', 'JUKTJFICOS', 'PLXKBEQST', NULL, 'A', NULL, NULL, NULL, NULL, NULL, 1, NULL, NULL, NULL, NULL, NULL, NULL, NULL, NULL, NULL, NULL, NULL),
(10000045, 0, 'S', 'C', 'OOAHEHKT.WJTPPREW@KTD.COM', 'OOAHEHKT.WJTPPREW', '1d3b993bacfc1e3bc1cbaec6bfda8dd93ba56e6278c52ed1b0c5f1fb5897dfe327a0b36b4f26ff312dd1e68df2362d7516d39ea434bf88914d7709ae6a6380c2', 'OOAHEHKT', 'WJTPPREW', NULL, 'A', NULL, NULL, NULL, NULL, NULL, 1, NULL, NULL, NULL, NULL, NULL, NULL, NULL, NULL, NULL, NULL, NULL),
(10000046, 0, 'S', 'C', 'CKHQSJVUT.QRAGCUD@COYNW.COM', 'CKHQSJVUT.QRAGCUD', '1d3b993bacfc1e3bc1cbaec6bfda8dd93ba56e6278c52ed1b0c5f1fb5897dfe327a0b36b4f26ff312dd1e68df2362d7516d39ea434bf88914d7709ae6a6380c2', 'CKHQSJVUT', 'QRAGCUD', NULL, 'A', NULL, NULL, NULL, NULL, NULL, 1, NULL, NULL, NULL, NULL, NULL, NULL, NULL, NULL, NULL, NULL, NULL),
(10000047, 0, 'S', 'C', 'VJFYKFGN.BRMR@HEP.COM', 'VJFYKFGN.BRMR', '1d3b993bacfc1e3bc1cbaec6bfda8dd93ba56e6278c52ed1b0c5f1fb5897dfe327a0b36b4f26ff312dd1e68df2362d7516d39ea434bf88914d7709ae6a6380c2', 'VJFYKFGN', 'BRMR', NULL, 'A', NULL, NULL, NULL, NULL, NULL, 1, NULL, NULL, NULL, NULL, NULL, NULL, NULL, NULL, NULL, NULL, NULL),
(10000048, 0, 'S', 'C', 'VBPJ.VDTUVX@KGIHX.COM', 'VBPJ.VDTUVX', '1d3b993bacfc1e3bc1cbaec6bfda8dd93ba56e6278c52ed1b0c5f1fb5897dfe327a0b36b4f26ff312dd1e68df2362d7516d39ea434bf88914d7709ae6a6380c2', 'VBPJ', 'VDTUVX', NULL, 'A', NULL, NULL, NULL, NULL, NULL, 1, NULL, NULL, NULL, NULL, NULL, NULL, NULL, NULL, NULL, NULL, NULL),
(10000049, 0, 'S', 'C', 'KXQMPMFEO.EIGOPIHCB@TZVYZ.COM', 'KXQMPMFEO.EIGOPIHCB', '1d3b993bacfc1e3bc1cbaec6bfda8dd93ba56e6278c52ed1b0c5f1fb5897dfe327a0b36b4f26ff312dd1e68df2362d7516d39ea434bf88914d7709ae6a6380c2', 'KXQMPMFEO', 'EIGOPIHCB', NULL, 'A', NULL, NULL, NULL, NULL, NULL, 1, NULL, NULL, NULL, NULL, NULL, NULL, NULL, NULL, NULL, NULL, NULL),
(10000050, 0, 'S', 'C', 'TGZFASTY.VDDGQOINW@LQGLO.COM', 'TGZFASTY.VDDGQOINW', '1d3b993bacfc1e3bc1cbaec6bfda8dd93ba56e6278c52ed1b0c5f1fb5897dfe327a0b36b4f26ff312dd1e68df2362d7516d39ea434bf88914d7709ae6a6380c2', 'TGZFASTY', 'VDDGQOINW', NULL, 'A', NULL, NULL, NULL, NULL, NULL, 1, NULL, NULL, NULL, NULL, NULL, NULL, NULL, NULL, NULL, NULL, NULL),
(10000051, 0, 'S', 'C', 'HAIEFG.HDWR@INH.COM', 'HAIEFG.HDWR', '1d3b993bacfc1e3bc1cbaec6bfda8dd93ba56e6278c52ed1b0c5f1fb5897dfe327a0b36b4f26ff312dd1e68df2362d7516d39ea434bf88914d7709ae6a6380c2', 'HAIEFG', 'HDWR', NULL, 'A', NULL, NULL, NULL, NULL, NULL, 1, NULL, NULL, NULL, NULL, NULL, NULL, NULL, NULL, NULL, NULL, NULL),
(10000052, 0, 'S', 'C', 'XRKJ.KICD@INXWJ.COM', 'XRKJ.KICD', '1d3b993bacfc1e3bc1cbaec6bfda8dd93ba56e6278c52ed1b0c5f1fb5897dfe327a0b36b4f26ff312dd1e68df2362d7516d39ea434bf88914d7709ae6a6380c2', 'XRKJ', 'KICD', NULL, 'A', NULL, NULL, NULL, NULL, NULL, 1, NULL, NULL, NULL, NULL, NULL, NULL, NULL, NULL, NULL, NULL, NULL),
(10000053, 0, 'S', 'C', 'XVCYK.WMPY@EDL.COM', 'XVCYK.WMPY', '1d3b993bacfc1e3bc1cbaec6bfda8dd93ba56e6278c52ed1b0c5f1fb5897dfe327a0b36b4f26ff312dd1e68df2362d7516d39ea434bf88914d7709ae6a6380c2', 'XVCYK', 'WMPY', NULL, 'A', NULL, NULL, NULL, NULL, NULL, 1, NULL, NULL, NULL, NULL, NULL, NULL, NULL, NULL, NULL, NULL, NULL),
(10000054, 0, 'S', 'C', 'BEORNWNRX.ZNK@ITXO.COM', 'BEORNWNRX.ZNK', '1d3b993bacfc1e3bc1cbaec6bfda8dd93ba56e6278c52ed1b0c5f1fb5897dfe327a0b36b4f26ff312dd1e68df2362d7516d39ea434bf88914d7709ae6a6380c2', 'BEORNWNRX', 'ZNK', NULL, 'A', NULL, NULL, NULL, NULL, NULL, 1, NULL, NULL, NULL, NULL, NULL, NULL, NULL, NULL, NULL, NULL, NULL),
(10000055, 0, 'S', 'C', 'UJC.RPWZS@RYA.COM', 'UJC.RPWZS', '1d3b993bacfc1e3bc1cbaec6bfda8dd93ba56e6278c52ed1b0c5f1fb5897dfe327a0b36b4f26ff312dd1e68df2362d7516d39ea434bf88914d7709ae6a6380c2', 'UJC', 'RPWZS', NULL, 'A', NULL, NULL, NULL, NULL, NULL, 1, NULL, NULL, NULL, NULL, NULL, NULL, NULL, NULL, NULL, NULL, NULL),
(10000056, 0, 'S', 'C', 'JCDMWAGS.TPFWG@RYHSO.COM', 'JCDMWAGS.TPFWG', '1d3b993bacfc1e3bc1cbaec6bfda8dd93ba56e6278c52ed1b0c5f1fb5897dfe327a0b36b4f26ff312dd1e68df2362d7516d39ea434bf88914d7709ae6a6380c2', 'JCDMWAGS', 'TPFWG', NULL, 'A', NULL, NULL, NULL, NULL, NULL, 1, NULL, NULL, NULL, NULL, NULL, NULL, NULL, NULL, NULL, NULL, NULL),
(10000057, 0, 'S', 'C', 'SSYNOU.HRURCL@RDBM.COM', 'SSYNOU.HRURCL', '1d3b993bacfc1e3bc1cbaec6bfda8dd93ba56e6278c52ed1b0c5f1fb5897dfe327a0b36b4f26ff312dd1e68df2362d7516d39ea434bf88914d7709ae6a6380c2', 'SSYNOU', 'HRURCL', NULL, 'A', NULL, NULL, NULL, NULL, NULL, 1, NULL, NULL, NULL, NULL, NULL, NULL, NULL, NULL, NULL, NULL, NULL),
(10000058, 0, 'S', 'C', 'LLZ.KWRLFEI@TFFME.COM', 'LLZ.KWRLFEI', '1d3b993bacfc1e3bc1cbaec6bfda8dd93ba56e6278c52ed1b0c5f1fb5897dfe327a0b36b4f26ff312dd1e68df2362d7516d39ea434bf88914d7709ae6a6380c2', 'LLZ', 'KWRLFEI', NULL, 'A', NULL, NULL, NULL, NULL, NULL, 1, NULL, NULL, NULL, NULL, NULL, NULL, NULL, NULL, NULL, NULL, NULL),
(10000059, 0, 'S', 'C', 'VTBSGHFLG.VALQWYDID@DVC.COM', 'VTBSGHFLG.VALQWYDID', '1d3b993bacfc1e3bc1cbaec6bfda8dd93ba56e6278c52ed1b0c5f1fb5897dfe327a0b36b4f26ff312dd1e68df2362d7516d39ea434bf88914d7709ae6a6380c2', 'VTBSGHFLG', 'VALQWYDID', NULL, 'A', NULL, NULL, NULL, NULL, NULL, 1, NULL, NULL, NULL, NULL, NULL, NULL, NULL, NULL, NULL, NULL, NULL),
(10000060, 0, 'S', 'C', 'EZVCCIJQN.DJV@LEK.COM', 'EZVCCIJQN.DJV', '1d3b993bacfc1e3bc1cbaec6bfda8dd93ba56e6278c52ed1b0c5f1fb5897dfe327a0b36b4f26ff312dd1e68df2362d7516d39ea434bf88914d7709ae6a6380c2', 'EZVCCIJQN', 'DJV', NULL, 'A', NULL, NULL, NULL, NULL, NULL, 1, NULL, NULL, NULL, NULL, NULL, NULL, NULL, NULL, NULL, NULL, NULL),
(10000061, 0, 'S', 'C', 'EQCM.NKDYPCW@ILPNQ.COM', 'EQCM.NKDYPCW', '1d3b993bacfc1e3bc1cbaec6bfda8dd93ba56e6278c52ed1b0c5f1fb5897dfe327a0b36b4f26ff312dd1e68df2362d7516d39ea434bf88914d7709ae6a6380c2', 'EQCM', 'NKDYPCW', NULL, 'A', NULL, NULL, NULL, NULL, NULL, 1, NULL, NULL, NULL, NULL, NULL, NULL, NULL, NULL, NULL, NULL, NULL),
(10000062, 0, 'S', 'C', 'HTQS.JSGXXXAM@MMJN.COM', 'HTQS.JSGXXXAM', '1d3b993bacfc1e3bc1cbaec6bfda8dd93ba56e6278c52ed1b0c5f1fb5897dfe327a0b36b4f26ff312dd1e68df2362d7516d39ea434bf88914d7709ae6a6380c2', 'HTQS', 'JSGXXXAM', NULL, 'A', NULL, NULL, NULL, NULL, NULL, 1, NULL, NULL, NULL, NULL, NULL, NULL, NULL, NULL, NULL, NULL, NULL),
(10000063, 0, 'S', 'C', 'UPGDJ.IOQMTOFJW@TGF.COM', 'UPGDJ.IOQMTOFJW', '1d3b993bacfc1e3bc1cbaec6bfda8dd93ba56e6278c52ed1b0c5f1fb5897dfe327a0b36b4f26ff312dd1e68df2362d7516d39ea434bf88914d7709ae6a6380c2', 'UPGDJ', 'IOQMTOFJW', NULL, 'A', NULL, NULL, NULL, NULL, NULL, 1, NULL, NULL, NULL, NULL, NULL, NULL, NULL, NULL, NULL, NULL, NULL),
(10000064, 0, 'S', 'C', 'JVQYYDUL.KQI@OQLA.COM', 'JVQYYDUL.KQI', '1d3b993bacfc1e3bc1cbaec6bfda8dd93ba56e6278c52ed1b0c5f1fb5897dfe327a0b36b4f26ff312dd1e68df2362d7516d39ea434bf88914d7709ae6a6380c2', 'JVQYYDUL', 'KQI', NULL, 'A', NULL, NULL, NULL, NULL, NULL, 1, NULL, NULL, NULL, NULL, NULL, NULL, NULL, NULL, NULL, NULL, NULL),
(10000065, 0, 'S', 'C', 'RPM.HJULHA@CLZSG.COM', 'RPM.HJULHA', '1d3b993bacfc1e3bc1cbaec6bfda8dd93ba56e6278c52ed1b0c5f1fb5897dfe327a0b36b4f26ff312dd1e68df2362d7516d39ea434bf88914d7709ae6a6380c2', 'RPM', 'HJULHA', NULL, 'A', NULL, NULL, NULL, NULL, NULL, 1, NULL, NULL, NULL, NULL, NULL, NULL, NULL, NULL, NULL, NULL, NULL),
(10000066, 0, 'S', 'C', 'YXQJUHCV.XZUYLPQZWU@LDR.COM', 'YXQJUHCV.XZUYLPQZWU', '1d3b993bacfc1e3bc1cbaec6bfda8dd93ba56e6278c52ed1b0c5f1fb5897dfe327a0b36b4f26ff312dd1e68df2362d7516d39ea434bf88914d7709ae6a6380c2', 'YXQJUHCV', 'XZUYLPQZWU', NULL, 'A', NULL, NULL, NULL, NULL, NULL, 1, NULL, NULL, NULL, NULL, NULL, NULL, NULL, NULL, NULL, NULL, NULL),
(10000067, 0, 'S', 'C', 'JSOIUHHITJ.IVNLR@MCS.COM', 'JSOIUHHITJ.IVNLR', '1d3b993bacfc1e3bc1cbaec6bfda8dd93ba56e6278c52ed1b0c5f1fb5897dfe327a0b36b4f26ff312dd1e68df2362d7516d39ea434bf88914d7709ae6a6380c2', 'JSOIUHHITJ', 'IVNLR', NULL, 'A', NULL, NULL, NULL, NULL, NULL, 1, NULL, NULL, NULL, NULL, NULL, NULL, NULL, NULL, NULL, NULL, NULL),
(10000068, 0, 'S', 'C', 'MSNBMZQLX.NDK@NZWT.COM', 'MSNBMZQLX.NDK', '1d3b993bacfc1e3bc1cbaec6bfda8dd93ba56e6278c52ed1b0c5f1fb5897dfe327a0b36b4f26ff312dd1e68df2362d7516d39ea434bf88914d7709ae6a6380c2', 'MSNBMZQLX', 'NDK', NULL, 'A', NULL, NULL, NULL, NULL, NULL, 1, NULL, NULL, NULL, NULL, NULL, NULL, NULL, NULL, NULL, NULL, NULL),
(10000069, 0, 'S', 'C', 'JYQSORG.MIEZRBR@AOBV.COM', 'JYQSORG.MIEZRBR', '1d3b993bacfc1e3bc1cbaec6bfda8dd93ba56e6278c52ed1b0c5f1fb5897dfe327a0b36b4f26ff312dd1e68df2362d7516d39ea434bf88914d7709ae6a6380c2', 'JYQSORG', 'MIEZRBR', NULL, 'A', NULL, NULL, NULL, NULL, NULL, 1, NULL, NULL, NULL, NULL, NULL, NULL, NULL, NULL, NULL, NULL, NULL),
(10000070, 0, 'S', 'C', 'EIKMYC.LMFODEVCC@VENDF.COM', 'EIKMYC.LMFODEVCC', '1d3b993bacfc1e3bc1cbaec6bfda8dd93ba56e6278c52ed1b0c5f1fb5897dfe327a0b36b4f26ff312dd1e68df2362d7516d39ea434bf88914d7709ae6a6380c2', 'EIKMYC', 'LMFODEVCC', NULL, 'A', NULL, NULL, NULL, NULL, NULL, 1, NULL, NULL, NULL, NULL, NULL, NULL, NULL, NULL, NULL, NULL, NULL),
(10000071, 0, 'S', 'C', 'FEMNOICGF.AMTTZ@UQPY.COM', 'FEMNOICGF.AMTTZ', '1d3b993bacfc1e3bc1cbaec6bfda8dd93ba56e6278c52ed1b0c5f1fb5897dfe327a0b36b4f26ff312dd1e68df2362d7516d39ea434bf88914d7709ae6a6380c2', 'FEMNOICGF', 'AMTTZ', NULL, 'A', NULL, NULL, NULL, NULL, NULL, 1, NULL, NULL, NULL, NULL, NULL, NULL, NULL, NULL, NULL, NULL, NULL),
(10000072, 0, 'S', 'C', 'RUDAVB.HLELGMJKNE@HMWSO.COM', 'RUDAVB.HLELGMJKNE', '1d3b993bacfc1e3bc1cbaec6bfda8dd93ba56e6278c52ed1b0c5f1fb5897dfe327a0b36b4f26ff312dd1e68df2362d7516d39ea434bf88914d7709ae6a6380c2', 'RUDAVB', 'HLELGMJKNE', NULL, 'A', NULL, NULL, NULL, NULL, NULL, 1, NULL, NULL, NULL, NULL, NULL, NULL, NULL, NULL, NULL, NULL, NULL),
(10000073, 0, 'S', 'C', 'NHM.SNRFUVZE@ENEU.COM', 'NHM.SNRFUVZE', '1d3b993bacfc1e3bc1cbaec6bfda8dd93ba56e6278c52ed1b0c5f1fb5897dfe327a0b36b4f26ff312dd1e68df2362d7516d39ea434bf88914d7709ae6a6380c2', 'NHM', 'SNRFUVZE', NULL, 'A', NULL, NULL, NULL, NULL, NULL, 1, NULL, NULL, NULL, NULL, NULL, NULL, NULL, NULL, NULL, NULL, NULL),
(10000074, 0, 'S', 'C', 'JAEXLDG.SWSH@KHSY.COM', 'JAEXLDG.SWSH', '1d3b993bacfc1e3bc1cbaec6bfda8dd93ba56e6278c52ed1b0c5f1fb5897dfe327a0b36b4f26ff312dd1e68df2362d7516d39ea434bf88914d7709ae6a6380c2', 'JAEXLDG', 'SWSH', NULL, 'A', NULL, NULL, NULL, NULL, NULL, 1, NULL, NULL, NULL, NULL, NULL, NULL, NULL, NULL, NULL, NULL, NULL),
(10000075, 0, 'S', 'C', 'WBXE.UFRNI@VRG.COM', 'WBXE.UFRNI', '1d3b993bacfc1e3bc1cbaec6bfda8dd93ba56e6278c52ed1b0c5f1fb5897dfe327a0b36b4f26ff312dd1e68df2362d7516d39ea434bf88914d7709ae6a6380c2', 'WBXE', 'UFRNI', NULL, 'A', NULL, NULL, NULL, NULL, NULL, 1, NULL, NULL, NULL, NULL, NULL, NULL, NULL, NULL, NULL, NULL, NULL),
(10000076, 0, 'S', 'C', 'XYT.OHRLADBSI@YEVZ.COM', 'XYT.OHRLADBSI', '1d3b993bacfc1e3bc1cbaec6bfda8dd93ba56e6278c52ed1b0c5f1fb5897dfe327a0b36b4f26ff312dd1e68df2362d7516d39ea434bf88914d7709ae6a6380c2', 'XYT', 'OHRLADBSI', NULL, 'A', NULL, NULL, NULL, NULL, NULL, 1, NULL, NULL, NULL, NULL, NULL, NULL, NULL, NULL, NULL, NULL, NULL),
(10000077, 0, 'S', 'C', 'MRITO.DLHBNC@WFY.COM', 'MRITO.DLHBNC', '1d3b993bacfc1e3bc1cbaec6bfda8dd93ba56e6278c52ed1b0c5f1fb5897dfe327a0b36b4f26ff312dd1e68df2362d7516d39ea434bf88914d7709ae6a6380c2', 'MRITO', 'DLHBNC', NULL, 'A', NULL, NULL, NULL, NULL, NULL, 1, NULL, NULL, NULL, NULL, NULL, NULL, NULL, NULL, NULL, NULL, NULL),
(10000078, 0, 'S', 'C', 'ZKU.SJOI@OEVG.COM', 'ZKU.SJOI', '1d3b993bacfc1e3bc1cbaec6bfda8dd93ba56e6278c52ed1b0c5f1fb5897dfe327a0b36b4f26ff312dd1e68df2362d7516d39ea434bf88914d7709ae6a6380c2', 'ZKU', 'SJOI', NULL, 'A', NULL, NULL, NULL, NULL, NULL, 1, NULL, NULL, NULL, NULL, NULL, NULL, NULL, NULL, NULL, NULL, NULL),
(10000085, 0, 'S', 'C', 'GNJIMR.HAZY@UIMPY.COM', 'GNJIMR.HAZY', '1d3b993bacfc1e3bc1cbaec6bfda8dd93ba56e6278c52ed1b0c5f1fb5897dfe327a0b36b4f26ff312dd1e68df2362d7516d39ea434bf88914d7709ae6a6380c2', 'GNJIMR', 'HAZY', NULL, 'A', NULL, NULL, NULL, NULL, NULL, 1, NULL, NULL, NULL, NULL, NULL, NULL, NULL, NULL, NULL, NULL, NULL),
(10000086, 0, 'S', 'C', 'RCMGRSL.KLMEMEJKR@TTMFK.COM', 'RCMGRSL.KLMEMEJKR', '1d3b993bacfc1e3bc1cbaec6bfda8dd93ba56e6278c52ed1b0c5f1fb5897dfe327a0b36b4f26ff312dd1e68df2362d7516d39ea434bf88914d7709ae6a6380c2', 'RCMGRSL', 'KLMEMEJKR', NULL, 'A', NULL, NULL, NULL, NULL, NULL, 1, NULL, NULL, NULL, NULL, NULL, NULL, NULL, NULL, NULL, NULL, NULL),
(10000087, 0, 'S', 'C', 'LMENDMXT.DKCBIJ@ADVJT.COM', 'LMENDMXT.DKCBIJ', '1d3b993bacfc1e3bc1cbaec6bfda8dd93ba56e6278c52ed1b0c5f1fb5897dfe327a0b36b4f26ff312dd1e68df2362d7516d39ea434bf88914d7709ae6a6380c2', 'LMENDMXT', 'DKCBIJ', NULL, 'A', NULL, NULL, NULL, NULL, NULL, 1, NULL, NULL, NULL, NULL, NULL, NULL, NULL, NULL, NULL, NULL, NULL),
(10000088, 0, 'S', 'C', 'HSOFQKBV.OSFWGUNCL@VLWPV.COM', 'HSOFQKBV.OSFWGUNCL', '1d3b993bacfc1e3bc1cbaec6bfda8dd93ba56e6278c52ed1b0c5f1fb5897dfe327a0b36b4f26ff312dd1e68df2362d7516d39ea434bf88914d7709ae6a6380c2', 'HSOFQKBV', 'OSFWGUNCL', NULL, 'A', NULL, NULL, NULL, NULL, NULL, 1, NULL, NULL, NULL, NULL, NULL, NULL, NULL, NULL, NULL, NULL, NULL),
(10000089, 0, 'S', 'C', 'DOZ.NAPDCLOOCG@SST.COM', 'DOZ.NAPDCLOOCG', '1d3b993bacfc1e3bc1cbaec6bfda8dd93ba56e6278c52ed1b0c5f1fb5897dfe327a0b36b4f26ff312dd1e68df2362d7516d39ea434bf88914d7709ae6a6380c2', 'DOZ', 'NAPDCLOOCG', NULL, 'A', NULL, NULL, NULL, NULL, NULL, 1, NULL, NULL, NULL, NULL, NULL, NULL, NULL, NULL, NULL, NULL, NULL),
(10000090, 0, 'S', 'C', 'DMWB.CAORWCAH@TLQ.COM', 'DMWB.CAORWCAH', '1d3b993bacfc1e3bc1cbaec6bfda8dd93ba56e6278c52ed1b0c5f1fb5897dfe327a0b36b4f26ff312dd1e68df2362d7516d39ea434bf88914d7709ae6a6380c2', 'DMWB', 'CAORWCAH', NULL, 'A', NULL, NULL, NULL, NULL, NULL, 1, NULL, NULL, NULL, NULL, NULL, NULL, NULL, NULL, NULL, NULL, NULL),
(10000091, 0, 'S', 'C', 'BFKCBUIGL.UCQLP@KPM.COM', 'BFKCBUIGL.UCQLP', '1d3b993bacfc1e3bc1cbaec6bfda8dd93ba56e6278c52ed1b0c5f1fb5897dfe327a0b36b4f26ff312dd1e68df2362d7516d39ea434bf88914d7709ae6a6380c2', 'BFKCBUIGL', 'UCQLP', NULL, 'A', NULL, NULL, NULL, NULL, NULL, 1, NULL, NULL, NULL, NULL, NULL, NULL, NULL, NULL, NULL, NULL, NULL),
(10000092, 0, 'S', 'C', 'IIGFFSPA.MKB@PAA.COM', 'IIGFFSPA.MKB', '1d3b993bacfc1e3bc1cbaec6bfda8dd93ba56e6278c52ed1b0c5f1fb5897dfe327a0b36b4f26ff312dd1e68df2362d7516d39ea434bf88914d7709ae6a6380c2', 'IIGFFSPA', 'MKB', NULL, 'A', NULL, NULL, NULL, NULL, NULL, 1, NULL, NULL, NULL, NULL, NULL, NULL, NULL, NULL, NULL, NULL, NULL),
(10000093, 0, 'S', 'C', 'AQEDXKMSO.ISCJ@GQSD.COM', 'AQEDXKMSO.ISCJ', '1d3b993bacfc1e3bc1cbaec6bfda8dd93ba56e6278c52ed1b0c5f1fb5897dfe327a0b36b4f26ff312dd1e68df2362d7516d39ea434bf88914d7709ae6a6380c2', 'AQEDXKMSO', 'ISCJ', NULL, 'A', NULL, NULL, NULL, NULL, NULL, 1, NULL, NULL, NULL, NULL, NULL, NULL, NULL, NULL, NULL, NULL, NULL),
(10000094, 0, 'S', 'C', 'IZFKYFCFP.RICF@WFT.COM', 'IZFKYFCFP.RICF', '1d3b993bacfc1e3bc1cbaec6bfda8dd93ba56e6278c52ed1b0c5f1fb5897dfe327a0b36b4f26ff312dd1e68df2362d7516d39ea434bf88914d7709ae6a6380c2', 'IZFKYFCFP', 'RICF', NULL, 'A', NULL, NULL, NULL, NULL, NULL, 1, NULL, NULL, NULL, NULL, NULL, NULL, NULL, NULL, NULL, NULL, NULL),
(10000095, 0, 'S', 'C', 'MLKRVDLUNJ.WLLXWQ@WLGX.COM', 'MLKRVDLUNJ.WLLXWQ', '1d3b993bacfc1e3bc1cbaec6bfda8dd93ba56e6278c52ed1b0c5f1fb5897dfe327a0b36b4f26ff312dd1e68df2362d7516d39ea434bf88914d7709ae6a6380c2', 'MLKRVDLUNJ', 'WLLXWQ', NULL, 'A', NULL, NULL, NULL, NULL, NULL, 1, NULL, NULL, NULL, NULL, NULL, NULL, NULL, NULL, NULL, NULL, NULL),
(10000096, 0, 'S', 'C', 'BGPR.FVG@YLIVU.COM', 'BGPR.FVG', '1d3b993bacfc1e3bc1cbaec6bfda8dd93ba56e6278c52ed1b0c5f1fb5897dfe327a0b36b4f26ff312dd1e68df2362d7516d39ea434bf88914d7709ae6a6380c2', 'BGPR', 'FVG', NULL, 'A', NULL, NULL, NULL, NULL, NULL, 1, NULL, NULL, NULL, NULL, NULL, NULL, NULL, NULL, NULL, NULL, NULL),
(10000097, 0, 'S', 'C', 'LNXRFEKX.OTCTVQRNYN@MSSDS.COM', 'LNXRFEKX.OTCTVQRNYN', '1d3b993bacfc1e3bc1cbaec6bfda8dd93ba56e6278c52ed1b0c5f1fb5897dfe327a0b36b4f26ff312dd1e68df2362d7516d39ea434bf88914d7709ae6a6380c2', 'LNXRFEKX', 'OTCTVQRNYN', NULL, 'A', NULL, NULL, NULL, NULL, NULL, 1, NULL, NULL, NULL, NULL, NULL, NULL, NULL, NULL, NULL, NULL, NULL),
(10000098, 0, 'S', 'C', 'WWJUEMAZ.ZATETQDG@CRT.COM', 'WWJUEMAZ.ZATETQDG', '1d3b993bacfc1e3bc1cbaec6bfda8dd93ba56e6278c52ed1b0c5f1fb5897dfe327a0b36b4f26ff312dd1e68df2362d7516d39ea434bf88914d7709ae6a6380c2', 'WWJUEMAZ', 'ZATETQDG', NULL, 'A', NULL, NULL, NULL, NULL, NULL, 1, NULL, NULL, NULL, NULL, NULL, NULL, NULL, NULL, NULL, NULL, NULL),
(10000099, 0, 'S', 'C', 'XSZA.LGS@QWJW.COM', 'XSZA.LGS', '1d3b993bacfc1e3bc1cbaec6bfda8dd93ba56e6278c52ed1b0c5f1fb5897dfe327a0b36b4f26ff312dd1e68df2362d7516d39ea434bf88914d7709ae6a6380c2', 'XSZA', 'LGS', NULL, 'A', NULL, NULL, NULL, NULL, NULL, 1, NULL, NULL, NULL, NULL, NULL, NULL, NULL, NULL, NULL, NULL, NULL),
(10000100, 0, 'S', 'C', 'GSK.BFKFJ@DRO.COM', 'GSK.BFKFJ', '1d3b993bacfc1e3bc1cbaec6bfda8dd93ba56e6278c52ed1b0c5f1fb5897dfe327a0b36b4f26ff312dd1e68df2362d7516d39ea434bf88914d7709ae6a6380c2', 'GSK', 'BFKFJ', NULL, 'A', NULL, NULL, NULL, NULL, NULL, 1, NULL, NULL, NULL, NULL, NULL, NULL, NULL, NULL, NULL, NULL, NULL),
(10000101, 0, 'S', 'C', 'EPR.AAURLEJQ@QBJ.COM', 'EPR.AAURLEJQ', '1d3b993bacfc1e3bc1cbaec6bfda8dd93ba56e6278c52ed1b0c5f1fb5897dfe327a0b36b4f26ff312dd1e68df2362d7516d39ea434bf88914d7709ae6a6380c2', 'EPR', 'AAURLEJQ', NULL, 'A', NULL, NULL, NULL, NULL, NULL, 1, NULL, NULL, NULL, NULL, NULL, NULL, NULL, NULL, NULL, NULL, NULL),
(10000102, 0, 'S', 'C', 'XSKXDEEV.YVKK@LWJQ.COM', 'XSKXDEEV.YVKK', '1d3b993bacfc1e3bc1cbaec6bfda8dd93ba56e6278c52ed1b0c5f1fb5897dfe327a0b36b4f26ff312dd1e68df2362d7516d39ea434bf88914d7709ae6a6380c2', 'XSKXDEEV', 'YVKK', NULL, 'A', NULL, NULL, NULL, NULL, NULL, 1, NULL, NULL, NULL, NULL, NULL, NULL, NULL, NULL, NULL, NULL, NULL),
(10000103, 0, 'S', 'C', 'FIBMW.QLN@KGMOS.COM', 'FIBMW.QLN', '1d3b993bacfc1e3bc1cbaec6bfda8dd93ba56e6278c52ed1b0c5f1fb5897dfe327a0b36b4f26ff312dd1e68df2362d7516d39ea434bf88914d7709ae6a6380c2', 'FIBMW', 'QLN', NULL, 'A', NULL, NULL, NULL, NULL, NULL, 1, NULL, NULL, NULL, NULL, NULL, NULL, NULL, NULL, NULL, NULL, NULL),
(10000104, 0, 'S', 'C', 'ARARQWXIQ.KFNUVKNBC@DAX.COM', 'ARARQWXIQ.KFNUVKNBC', '1d3b993bacfc1e3bc1cbaec6bfda8dd93ba56e6278c52ed1b0c5f1fb5897dfe327a0b36b4f26ff312dd1e68df2362d7516d39ea434bf88914d7709ae6a6380c2', 'ARARQWXIQ', 'KFNUVKNBC', NULL, 'A', NULL, NULL, NULL, NULL, NULL, 1, NULL, NULL, NULL, NULL, NULL, NULL, NULL, NULL, NULL, NULL, NULL),
(10000105, 0, 'S', 'C', 'EHYOJSZ.BKPMU@IRQPS.COM', 'EHYOJSZ.BKPMU', '1d3b993bacfc1e3bc1cbaec6bfda8dd93ba56e6278c52ed1b0c5f1fb5897dfe327a0b36b4f26ff312dd1e68df2362d7516d39ea434bf88914d7709ae6a6380c2', 'EHYOJSZ', 'BKPMU', NULL, 'A', NULL, NULL, NULL, NULL, NULL, 1, NULL, NULL, NULL, NULL, NULL, NULL, NULL, NULL, NULL, NULL, NULL),
(10000106, 0, 'S', 'C', 'TUZ.MVUATOK@PIJP.COM', 'TUZ.MVUATOK', '1d3b993bacfc1e3bc1cbaec6bfda8dd93ba56e6278c52ed1b0c5f1fb5897dfe327a0b36b4f26ff312dd1e68df2362d7516d39ea434bf88914d7709ae6a6380c2', 'TUZ', 'MVUATOK', NULL, 'A', NULL, NULL, NULL, NULL, NULL, 1, NULL, NULL, NULL, NULL, NULL, NULL, NULL, NULL, NULL, NULL, NULL),
(10000107, 0, 'S', 'C', 'UNOYML.ACSK@CSIG.COM', 'UNOYML.ACSK', '1d3b993bacfc1e3bc1cbaec6bfda8dd93ba56e6278c52ed1b0c5f1fb5897dfe327a0b36b4f26ff312dd1e68df2362d7516d39ea434bf88914d7709ae6a6380c2', 'UNOYML', 'ACSK', NULL, 'A', NULL, NULL, NULL, NULL, NULL, 1, NULL, NULL, NULL, NULL, NULL, NULL, NULL, NULL, NULL, NULL, NULL),
(10000108, 0, 'S', 'C', 'MEVZAYGL.BASNP@HQZ.COM', 'MEVZAYGL.BASNP', '1d3b993bacfc1e3bc1cbaec6bfda8dd93ba56e6278c52ed1b0c5f1fb5897dfe327a0b36b4f26ff312dd1e68df2362d7516d39ea434bf88914d7709ae6a6380c2', 'MEVZAYGL', 'BASNP', NULL, 'A', NULL, NULL, NULL, NULL, NULL, 1, NULL, NULL, NULL, NULL, NULL, NULL, NULL, NULL, NULL, NULL, NULL),
(10000109, 0, 'S', 'C', 'ICO.WROQIXB@MIB.COM', 'ICO.WROQIXB', '1d3b993bacfc1e3bc1cbaec6bfda8dd93ba56e6278c52ed1b0c5f1fb5897dfe327a0b36b4f26ff312dd1e68df2362d7516d39ea434bf88914d7709ae6a6380c2', 'ICO', 'WROQIXB', NULL, 'A', NULL, NULL, NULL, NULL, NULL, 1, NULL, NULL, NULL, NULL, NULL, NULL, NULL, NULL, NULL, NULL, NULL),
(10000110, 0, 'S', 'C', 'HDKYIKPWX.LTAWUU@HWBZ.COM', 'HDKYIKPWX.LTAWUU', '1d3b993bacfc1e3bc1cbaec6bfda8dd93ba56e6278c52ed1b0c5f1fb5897dfe327a0b36b4f26ff312dd1e68df2362d7516d39ea434bf88914d7709ae6a6380c2', 'HDKYIKPWX', 'LTAWUU', NULL, 'A', NULL, NULL, NULL, NULL, NULL, 1, NULL, NULL, NULL, NULL, NULL, NULL, NULL, NULL, NULL, NULL, NULL),
(10000111, 0, 'S', 'C', 'WGH.FRXZ@ACA.COM', 'WGH.FRXZ', '1d3b993bacfc1e3bc1cbaec6bfda8dd93ba56e6278c52ed1b0c5f1fb5897dfe327a0b36b4f26ff312dd1e68df2362d7516d39ea434bf88914d7709ae6a6380c2', 'WGH', 'FRXZ', NULL, 'A', NULL, NULL, NULL, NULL, NULL, 1, NULL, NULL, NULL, NULL, NULL, NULL, NULL, NULL, NULL, NULL, NULL),
(10000112, 0, 'S', 'C', 'IBJKISRFE.BOAIMUJMK@GCX.COM', 'IBJKISRFE.BOAIMUJMK', '1d3b993bacfc1e3bc1cbaec6bfda8dd93ba56e6278c52ed1b0c5f1fb5897dfe327a0b36b4f26ff312dd1e68df2362d7516d39ea434bf88914d7709ae6a6380c2', 'IBJKISRFE', 'BOAIMUJMK', NULL, 'A', NULL, NULL, NULL, NULL, NULL, 1, NULL, NULL, NULL, NULL, NULL, NULL, NULL, NULL, NULL, NULL, NULL),
(10000113, 0, 'S', 'C', 'KMVCFDXAZS.ESEDAQOLO@QMNC.COM', 'KMVCFDXAZS.ESEDAQOLO', '1d3b993bacfc1e3bc1cbaec6bfda8dd93ba56e6278c52ed1b0c5f1fb5897dfe327a0b36b4f26ff312dd1e68df2362d7516d39ea434bf88914d7709ae6a6380c2', 'KMVCFDXAZS', 'ESEDAQOLO', NULL, 'A', NULL, NULL, NULL, NULL, NULL, 1, NULL, NULL, NULL, NULL, NULL, NULL, NULL, NULL, NULL, NULL, NULL),
(10000114, 0, 'S', 'C', 'CDRTTRD.OTWPA@TGNB.COM', 'CDRTTRD.OTWPA', '1d3b993bacfc1e3bc1cbaec6bfda8dd93ba56e6278c52ed1b0c5f1fb5897dfe327a0b36b4f26ff312dd1e68df2362d7516d39ea434bf88914d7709ae6a6380c2', 'CDRTTRD', 'OTWPA', NULL, 'A', NULL, NULL, NULL, NULL, NULL, 1, NULL, NULL, NULL, NULL, NULL, NULL, NULL, NULL, NULL, NULL, NULL),
(10000115, 0, 'S', 'C', 'MIOGZ.HVXUPE@ING.COM', 'MIOGZ.HVXUPE', '1d3b993bacfc1e3bc1cbaec6bfda8dd93ba56e6278c52ed1b0c5f1fb5897dfe327a0b36b4f26ff312dd1e68df2362d7516d39ea434bf88914d7709ae6a6380c2', 'MIOGZ', 'HVXUPE', NULL, 'A', NULL, NULL, NULL, NULL, NULL, 1, NULL, NULL, NULL, NULL, NULL, NULL, NULL, NULL, NULL, NULL, NULL),
(10000116, 0, 'S', 'C', 'RJJTMI.GEFJ@XAT.COM', 'RJJTMI.GEFJ', '1d3b993bacfc1e3bc1cbaec6bfda8dd93ba56e6278c52ed1b0c5f1fb5897dfe327a0b36b4f26ff312dd1e68df2362d7516d39ea434bf88914d7709ae6a6380c2', 'RJJTMI', 'GEFJ', NULL, 'A', NULL, NULL, NULL, NULL, NULL, 1, NULL, NULL, NULL, NULL, NULL, NULL, NULL, NULL, NULL, NULL, NULL),
(10000117, 0, 'S', 'C', 'SJOI.OEVGCOW@ZUYN.COM', 'SJOI.OEVGCOW', '1d3b993bacfc1e3bc1cbaec6bfda8dd93ba56e6278c52ed1b0c5f1fb5897dfe327a0b36b4f26ff312dd1e68df2362d7516d39ea434bf88914d7709ae6a6380c2', 'SJOI', 'OEVGCOW', NULL, 'A', NULL, NULL, NULL, NULL, NULL, 1, NULL, NULL, NULL, NULL, NULL, NULL, NULL, NULL, NULL, NULL, NULL),
(10000118, 0, 'S', 'C', 'DIMNPBAYT.UOT@QMNCE.COM', 'DIMNPBAYT.UOT', '1d3b993bacfc1e3bc1cbaec6bfda8dd93ba56e6278c52ed1b0c5f1fb5897dfe327a0b36b4f26ff312dd1e68df2362d7516d39ea434bf88914d7709ae6a6380c2', 'DIMNPBAYT', 'UOT', NULL, 'A', NULL, NULL, NULL, NULL, NULL, 1, NULL, NULL, NULL, NULL, NULL, NULL, NULL, NULL, NULL, NULL, NULL),
(10000119, 0, 'S', 'C', 'ONKMUYXP.PGJFPP@IEV.COM', 'ONKMUYXP.PGJFPP', '1d3b993bacfc1e3bc1cbaec6bfda8dd93ba56e6278c52ed1b0c5f1fb5897dfe327a0b36b4f26ff312dd1e68df2362d7516d39ea434bf88914d7709ae6a6380c2', 'ONKMUYXP', 'PGJFPP', NULL, 'A', NULL, NULL, NULL, NULL, NULL, 1, NULL, NULL, NULL, NULL, NULL, NULL, NULL, NULL, NULL, NULL, NULL),
(10000120, 0, 'S', 'C', 'WOPR.FZXCODE@XRF.COM', 'WOPR.FZXCODE', '1d3b993bacfc1e3bc1cbaec6bfda8dd93ba56e6278c52ed1b0c5f1fb5897dfe327a0b36b4f26ff312dd1e68df2362d7516d39ea434bf88914d7709ae6a6380c2', 'WOPR', 'FZXCODE', NULL, 'A', NULL, NULL, NULL, NULL, NULL, 1, NULL, NULL, NULL, NULL, NULL, NULL, NULL, NULL, NULL, NULL, NULL),
(10000121, 0, 'S', 'C', 'MOSLJUJTGK.VWTIKJ@DEGBW.COM', 'MOSLJUJTGK.VWTIKJ', '1d3b993bacfc1e3bc1cbaec6bfda8dd93ba56e6278c52ed1b0c5f1fb5897dfe327a0b36b4f26ff312dd1e68df2362d7516d39ea434bf88914d7709ae6a6380c2', 'MOSLJUJTGK', 'VWTIKJ', NULL, 'A', NULL, NULL, NULL, NULL, NULL, 1, NULL, NULL, NULL, NULL, NULL, NULL, NULL, NULL, NULL, NULL, NULL),
(10000122, 0, 'S', 'C', 'EDOCKZ.HLIG@OVPZI.COM', 'EDOCKZ.HLIG', '1d3b993bacfc1e3bc1cbaec6bfda8dd93ba56e6278c52ed1b0c5f1fb5897dfe327a0b36b4f26ff312dd1e68df2362d7516d39ea434bf88914d7709ae6a6380c2', 'EDOCKZ', 'HLIG', NULL, 'A', NULL, NULL, NULL, NULL, NULL, 1, NULL, NULL, NULL, NULL, NULL, NULL, NULL, NULL, NULL, NULL, NULL),
(10000123, 0, 'S', 'C', 'NTLNYKKKQX.EHCUIAQX@YRENR.COM', 'NTLNYKKKQX.EHCUIAQX', '1d3b993bacfc1e3bc1cbaec6bfda8dd93ba56e6278c52ed1b0c5f1fb5897dfe327a0b36b4f26ff312dd1e68df2362d7516d39ea434bf88914d7709ae6a6380c2', 'NTLNYKKKQX', 'EHCUIAQX', NULL, 'A', NULL, NULL, NULL, NULL, NULL, 1, NULL, NULL, NULL, NULL, NULL, NULL, NULL, NULL, NULL, NULL, NULL),
(10000124, 0, 'S', 'C', 'FES.AAXCKDQF@URPLK.COM', 'FES.AAXCKDQF', '1d3b993bacfc1e3bc1cbaec6bfda8dd93ba56e6278c52ed1b0c5f1fb5897dfe327a0b36b4f26ff312dd1e68df2362d7516d39ea434bf88914d7709ae6a6380c2', 'FES', 'AAXCKDQF', NULL, 'A', NULL, NULL, NULL, NULL, NULL, 1, NULL, NULL, NULL, NULL, NULL, NULL, NULL, NULL, NULL, NULL, NULL),
(10000125, 0, 'S', 'C', 'JMEP.YFA@CGKQ.COM', 'JMEP.YFA', '1d3b993bacfc1e3bc1cbaec6bfda8dd93ba56e6278c52ed1b0c5f1fb5897dfe327a0b36b4f26ff312dd1e68df2362d7516d39ea434bf88914d7709ae6a6380c2', 'JMEP', 'YFA', NULL, 'A', NULL, NULL, NULL, NULL, NULL, 1, NULL, NULL, NULL, NULL, NULL, NULL, NULL, NULL, NULL, NULL, NULL),
(10000126, 0, 'S', 'C', 'YIUYWJGGHP.DRCEALX@TCYZG.COM', 'YIUYWJGGHP.DRCEALX', '1d3b993bacfc1e3bc1cbaec6bfda8dd93ba56e6278c52ed1b0c5f1fb5897dfe327a0b36b4f26ff312dd1e68df2362d7516d39ea434bf88914d7709ae6a6380c2', 'YIUYWJGGHP', 'DRCEALX', NULL, 'A', NULL, NULL, NULL, NULL, NULL, 1, NULL, NULL, NULL, NULL, NULL, NULL, NULL, NULL, NULL, NULL, NULL),
(10000127, 0, 'S', 'C', 'NOKCW.PGVE@ABUF.COM', 'NOKCW.PGVE', '1d3b993bacfc1e3bc1cbaec6bfda8dd93ba56e6278c52ed1b0c5f1fb5897dfe327a0b36b4f26ff312dd1e68df2362d7516d39ea434bf88914d7709ae6a6380c2', 'NOKCW', 'PGVE', NULL, 'A', NULL, NULL, NULL, NULL, NULL, 1, NULL, NULL, NULL, NULL, NULL, NULL, NULL, NULL, NULL, NULL, NULL),
(10000128, 0, 'S', 'C', 'GORQKGXP.OUFUZU@NZX.COM', 'GORQKGXP.OUFUZU', '1d3b993bacfc1e3bc1cbaec6bfda8dd93ba56e6278c52ed1b0c5f1fb5897dfe327a0b36b4f26ff312dd1e68df2362d7516d39ea434bf88914d7709ae6a6380c2', 'GORQKGXP', 'OUFUZU', NULL, 'A', NULL, NULL, NULL, NULL, NULL, 1, NULL, NULL, NULL, NULL, NULL, NULL, NULL, NULL, NULL, NULL, NULL),
(10000129, 0, 'S', 'C', 'UPNWWDC.GBGQMHTZ@TDMAL.COM', 'UPNWWDC.GBGQMHTZ', '1d3b993bacfc1e3bc1cbaec6bfda8dd93ba56e6278c52ed1b0c5f1fb5897dfe327a0b36b4f26ff312dd1e68df2362d7516d39ea434bf88914d7709ae6a6380c2', 'UPNWWDC', 'GBGQMHTZ', NULL, 'A', NULL, NULL, NULL, NULL, NULL, 1, NULL, NULL, NULL, NULL, NULL, NULL, NULL, NULL, NULL, NULL, NULL),
(10000130, 0, 'S', 'C', 'RQCOVX.USY@QXSG.COM', 'RQCOVX.USY', '1d3b993bacfc1e3bc1cbaec6bfda8dd93ba56e6278c52ed1b0c5f1fb5897dfe327a0b36b4f26ff312dd1e68df2362d7516d39ea434bf88914d7709ae6a6380c2', 'RQCOVX', 'USY', NULL, 'A', NULL, NULL, NULL, NULL, NULL, 1, NULL, NULL, NULL, NULL, NULL, NULL, NULL, NULL, NULL, NULL, NULL);
INSERT INTO `tbl_user` (`id`, `usertype`, `transType`, `schoolType`, `email`, `username`, `password`, `FirstName`, `LastName`, `idName`, `hs_profile_status`, `last_login_time`, `create_time`, `create_user_id`, `update_time`, `update_user_id`, `active`, `activationkey`, `password_reset_key`, `password_reset_sent`, `email_paypal`, `checkpay`, `mail_street1`, `mail_street2`, `mail_city`, `mail_state`, `mail_zip`, `mail_country`) VALUES
(10000131, 0, 'S', 'C', 'VTAY.TEHH@GBU.COM', 'VTAY.TEHH', '1d3b993bacfc1e3bc1cbaec6bfda8dd93ba56e6278c52ed1b0c5f1fb5897dfe327a0b36b4f26ff312dd1e68df2362d7516d39ea434bf88914d7709ae6a6380c2', 'VTAY', 'TEHH', NULL, 'A', NULL, NULL, NULL, NULL, NULL, 1, NULL, NULL, NULL, NULL, NULL, NULL, NULL, NULL, NULL, NULL, NULL),
(10000132, 0, 'S', 'C', 'NUTQLOZ.DOQFYVEAJF@PDYPT.COM', 'NUTQLOZ.DOQFYVEAJF', '1d3b993bacfc1e3bc1cbaec6bfda8dd93ba56e6278c52ed1b0c5f1fb5897dfe327a0b36b4f26ff312dd1e68df2362d7516d39ea434bf88914d7709ae6a6380c2', 'NUTQLOZ', 'DOQFYVEAJF', NULL, 'A', NULL, NULL, NULL, NULL, NULL, 1, NULL, NULL, NULL, NULL, NULL, NULL, NULL, NULL, NULL, NULL, NULL),
(10000133, 0, 'S', 'C', 'CZZOWHXCDP.XLB@FNT.COM', 'CZZOWHXCDP.XLB', '1d3b993bacfc1e3bc1cbaec6bfda8dd93ba56e6278c52ed1b0c5f1fb5897dfe327a0b36b4f26ff312dd1e68df2362d7516d39ea434bf88914d7709ae6a6380c2', 'CZZOWHXCDP', 'XLB', NULL, 'A', NULL, NULL, NULL, NULL, NULL, 1, NULL, NULL, NULL, NULL, NULL, NULL, NULL, NULL, NULL, NULL, NULL),
(10000134, 0, 'S', 'C', 'XDWAFVCJQL.KUT@CET.COM', 'XDWAFVCJQL.KUT', '1d3b993bacfc1e3bc1cbaec6bfda8dd93ba56e6278c52ed1b0c5f1fb5897dfe327a0b36b4f26ff312dd1e68df2362d7516d39ea434bf88914d7709ae6a6380c2', 'XDWAFVCJQL', 'KUT', NULL, 'A', NULL, NULL, NULL, NULL, NULL, 1, NULL, NULL, NULL, NULL, NULL, NULL, NULL, NULL, NULL, NULL, NULL),
(10000135, 0, 'S', 'C', 'SNNG.JVIMMPJI@UXPLY.COM', 'SNNG.JVIMMPJI', '1d3b993bacfc1e3bc1cbaec6bfda8dd93ba56e6278c52ed1b0c5f1fb5897dfe327a0b36b4f26ff312dd1e68df2362d7516d39ea434bf88914d7709ae6a6380c2', 'SNNG', 'JVIMMPJI', NULL, 'A', NULL, NULL, NULL, NULL, NULL, 1, NULL, NULL, NULL, NULL, NULL, NULL, NULL, NULL, NULL, NULL, NULL),
(10000136, 0, 'S', 'C', 'YIQ.SYTDBDMMI@NIXE.COM', 'YIQ.SYTDBDMMI', '1d3b993bacfc1e3bc1cbaec6bfda8dd93ba56e6278c52ed1b0c5f1fb5897dfe327a0b36b4f26ff312dd1e68df2362d7516d39ea434bf88914d7709ae6a6380c2', 'YIQ', 'SYTDBDMMI', NULL, 'A', NULL, NULL, NULL, NULL, NULL, 1, NULL, NULL, NULL, NULL, NULL, NULL, NULL, NULL, NULL, NULL, NULL),
(10000137, 0, 'S', 'C', 'HCK.PAWRJETM@PXKW.COM', 'HCK.PAWRJETM', '1d3b993bacfc1e3bc1cbaec6bfda8dd93ba56e6278c52ed1b0c5f1fb5897dfe327a0b36b4f26ff312dd1e68df2362d7516d39ea434bf88914d7709ae6a6380c2', 'HCK', 'PAWRJETM', NULL, 'A', NULL, NULL, NULL, NULL, NULL, 1, NULL, NULL, NULL, NULL, NULL, NULL, NULL, NULL, NULL, NULL, NULL),
(10000138, 0, 'S', 'C', 'MPKHUFOCK.QSSGREFG@VWNWF.COM', 'MPKHUFOCK.QSSGREFG', '1d3b993bacfc1e3bc1cbaec6bfda8dd93ba56e6278c52ed1b0c5f1fb5897dfe327a0b36b4f26ff312dd1e68df2362d7516d39ea434bf88914d7709ae6a6380c2', 'MPKHUFOCK', 'QSSGREFG', NULL, 'A', NULL, NULL, NULL, NULL, NULL, 1, NULL, NULL, NULL, NULL, NULL, NULL, NULL, NULL, NULL, NULL, NULL),
(10000139, 0, 'S', 'C', 'YUWPXZ.RKIJE@ZVYSL.COM', 'YUWPXZ.RKIJE', '1d3b993bacfc1e3bc1cbaec6bfda8dd93ba56e6278c52ed1b0c5f1fb5897dfe327a0b36b4f26ff312dd1e68df2362d7516d39ea434bf88914d7709ae6a6380c2', 'YUWPXZ', 'RKIJE', NULL, 'A', NULL, NULL, NULL, NULL, NULL, 1, NULL, NULL, NULL, NULL, NULL, NULL, NULL, NULL, NULL, NULL, NULL),
(10000140, 0, 'S', 'C', 'BFSCMUBZYH.WILTEFJDK@ALRCK.COM', 'BFSCMUBZYH.WILTEFJDK', '1d3b993bacfc1e3bc1cbaec6bfda8dd93ba56e6278c52ed1b0c5f1fb5897dfe327a0b36b4f26ff312dd1e68df2362d7516d39ea434bf88914d7709ae6a6380c2', 'BFSCMUBZYH', 'WILTEFJDK', NULL, 'A', NULL, NULL, NULL, NULL, NULL, 1, NULL, NULL, NULL, NULL, NULL, NULL, NULL, NULL, NULL, NULL, NULL),
(10000141, 0, 'S', 'C', 'RPRVTMCX.TZXZKS@HYQZI.COM', 'RPRVTMCX.TZXZKS', '1d3b993bacfc1e3bc1cbaec6bfda8dd93ba56e6278c52ed1b0c5f1fb5897dfe327a0b36b4f26ff312dd1e68df2362d7516d39ea434bf88914d7709ae6a6380c2', 'RPRVTMCX', 'TZXZKS', NULL, 'A', NULL, NULL, NULL, NULL, NULL, 1, NULL, NULL, NULL, NULL, NULL, NULL, NULL, NULL, NULL, NULL, NULL);

-- --------------------------------------------------------

--
-- Table structure for table `tbl_user_2`
--

CREATE TABLE IF NOT EXISTS `tbl_user_2` (
  `id` int(10) unsigned NOT NULL AUTO_INCREMENT,
  `usertype` tinyint(3) unsigned NOT NULL,
  `transType` enum('B','S') NOT NULL DEFAULT 'B',
  `schoolType` enum('C','L','B','M','G') NOT NULL DEFAULT 'C',
  `email` varchar(256) NOT NULL,
  `username` varchar(256) NOT NULL,
  `password` varchar(256) NOT NULL,
  `FirstName` varchar(50) DEFAULT NULL,
  `LastName` varchar(50) DEFAULT NULL,
  `idName` varchar(50) DEFAULT NULL,
  `hs_profile_status` enum('A','B','C') DEFAULT 'A' COMMENT 'A = none, B=exists but not for sale, C = exists and for sale',
  `last_login_time` datetime DEFAULT NULL,
  `create_time` datetime DEFAULT NULL,
  `create_user_id` int(10) unsigned DEFAULT NULL,
  `update_time` datetime DEFAULT NULL,
  `update_user_id` int(10) unsigned DEFAULT NULL,
  PRIMARY KEY (`id`)
) ENGINE=InnoDB  DEFAULT CHARSET=latin1 AUTO_INCREMENT=35 ;

--
-- Dumping data for table `tbl_user_2`
--

INSERT INTO `tbl_user_2` (`id`, `usertype`, `transType`, `schoolType`, `email`, `username`, `password`, `FirstName`, `LastName`, `idName`, `hs_profile_status`, `last_login_time`, `create_time`, `create_user_id`, `update_time`, `update_user_id`) VALUES
(29, 0, 'S', 'C', 'jsmith@gmail.com', 'jsmith', 'f75e19aa8da1f3bef9aaa878e8375dce840b3df185dbb3caed29c89dfef04afacc1c696bfb77d3d2b7153b0d4185a5e933b831263297099c21044bd824004963', 'John', 'Smith', NULL, 'A', NULL, '2011-10-24 16:40:19', NULL, '2011-10-24 16:40:19', NULL),
(33, 0, 'S', 'C', 'test@gmail.com', 'test', '8a3815c4b5efae15ebdaf24c593526d495eb263c7871b8234572f5b02bfa296d6d8f6ab88e2de6160b26c118db1732fc9d3d7ba213caf13ac84ff0e52f3042d7', 'test', 'testy', NULL, 'A', NULL, '2011-11-03 00:14:11', NULL, '2011-11-03 00:14:11', NULL),
(34, 0, 'S', 'C', 'test2@gmail.com', 'test2', '03a68bc8bf0b54c9c46d042991556b4b7bbe3a4ac1c2164f28cbc0edb5a6e9c6828fe4e96e92399c1a50c39f1ad17bf2f5e6172bc232c44a996413af58bf6d96', 'test2', 'test2', NULL, 'A', NULL, '2011-11-03 00:18:40', NULL, '2011-11-03 00:18:40', NULL);

-- --------------------------------------------------------

--
-- Table structure for table `tbl_user_credit`
--

CREATE TABLE IF NOT EXISTS `tbl_user_credit` (
  `user_id` int(10) unsigned NOT NULL,
  `buy_credits` double NOT NULL,
  `sell_credits` double NOT NULL,
  `avg_price` double DEFAULT NULL,
  PRIMARY KEY (`user_id`)
) ENGINE=InnoDB DEFAULT CHARSET=latin1;

--
-- Dumping data for table `tbl_user_credit`
--

INSERT INTO `tbl_user_credit` (`user_id`, `buy_credits`, `sell_credits`, `avg_price`) VALUES
(66, 0, 0, NULL),
(67, 0, 0, NULL),
(68, 0, 0, NULL),
(69, 0, 0, NULL),
(70, 0, 0, NULL),
(71, 0, 0, NULL),
(72, 0, 0, NULL),
(73, 0, 0, NULL),
(74, 0, 0, NULL),
(75, 14, 0, 2),
(76, 0, 0, NULL),
(77, 0, 0, NULL),
(78, 45, 0, 2),
(79, 50, 0, 2),
(80, 55, 0, 2),
(81, 0, 0, NULL),
(82, 0, 0, NULL),
(83, 90, 0, 2),
(84, 0, 0, NULL),
(85, 0, 0, NULL),
(100, 45, 0, 2),
(102, 58, 0, 2),
(103, 1210, 0, 2);

-- --------------------------------------------------------

--
-- Table structure for table `tbl_user_loghistory`
--

CREATE TABLE IF NOT EXISTS `tbl_user_loghistory` (
  `id` int(11) NOT NULL AUTO_INCREMENT,
  `user_id` int(11) DEFAULT NULL,
  `log_ipaddress` varchar(150) DEFAULT NULL,
  `login_datetime` timestamp NOT NULL DEFAULT CURRENT_TIMESTAMP,
  `logout_datetime` timestamp NULL DEFAULT NULL,
  `desc` longtext,
  `status` tinyint(3) DEFAULT '1' COMMENT '0=>logout,1=>login,2=>expired logout,3=>help to fix logout',
  PRIMARY KEY (`id`)
) ENGINE=MyISAM  DEFAULT CHARSET=latin1 AUTO_INCREMENT=68 ;

--
-- Dumping data for table `tbl_user_loghistory`
--

INSERT INTO `tbl_user_loghistory` (`id`, `user_id`, `log_ipaddress`, `login_datetime`, `logout_datetime`, `desc`, `status`) VALUES
(1, 102, '127.0.0.1', '2012-03-20 00:02:01', '2012-03-20 05:10:51', NULL, 0),
(17, 100, '127.0.0.1', '2012-03-20 23:05:10', '2012-03-21 04:11:04', NULL, 0),
(16, 102, '127.0.0.1', '2012-03-20 22:55:44', '2012-03-21 04:05:04', NULL, 0),
(15, 100, '127.0.0.1', '2012-03-20 22:54:10', '2012-03-21 03:55:39', NULL, 0),
(14, 102, '127.0.0.1', '2012-03-20 22:52:48', '2012-03-21 03:54:05', NULL, 0),
(13, 100, '127.0.0.1', '2012-03-20 22:31:27', '2012-03-21 03:52:42', NULL, 0),
(7, 102, '127.0.0.1', '2012-03-20 11:46:26', '2012-03-20 17:06:17', NULL, 0),
(8, 102, '127.0.0.1', '2012-03-20 12:06:21', '2012-03-20 19:15:53', NULL, 2),
(9, 102, '127.0.0.1', '2012-03-20 14:15:53', '2012-03-20 19:18:42', NULL, 0),
(10, 102, '127.0.0.1', '2012-03-20 15:57:46', '2012-03-21 01:38:52', NULL, 0),
(11, 102, '127.0.0.1', '2012-03-20 20:54:00', '2012-03-21 02:35:55', NULL, 0),
(12, 102, '127.0.0.1', '2012-03-20 21:36:17', '2012-03-21 03:28:10', NULL, 0),
(18, 102, '127.0.0.1', '2012-03-20 23:11:10', '2012-03-21 04:35:51', NULL, 0),
(19, 100, '127.0.0.1', '2012-03-20 23:36:02', '2012-03-21 04:36:45', NULL, 0),
(20, 100, '127.0.0.1', '2012-03-20 23:36:50', '2012-03-21 05:57:14', NULL, 2),
(21, 102, '127.0.0.1', '2012-03-21 00:06:11', '2012-03-21 05:57:09', NULL, 0),
(22, 102, '127.0.0.1', '2012-03-21 00:52:25', '2012-03-21 15:38:18', NULL, 0),
(23, 102, '127.0.0.1', '2012-03-21 00:52:43', '2012-03-22 03:11:15', NULL, 2),
(24, 100, '127.0.0.1', '2012-03-21 00:57:14', '2012-03-21 15:21:49', NULL, 0),
(25, 100, '127.0.0.1', '2012-03-21 10:38:24', '2012-03-21 15:55:54', NULL, 0),
(26, 102, '127.0.0.1', '2012-03-21 22:11:15', '2012-03-22 03:22:50', NULL, 0),
(27, 100, '127.0.0.1', '2012-03-21 22:22:55', '2012-03-23 00:17:29', NULL, 0),
(28, 102, '127.0.0.1', '2012-03-22 21:29:46', '2012-03-23 02:36:00', NULL, 0),
(29, 102, '127.0.0.1', '2012-03-22 21:36:58', '2012-03-23 02:37:14', NULL, 0),
(30, 100, '127.0.0.1', '2012-03-22 21:37:35', '2012-03-23 02:57:27', NULL, 0),
(31, 10000143, '127.0.0.1', '2012-03-22 21:57:39', '2012-03-23 02:57:50', NULL, 0),
(32, 100, '127.0.0.1', '2012-03-22 21:57:55', '2012-03-23 04:25:17', NULL, 0),
(33, 102, '127.0.0.1', '2012-03-22 23:30:05', '2012-03-24 20:27:50', NULL, 2),
(34, 100, '127.0.0.1', '2012-03-23 01:04:46', '2012-03-23 13:13:57', NULL, 2),
(35, 100, '127.0.0.1', '2012-03-23 08:13:57', '2012-03-24 04:26:40', NULL, 0),
(36, 102, '127.0.0.1', '2012-03-24 15:27:50', '2012-03-25 05:36:55', NULL, 0),
(37, 102, '127.0.0.1', '2012-03-24 23:37:02', '2012-03-25 05:40:51', NULL, 0),
(38, 100, '127.0.0.1', '2012-03-24 23:40:56', '2012-03-25 05:46:31', NULL, 0),
(39, 102, '127.0.0.1', '2012-03-24 23:46:36', '2012-03-25 22:32:17', NULL, 0),
(40, 100, '127.0.0.1', '2012-03-25 16:32:22', '2012-03-25 22:55:40', NULL, 0),
(41, 102, '127.0.0.1', '2012-03-25 16:56:04', '2012-03-25 23:41:28', NULL, 0),
(42, 102, '127.0.0.1', '2012-03-25 17:41:33', '2012-03-25 23:41:35', NULL, 0),
(43, 102, '127.0.0.1', '2012-03-25 17:41:44', '2012-03-25 23:44:09', NULL, 0),
(44, 102, '127.0.0.1', '2012-03-25 17:44:51', '2012-03-26 01:38:08', NULL, 0),
(45, 100, '127.0.0.1', '2012-03-25 19:38:13', '2012-03-26 02:29:46', NULL, 0),
(46, 102, '127.0.0.1', '2012-03-25 20:32:24', '2012-03-26 03:55:52', NULL, 0),
(47, 10000145, '127.0.0.1', '2012-03-25 21:59:48', '2012-03-26 03:59:52', NULL, 0),
(48, 102, '127.0.0.1', '2012-03-25 23:53:45', '2012-03-26 05:54:26', NULL, 0),
(49, 102, '127.0.0.1', '2012-03-25 23:54:31', '2012-03-26 06:07:33', NULL, 0),
(50, 100, '127.0.0.1', '2012-03-26 00:07:37', '2012-03-26 06:22:25', NULL, 0),
(51, 100, '127.0.0.1', '2012-03-26 17:23:09', '2012-03-26 23:31:48', NULL, 0),
(52, 10000146, '127.0.0.1', '2012-03-26 21:06:27', '2012-03-27 03:19:56', NULL, 0),
(53, 102, '127.0.0.1', '2012-03-26 21:20:02', '2012-03-27 03:27:32', NULL, 2),
(54, 102, '127.0.0.1', '2012-03-26 21:27:32', '2012-03-27 03:28:01', NULL, 0),
(55, 10000148, '127.0.0.1', '2012-03-26 22:01:54', NULL, NULL, 1),
(56, 102, '127.0.0.1', '2012-03-27 00:31:19', '2012-03-27 17:32:24', NULL, 2),
(57, 102, '127.0.0.1', '2012-03-27 11:32:24', '2012-03-27 18:47:32', NULL, 0),
(58, 100, '127.0.0.1', '2012-03-27 12:47:39', '2012-03-27 23:12:19', NULL, 0),
(59, 102, '127.0.0.1', '2012-03-27 17:12:25', '2012-03-28 02:41:39', NULL, 0),
(60, 100, '127.0.0.1', '2012-03-27 20:56:16', '2012-03-28 02:56:24', NULL, 0),
(61, 102, '127.0.0.1', '2012-03-27 22:37:26', '2012-03-28 07:10:31', NULL, 0),
(62, 100, '127.0.0.1', '2012-03-28 01:10:45', '2012-03-28 07:23:25', NULL, 0),
(63, 102, '127.0.0.1', '2012-03-28 09:31:26', '2012-03-28 17:58:06', NULL, 0),
(64, 102, '127.0.0.1', '2012-03-28 11:58:29', '2012-03-28 19:08:22', NULL, 2),
(65, 102, '127.0.0.1', '2012-03-28 13:08:22', '2012-03-29 17:38:27', NULL, 2),
(66, 102, '127.0.0.1', '2012-03-29 11:38:27', '2012-03-29 22:39:52', NULL, 0),
(67, 102, '127.0.0.1', '2012-03-29 17:08:33', NULL, NULL, 1);

-- --------------------------------------------------------

--
-- Table structure for table `tbl_user_preferences`
--

CREATE TABLE IF NOT EXISTS `tbl_user_preferences` (
  `id` int(10) unsigned NOT NULL AUTO_INCREMENT,
  `user_id` int(10) unsigned NOT NULL,
  `notify_general` tinyint(1) NOT NULL DEFAULT '1',
  `notify_ad` tinyint(1) NOT NULL DEFAULT '1',
  `notify_profiles` tinyint(1) NOT NULL DEFAULT '1',
  `notify_other1` tinyint(1) NOT NULL DEFAULT '1',
  `update_user_id` int(11) NOT NULL,
  `update_time` timestamp NOT NULL DEFAULT CURRENT_TIMESTAMP ON UPDATE CURRENT_TIMESTAMP,
  PRIMARY KEY (`id`),
  KEY `id` (`id`)
) ENGINE=InnoDB DEFAULT CHARSET=latin1 AUTO_INCREMENT=1 ;

--
-- Dumping data for table `tbl_user_preferences`
--


-- --------------------------------------------------------

--
-- Table structure for table `tbl_verify_profile`
--

CREATE TABLE IF NOT EXISTS `tbl_verify_profile` (
  `id` int(11) unsigned NOT NULL AUTO_INCREMENT,
  `user_id` int(11) unsigned NOT NULL,
  `ref1_name` varchar(40) DEFAULT NULL,
  `ref1_contact` varchar(50) DEFAULT NULL,
  `ref1_desc` varchar(60) DEFAULT NULL,
  `ref1_check` tinyint(1) unsigned DEFAULT NULL,
  `ref2_name` varchar(40) DEFAULT NULL,
  `ref2_contact` varchar(50) DEFAULT NULL,
  `ref2_desc` varchar(60) DEFAULT NULL,
  `ref2_check` tinyint(1) unsigned DEFAULT NULL,
  `ref3_name` varchar(40) DEFAULT NULL,
  `ref3_contact` varchar(50) DEFAULT NULL,
  `ref3_desc` varchar(60) DEFAULT NULL,
  `ref3_check` tinyint(1) unsigned DEFAULT NULL,
  `status` tinyint(1) unsigned NOT NULL DEFAULT '0',
  `name` varchar(50) DEFAULT NULL,
  `mime` varchar(50) DEFAULT NULL,
  `size` bigint(20) DEFAULT NULL,
  `data` mediumblob,
  `app_check` tinyint(1) unsigned DEFAULT NULL,
  `create_time` datetime DEFAULT NULL,
  `create_user_id` int(11) DEFAULT NULL,
  `update_time` datetime DEFAULT NULL,
  `update_user_id` int(11) DEFAULT NULL,
  PRIMARY KEY (`id`),
  KEY `id` (`id`)
) ENGINE=InnoDB  DEFAULT CHARSET=latin1 AUTO_INCREMENT=4 ;

--
-- Dumping data for table `tbl_verify_profile`
--

INSERT INTO `tbl_verify_profile` (`id`, `user_id`, `ref1_name`, `ref1_contact`, `ref1_desc`, `ref1_check`, `ref2_name`, `ref2_contact`, `ref2_desc`, `ref2_check`, `ref3_name`, `ref3_contact`, `ref3_desc`, `ref3_check`, `status`, `name`, `mime`, `size`, `data`, `app_check`, `create_time`, `create_user_id`, `update_time`, `update_user_id`) VALUES
(1, 102, '', '', '', NULL, '', '', '', NULL, '', '', '', NULL, 0, NULL, NULL, NULL, NULL, NULL, '2012-03-20 21:07:41', 102, '2012-03-20 22:58:16', 102),
(2, 10000148, '', '', '', NULL, '', '', '', NULL, '', '', '', NULL, 0, NULL, NULL, NULL, NULL, NULL, '2012-03-26 21:32:12', 10000148, '2012-03-26 22:36:33', 10000148),
(3, 10000150, '', '', '', NULL, '', '', '', NULL, '', '', '', NULL, 0, NULL, NULL, NULL, NULL, NULL, '2012-03-27 00:43:39', 10000150, '2012-03-27 00:43:39', 10000150);

-- --------------------------------------------------------

--
-- Table structure for table `tbl_volunteer_profile`
--

CREATE TABLE IF NOT EXISTS `tbl_volunteer_profile` (
  `id` int(10) unsigned NOT NULL AUTO_INCREMENT,
  `user_id` int(10) unsigned DEFAULT NULL,
  `name` text COLLATE utf8_bin NOT NULL,
  `volunteertype_id` tinyint(2) NOT NULL,
  `year_begin` tinyint(3) unsigned NOT NULL,
  `year_end` tinyint(3) unsigned NOT NULL,
  `leadership` tinyint(3) unsigned NOT NULL,
  `hours` tinyint(3) unsigned NOT NULL,
  `comments` text COLLATE utf8_bin NOT NULL,
  `create_time` datetime NOT NULL,
  `create_user_id` int(11) NOT NULL,
  `update_time` datetime NOT NULL,
  `update_user_id` int(11) NOT NULL,
  PRIMARY KEY (`id`)
) ENGINE=InnoDB  DEFAULT CHARSET=utf8 COLLATE=utf8_bin AUTO_INCREMENT=300 ;

--
-- Dumping data for table `tbl_volunteer_profile`
--

INSERT INTO `tbl_volunteer_profile` (`id`, `user_id`, `name`, `volunteertype_id`, `year_begin`, `year_end`, `leadership`, `hours`, `comments`, `create_time`, `create_user_id`, `update_time`, `update_user_id`) VALUES
(1, 68, '', 12, 10, 14, 1, 2, '', '2011-11-07 23:03:48', 68, '2011-11-07 23:03:48', 68),
(2, 74, '', 10, 11, 14, 1, 1, '', '2011-11-08 20:19:22', 74, '2011-11-08 20:19:22', 74),
(3, 10000021, 0x514a4f484d5856, 13, 0, 0, 3, 0, '', '0000-00-00 00:00:00', 0, '0000-00-00 00:00:00', 0),
(4, 10000021, 0x434e5145444453424f, 5, 13, 14, 6, 4, '', '0000-00-00 00:00:00', 0, '0000-00-00 00:00:00', 0),
(5, 10000021, 0x484e4748444e58454f, 18, 11, 14, 2, 5, '', '0000-00-00 00:00:00', 0, '0000-00-00 00:00:00', 0),
(6, 10000021, 0x51415a5147425550, 16, 14, 14, 1, 4, '', '0000-00-00 00:00:00', 0, '0000-00-00 00:00:00', 0),
(7, 10000022, 0x514d4c45425a484f45, 12, 9, 13, 0, 0, '', '0000-00-00 00:00:00', 0, '0000-00-00 00:00:00', 0),
(8, 10000022, 0x47514c4d5456564a50, 17, 9, 13, 4, 1, '', '0000-00-00 00:00:00', 0, '0000-00-00 00:00:00', 0),
(9, 10000022, 0x485a55584e444b4742, 9, 8, 13, 1, 4, '', '0000-00-00 00:00:00', 0, '0000-00-00 00:00:00', 0),
(10, 10000022, 0x5556554155504f54, 7, 11, 14, 0, 0, '', '0000-00-00 00:00:00', 0, '0000-00-00 00:00:00', 0),
(11, 10000022, 0x4c494e4542584b42, 19, 9, 14, 3, 1, '', '0000-00-00 00:00:00', 0, '0000-00-00 00:00:00', 0),
(12, 10000023, 0x484e5149, 14, 9, 13, 0, 4, '', '0000-00-00 00:00:00', 0, '0000-00-00 00:00:00', 0),
(13, 10000023, 0x4c414f4659424c5353, 2, 2, 14, 2, 0, '', '0000-00-00 00:00:00', 0, '0000-00-00 00:00:00', 0),
(14, 10000023, 0x5151464d4a565958, 12, 9, 9, 4, 2, '', '0000-00-00 00:00:00', 0, '0000-00-00 00:00:00', 0),
(15, 10000023, 0x51435a5a445059, 17, 0, 0, 0, 2, '', '0000-00-00 00:00:00', 0, '0000-00-00 00:00:00', 0),
(16, 10000025, 0x544a41, 4, 8, 14, 5, 4, '', '0000-00-00 00:00:00', 0, '0000-00-00 00:00:00', 0),
(17, 10000025, 0x494649475950, 5, 5, 9, 8, 3, '', '0000-00-00 00:00:00', 0, '0000-00-00 00:00:00', 0),
(18, 10000025, 0x56564155514a4d504553, 9, 12, 12, 7, 0, '', '0000-00-00 00:00:00', 0, '0000-00-00 00:00:00', 0),
(19, 10000025, 0x58454b5756, 11, 6, 10, 1, 5, '', '0000-00-00 00:00:00', 0, '0000-00-00 00:00:00', 0),
(20, 10000026, 0x5a545143564d, 7, 11, 13, 3, 2, '', '0000-00-00 00:00:00', 0, '0000-00-00 00:00:00', 0),
(21, 10000027, 0x484d434b48, 20, 5, 7, 8, 1, '', '0000-00-00 00:00:00', 0, '0000-00-00 00:00:00', 0),
(22, 10000027, 0x5444434b5944, 19, 7, 14, 5, 5, '', '0000-00-00 00:00:00', 0, '0000-00-00 00:00:00', 0),
(23, 10000027, 0x58514c4745, 2, 7, 9, 3, 2, '', '0000-00-00 00:00:00', 0, '0000-00-00 00:00:00', 0),
(24, 10000027, 0x4e515553574e484941, 12, 7, 8, 7, 5, '', '0000-00-00 00:00:00', 0, '0000-00-00 00:00:00', 0),
(25, 10000028, 0x41534d4f4f44, 10, 1, 11, 7, 3, '', '0000-00-00 00:00:00', 0, '0000-00-00 00:00:00', 0),
(26, 10000028, 0x444b41, 21, 5, 12, 0, 4, '', '0000-00-00 00:00:00', 0, '0000-00-00 00:00:00', 0),
(27, 10000028, 0x4442484346554c4b4d, 6, 7, 7, 1, 0, '', '0000-00-00 00:00:00', 0, '0000-00-00 00:00:00', 0),
(28, 10000028, 0x5351514248585445, 19, 13, 13, 5, 2, '', '0000-00-00 00:00:00', 0, '0000-00-00 00:00:00', 0),
(29, 10000031, 0x504d45444f4656, 15, 11, 13, 5, 1, '', '0000-00-00 00:00:00', 0, '0000-00-00 00:00:00', 0),
(30, 10000031, 0x48444d4d484d534544, 13, 7, 9, 4, 5, '', '0000-00-00 00:00:00', 0, '0000-00-00 00:00:00', 0),
(31, 10000031, 0x4756504b464f48525351, 19, 11, 13, 5, 3, '', '0000-00-00 00:00:00', 0, '0000-00-00 00:00:00', 0),
(32, 10000031, 0x524a4a4e41, 2, 13, 14, 5, 1, '', '0000-00-00 00:00:00', 0, '0000-00-00 00:00:00', 0),
(33, 10000031, 0x4e484445415a46544b4e, 5, 6, 11, 7, 1, '', '0000-00-00 00:00:00', 0, '0000-00-00 00:00:00', 0),
(34, 10000033, 0x58574950514c574a4b53, 12, 8, 8, 0, 2, '', '0000-00-00 00:00:00', 0, '0000-00-00 00:00:00', 0),
(35, 10000033, 0x584e544f56554c5945, 6, 7, 11, 5, 2, '', '0000-00-00 00:00:00', 0, '0000-00-00 00:00:00', 0),
(36, 10000033, 0x59514c504c, 5, 8, 13, 7, 2, '', '0000-00-00 00:00:00', 0, '0000-00-00 00:00:00', 0),
(37, 10000034, 0x4f4c50525155454145, 9, 5, 8, 2, 0, '', '0000-00-00 00:00:00', 0, '0000-00-00 00:00:00', 0),
(38, 10000034, 0x4e53484445, 10, 0, 0, 6, 0, '', '0000-00-00 00:00:00', 0, '0000-00-00 00:00:00', 0),
(39, 10000034, 0x544753, 15, 6, 11, 0, 0, '', '0000-00-00 00:00:00', 0, '0000-00-00 00:00:00', 0),
(40, 10000035, 0x514a504e585843504842, 11, 0, 0, 0, 3, '', '0000-00-00 00:00:00', 0, '0000-00-00 00:00:00', 0),
(41, 10000035, 0x564b4e5959434a4d, 1, 14, 14, 0, 5, '', '0000-00-00 00:00:00', 0, '0000-00-00 00:00:00', 0),
(42, 10000035, 0x574741555946, 18, 7, 14, 1, 2, '', '0000-00-00 00:00:00', 0, '0000-00-00 00:00:00', 0),
(43, 10000035, 0x4d434b4a5458475a, 5, 13, 13, 7, 2, '', '0000-00-00 00:00:00', 0, '0000-00-00 00:00:00', 0),
(44, 10000036, 0x505251514e4c4b51, 1, 10, 13, 4, 3, '', '0000-00-00 00:00:00', 0, '0000-00-00 00:00:00', 0),
(45, 10000037, 0x56544c52, 2, 10, 10, 0, 5, '', '0000-00-00 00:00:00', 0, '0000-00-00 00:00:00', 0),
(46, 10000038, 0x57574249, 12, 13, 14, 0, 0, '', '0000-00-00 00:00:00', 0, '0000-00-00 00:00:00', 0),
(47, 10000039, 0x57574c545648, 7, 10, 13, 0, 0, '', '0000-00-00 00:00:00', 0, '0000-00-00 00:00:00', 0),
(48, 10000039, 0x4f5552494d42484c, 21, 9, 14, 7, 0, '', '0000-00-00 00:00:00', 0, '0000-00-00 00:00:00', 0),
(49, 10000040, 0x584358544c594f51474b, 15, 11, 11, 1, 2, '', '0000-00-00 00:00:00', 0, '0000-00-00 00:00:00', 0),
(50, 10000040, 0x4d4f505a57484b4f465a, 12, 7, 9, 0, 1, '', '0000-00-00 00:00:00', 0, '0000-00-00 00:00:00', 0),
(51, 10000041, 0x45464a48, 3, 8, 13, 5, 2, '', '0000-00-00 00:00:00', 0, '0000-00-00 00:00:00', 0),
(52, 10000041, 0x56554f45435342504d, 17, 3, 7, 0, 5, '', '0000-00-00 00:00:00', 0, '0000-00-00 00:00:00', 0),
(53, 10000041, 0x535a504f595a4d5848, 15, 4, 4, 0, 3, '', '0000-00-00 00:00:00', 0, '0000-00-00 00:00:00', 0),
(54, 10000041, 0x485952, 13, 6, 6, 4, 0, '', '0000-00-00 00:00:00', 0, '0000-00-00 00:00:00', 0),
(55, 10000042, 0x514558, 2, 14, 14, 5, 0, '', '0000-00-00 00:00:00', 0, '0000-00-00 00:00:00', 0),
(56, 10000042, 0x494e4b54, 20, 9, 10, 0, 1, '', '0000-00-00 00:00:00', 0, '0000-00-00 00:00:00', 0),
(57, 10000042, 0x5a525a5556, 4, 9, 12, 0, 2, '', '0000-00-00 00:00:00', 0, '0000-00-00 00:00:00', 0),
(58, 10000042, 0x4b4341484353524a4a, 11, 10, 13, 8, 5, '', '0000-00-00 00:00:00', 0, '0000-00-00 00:00:00', 0),
(59, 10000042, 0x4c4c5653504442585a49, 19, 10, 14, 2, 1, '', '0000-00-00 00:00:00', 0, '0000-00-00 00:00:00', 0),
(60, 10000043, 0x594d414c, 16, 6, 10, 4, 1, '', '0000-00-00 00:00:00', 0, '0000-00-00 00:00:00', 0),
(61, 10000043, 0x42485a4b4b4b59, 21, 6, 10, 5, 2, '', '0000-00-00 00:00:00', 0, '0000-00-00 00:00:00', 0),
(62, 10000043, 0x5a4f58544f50585152, 13, 5, 12, 5, 3, '', '0000-00-00 00:00:00', 0, '0000-00-00 00:00:00', 0),
(63, 10000043, 0x4c414a484759544d, 15, 4, 7, 4, 4, '', '0000-00-00 00:00:00', 0, '0000-00-00 00:00:00', 0),
(64, 10000043, 0x4e5a4f, 14, 9, 10, 0, 2, '', '0000-00-00 00:00:00', 0, '0000-00-00 00:00:00', 0),
(65, 10000044, 0x55524a4f4241, 3, 2, 8, 8, 1, '', '0000-00-00 00:00:00', 0, '0000-00-00 00:00:00', 0),
(66, 10000044, 0x514f504a43505a4954, 1, 13, 13, 7, 0, '', '0000-00-00 00:00:00', 0, '0000-00-00 00:00:00', 0),
(67, 10000044, 0x574d51554f4557, 4, 2, 7, 6, 2, '', '0000-00-00 00:00:00', 0, '0000-00-00 00:00:00', 0),
(68, 10000044, 0x4d4152, 8, 4, 8, 3, 4, '', '0000-00-00 00:00:00', 0, '0000-00-00 00:00:00', 0),
(69, 10000045, 0x4f48554a584552544c4c, 17, 7, 12, 1, 0, '', '0000-00-00 00:00:00', 0, '0000-00-00 00:00:00', 0),
(70, 10000046, 0x4f4654564b454f43, 21, 0, 0, 7, 0, '', '0000-00-00 00:00:00', 0, '0000-00-00 00:00:00', 0),
(71, 10000046, 0x514d4750544b574e4157, 12, 12, 13, 8, 1, '', '0000-00-00 00:00:00', 0, '0000-00-00 00:00:00', 0),
(72, 10000046, 0x5053424d4349514b4c46, 3, 1, 3, 0, 5, '', '0000-00-00 00:00:00', 0, '0000-00-00 00:00:00', 0),
(73, 10000046, 0x4442474d5947474b, 13, 8, 10, 5, 2, '', '0000-00-00 00:00:00', 0, '0000-00-00 00:00:00', 0),
(74, 10000046, 0x41534d4f4f44, 9, 8, 8, 4, 4, '', '0000-00-00 00:00:00', 0, '0000-00-00 00:00:00', 0),
(75, 10000047, 0x494641515a49, 15, 0, 0, 0, 4, '', '0000-00-00 00:00:00', 0, '0000-00-00 00:00:00', 0),
(76, 10000047, 0x5a4e5654, 16, 13, 13, 0, 3, '', '0000-00-00 00:00:00', 0, '0000-00-00 00:00:00', 0),
(77, 10000047, 0x52424447535859, 5, 7, 9, 3, 4, '', '0000-00-00 00:00:00', 0, '0000-00-00 00:00:00', 0),
(78, 10000047, 0x59594e5642, 9, 1, 4, 0, 2, '', '0000-00-00 00:00:00', 0, '0000-00-00 00:00:00', 0),
(79, 10000047, 0x4a594b52544b, 3, 10, 11, 6, 4, '', '0000-00-00 00:00:00', 0, '0000-00-00 00:00:00', 0),
(80, 10000048, 0x4c4c465056414350, 7, 4, 14, 5, 0, '', '0000-00-00 00:00:00', 0, '0000-00-00 00:00:00', 0),
(81, 10000048, 0x574149, 1, 12, 12, 0, 3, '', '0000-00-00 00:00:00', 0, '0000-00-00 00:00:00', 0),
(82, 10000048, 0x5542475a594d4f414d50, 17, 7, 14, 0, 0, '', '0000-00-00 00:00:00', 0, '0000-00-00 00:00:00', 0),
(83, 10000048, 0x5143524b47, 12, 11, 12, 3, 3, '', '0000-00-00 00:00:00', 0, '0000-00-00 00:00:00', 0),
(84, 10000048, 0x4c5943434a5a4f464648, 15, 6, 6, 0, 0, '', '0000-00-00 00:00:00', 0, '0000-00-00 00:00:00', 0),
(85, 10000049, 0x5a4b4e5946574946, 19, 2, 10, 1, 1, '', '0000-00-00 00:00:00', 0, '0000-00-00 00:00:00', 0),
(86, 10000049, 0x48474a4b50554d57, 7, 5, 12, 2, 1, '', '0000-00-00 00:00:00', 0, '0000-00-00 00:00:00', 0),
(87, 10000049, 0x5a544150, 2, 1, 10, 5, 3, '', '0000-00-00 00:00:00', 0, '0000-00-00 00:00:00', 0),
(88, 10000049, 0x4d4c545551545648, 5, 3, 8, 3, 4, '', '0000-00-00 00:00:00', 0, '0000-00-00 00:00:00', 0),
(89, 10000050, 0x5a4c52414252, 18, 7, 10, 1, 5, '', '0000-00-00 00:00:00', 0, '0000-00-00 00:00:00', 0),
(90, 10000050, 0x564d5a4255, 11, 2, 5, 0, 4, '', '0000-00-00 00:00:00', 0, '0000-00-00 00:00:00', 0),
(91, 10000050, 0x4e4b4a, 5, 12, 12, 5, 0, '', '0000-00-00 00:00:00', 0, '0000-00-00 00:00:00', 0),
(92, 10000051, 0x475657, 18, 1, 2, 7, 1, '', '0000-00-00 00:00:00', 0, '0000-00-00 00:00:00', 0),
(93, 10000051, 0x4d5342564c4b, 7, 12, 14, 1, 4, '', '0000-00-00 00:00:00', 0, '0000-00-00 00:00:00', 0),
(94, 10000051, 0x50425954, 12, 1, 6, 7, 5, '', '0000-00-00 00:00:00', 0, '0000-00-00 00:00:00', 0),
(95, 10000051, 0x434f584348575856, 21, 8, 11, 1, 3, '', '0000-00-00 00:00:00', 0, '0000-00-00 00:00:00', 0),
(96, 10000052, 0x5757484f454d444a, 16, 5, 6, 1, 4, '', '0000-00-00 00:00:00', 0, '0000-00-00 00:00:00', 0),
(97, 10000053, 0x4e43594342584e4853, 9, 2, 5, 8, 1, '', '0000-00-00 00:00:00', 0, '0000-00-00 00:00:00', 0),
(98, 10000053, 0x4a5646, 15, 2, 5, 3, 1, '', '0000-00-00 00:00:00', 0, '0000-00-00 00:00:00', 0),
(99, 10000053, 0x5a52474f504d424952, 20, 5, 11, 8, 3, '', '0000-00-00 00:00:00', 0, '0000-00-00 00:00:00', 0),
(100, 10000053, 0x4a55445a41, 16, 3, 10, 2, 5, '', '0000-00-00 00:00:00', 0, '0000-00-00 00:00:00', 0),
(101, 10000053, 0x51424a524d, 1, 10, 11, 4, 3, '', '0000-00-00 00:00:00', 0, '0000-00-00 00:00:00', 0),
(102, 10000054, 0x46454b53, 4, 8, 13, 7, 1, '', '0000-00-00 00:00:00', 0, '0000-00-00 00:00:00', 0),
(103, 10000054, 0x485745464e, 13, 9, 14, 6, 5, '', '0000-00-00 00:00:00', 0, '0000-00-00 00:00:00', 0),
(104, 10000055, 0x4a5457504358474743, 5, 1, 6, 7, 5, '', '0000-00-00 00:00:00', 0, '0000-00-00 00:00:00', 0),
(105, 10000055, 0x49554e4b54565a58, 17, 7, 12, 0, 2, '', '0000-00-00 00:00:00', 0, '0000-00-00 00:00:00', 0),
(106, 10000055, 0x585649, 14, 11, 12, 6, 4, '', '0000-00-00 00:00:00', 0, '0000-00-00 00:00:00', 0),
(107, 10000057, 0x4d45464d, 4, 9, 12, 0, 3, '', '0000-00-00 00:00:00', 0, '0000-00-00 00:00:00', 0),
(108, 10000057, 0x454254444954484a4c, 16, 14, 14, 7, 3, '', '0000-00-00 00:00:00', 0, '0000-00-00 00:00:00', 0),
(109, 10000058, 0x4c58544642555544, 12, 5, 8, 4, 5, '', '0000-00-00 00:00:00', 0, '0000-00-00 00:00:00', 0),
(110, 10000058, 0x52554e42, 20, 3, 10, 4, 4, '', '0000-00-00 00:00:00', 0, '0000-00-00 00:00:00', 0),
(111, 10000059, 0x534e4c425454564a4b44, 12, 9, 9, 0, 5, '', '0000-00-00 00:00:00', 0, '0000-00-00 00:00:00', 0),
(112, 10000059, 0x5749495a, 21, 2, 6, 0, 5, '', '0000-00-00 00:00:00', 0, '0000-00-00 00:00:00', 0),
(113, 10000059, 0x48434f524b435441, 8, 7, 10, 2, 3, '', '0000-00-00 00:00:00', 0, '0000-00-00 00:00:00', 0),
(114, 10000059, 0x464257, 2, 4, 7, 0, 4, '', '0000-00-00 00:00:00', 0, '0000-00-00 00:00:00', 0),
(115, 10000061, 0x584b5546584a49524c, 3, 14, 14, 0, 5, '', '0000-00-00 00:00:00', 0, '0000-00-00 00:00:00', 0),
(116, 10000061, 0x57434655415658, 12, 10, 14, 3, 5, '', '0000-00-00 00:00:00', 0, '0000-00-00 00:00:00', 0),
(117, 10000061, 0x5849474e5042, 5, 4, 14, 2, 3, '', '0000-00-00 00:00:00', 0, '0000-00-00 00:00:00', 0),
(118, 10000063, 0x485444504b514c, 5, 8, 14, 0, 4, '', '0000-00-00 00:00:00', 0, '0000-00-00 00:00:00', 0),
(119, 10000064, 0x414d58454c444d, 9, 3, 4, 0, 3, '', '0000-00-00 00:00:00', 0, '0000-00-00 00:00:00', 0),
(120, 10000064, 0x56524b474d4c4e5a45, 1, 6, 12, 5, 4, '', '0000-00-00 00:00:00', 0, '0000-00-00 00:00:00', 0),
(121, 10000064, 0x514b424e, 11, 8, 10, 2, 4, '', '0000-00-00 00:00:00', 0, '0000-00-00 00:00:00', 0),
(122, 10000065, 0x4d594643444749434d, 11, 9, 11, 5, 1, '', '0000-00-00 00:00:00', 0, '0000-00-00 00:00:00', 0),
(123, 10000065, 0x5a424e4d535248, 8, 3, 4, 2, 5, '', '0000-00-00 00:00:00', 0, '0000-00-00 00:00:00', 0),
(124, 10000065, 0x4c46465659494d4b, 14, 2, 4, 8, 0, '', '0000-00-00 00:00:00', 0, '0000-00-00 00:00:00', 0),
(125, 10000065, 0x5a4e49, 12, 1, 11, 6, 0, '', '0000-00-00 00:00:00', 0, '0000-00-00 00:00:00', 0),
(126, 10000066, 0x41524b, 6, 9, 12, 0, 4, '', '0000-00-00 00:00:00', 0, '0000-00-00 00:00:00', 0),
(127, 10000066, 0x4d56444a504c4b, 18, 2, 4, 3, 1, '', '0000-00-00 00:00:00', 0, '0000-00-00 00:00:00', 0),
(128, 10000066, 0x445a474e49494448, 2, 1, 6, 8, 1, '', '0000-00-00 00:00:00', 0, '0000-00-00 00:00:00', 0),
(129, 10000067, 0x505052515a43, 9, 10, 12, 3, 5, '', '0000-00-00 00:00:00', 0, '0000-00-00 00:00:00', 0),
(130, 10000067, 0x4c574a53, 19, 10, 11, 0, 1, '', '0000-00-00 00:00:00', 0, '0000-00-00 00:00:00', 0),
(131, 10000067, 0x47504a4c555842, 17, 1, 3, 0, 0, '', '0000-00-00 00:00:00', 0, '0000-00-00 00:00:00', 0),
(132, 10000070, 0x4751515044584b4d59, 21, 8, 11, 2, 2, '', '0000-00-00 00:00:00', 0, '0000-00-00 00:00:00', 0),
(133, 10000072, 0x5751544151, 7, 7, 12, 6, 1, '', '0000-00-00 00:00:00', 0, '0000-00-00 00:00:00', 0),
(134, 10000072, 0x484d44, 13, 2, 11, 8, 0, '', '0000-00-00 00:00:00', 0, '0000-00-00 00:00:00', 0),
(135, 10000073, 0x584347505756594a464f, 3, 10, 13, 1, 5, '', '0000-00-00 00:00:00', 0, '0000-00-00 00:00:00', 0),
(136, 10000073, 0x534d4f41524a4349, 9, 2, 14, 0, 0, '', '0000-00-00 00:00:00', 0, '0000-00-00 00:00:00', 0),
(137, 10000073, 0x43434e5a, 15, 10, 11, 1, 4, '', '0000-00-00 00:00:00', 0, '0000-00-00 00:00:00', 0),
(138, 10000074, 0x4146574e, 19, 6, 11, 2, 0, '', '0000-00-00 00:00:00', 0, '0000-00-00 00:00:00', 0),
(139, 10000074, 0x465a555a41, 7, 14, 14, 4, 0, '', '0000-00-00 00:00:00', 0, '0000-00-00 00:00:00', 0),
(140, 10000075, 0x4352444748575555, 1, 3, 10, 0, 4, '', '0000-00-00 00:00:00', 0, '0000-00-00 00:00:00', 0),
(141, 10000076, 0x41484f4f5747554f5054, 4, 13, 14, 6, 0, '', '0000-00-00 00:00:00', 0, '0000-00-00 00:00:00', 0),
(142, 10000076, 0x5353464154415147414b, 19, 6, 12, 1, 4, '', '0000-00-00 00:00:00', 0, '0000-00-00 00:00:00', 0),
(143, 10000076, 0x48425042514a524d5652, 1, 10, 13, 2, 2, '', '0000-00-00 00:00:00', 0, '0000-00-00 00:00:00', 0),
(144, 10000076, 0x57484952435a, 16, 1, 11, 0, 2, '', '0000-00-00 00:00:00', 0, '0000-00-00 00:00:00', 0),
(145, 10000076, 0x514545555459434d5156, 8, 5, 9, 8, 0, '', '0000-00-00 00:00:00', 0, '0000-00-00 00:00:00', 0),
(146, 10000078, 0x4f57494e4955594e5257, 3, 8, 12, 8, 1, '', '0000-00-00 00:00:00', 0, '0000-00-00 00:00:00', 0),
(147, 10000078, 0x4d4743, 7, 3, 5, 3, 4, '', '0000-00-00 00:00:00', 0, '0000-00-00 00:00:00', 0),
(148, 10000078, 0x4c4746514e49454f46, 17, 6, 6, 8, 1, '', '0000-00-00 00:00:00', 0, '0000-00-00 00:00:00', 0),
(159, 10000085, 0x464944584f5751584641, 10, 9, 13, 1, 4, '', '0000-00-00 00:00:00', 0, '0000-00-00 00:00:00', 0),
(160, 10000085, 0x534f47494856544743, 6, 13, 13, 1, 4, '', '0000-00-00 00:00:00', 0, '0000-00-00 00:00:00', 0),
(161, 10000086, 0x4a5853535a544742, 21, 12, 12, 1, 4, '', '0000-00-00 00:00:00', 0, '0000-00-00 00:00:00', 0),
(162, 10000087, 0x48454d58, 13, 3, 6, 0, 1, '', '0000-00-00 00:00:00', 0, '0000-00-00 00:00:00', 0),
(163, 10000087, 0x514a4f4c4f5758, 4, 1, 8, 2, 2, '', '0000-00-00 00:00:00', 0, '0000-00-00 00:00:00', 0),
(164, 10000087, 0x504e5748, 2, 6, 9, 7, 1, '', '0000-00-00 00:00:00', 0, '0000-00-00 00:00:00', 0),
(165, 10000089, 0x4653554d54, 9, 6, 11, 2, 4, '', '0000-00-00 00:00:00', 0, '0000-00-00 00:00:00', 0),
(166, 10000089, 0x45454a, 8, 4, 8, 6, 0, '', '0000-00-00 00:00:00', 0, '0000-00-00 00:00:00', 0),
(167, 10000089, 0x4146514d435445485758, 2, 10, 11, 4, 4, '', '0000-00-00 00:00:00', 0, '0000-00-00 00:00:00', 0),
(168, 10000089, 0x49544f49514e434b5843, 21, 1, 5, 3, 2, '', '0000-00-00 00:00:00', 0, '0000-00-00 00:00:00', 0),
(169, 10000090, 0x41524959, 5, 2, 8, 0, 5, '', '0000-00-00 00:00:00', 0, '0000-00-00 00:00:00', 0),
(170, 10000090, 0x5949485650474a414a51, 10, 7, 8, 2, 5, '', '0000-00-00 00:00:00', 0, '0000-00-00 00:00:00', 0),
(171, 10000091, 0x45564f5054564c435447, 18, 10, 14, 6, 0, '', '0000-00-00 00:00:00', 0, '0000-00-00 00:00:00', 0),
(172, 10000091, 0x47504659, 2, 9, 11, 4, 5, '', '0000-00-00 00:00:00', 0, '0000-00-00 00:00:00', 0),
(173, 10000091, 0x465159494656565041, 20, 14, 14, 0, 2, '', '0000-00-00 00:00:00', 0, '0000-00-00 00:00:00', 0),
(174, 10000092, 0x5755444d, 7, 10, 13, 0, 5, '', '0000-00-00 00:00:00', 0, '0000-00-00 00:00:00', 0),
(175, 10000093, 0x5051534d4e4f534841, 1, 10, 14, 4, 3, '', '0000-00-00 00:00:00', 0, '0000-00-00 00:00:00', 0),
(176, 10000093, 0x4853574a, 11, 3, 3, 7, 5, '', '0000-00-00 00:00:00', 0, '0000-00-00 00:00:00', 0),
(177, 10000094, 0x475146, 5, 13, 13, 5, 5, '', '0000-00-00 00:00:00', 0, '0000-00-00 00:00:00', 0),
(178, 10000094, 0x4e4452585a5355424643, 7, 2, 11, 0, 1, '', '0000-00-00 00:00:00', 0, '0000-00-00 00:00:00', 0),
(179, 10000094, 0x465150464b5745, 10, 10, 13, 3, 2, '', '0000-00-00 00:00:00', 0, '0000-00-00 00:00:00', 0),
(180, 10000095, 0x4e525654444d, 11, 2, 3, 4, 1, '', '0000-00-00 00:00:00', 0, '0000-00-00 00:00:00', 0),
(181, 10000095, 0x5a4e5246554f534158, 13, 2, 2, 4, 4, '', '0000-00-00 00:00:00', 0, '0000-00-00 00:00:00', 0),
(182, 10000095, 0x5a555452, 14, 4, 4, 2, 1, '', '0000-00-00 00:00:00', 0, '0000-00-00 00:00:00', 0),
(183, 10000096, 0x5a534d525652435455, 10, 0, 0, 3, 5, '', '0000-00-00 00:00:00', 0, '0000-00-00 00:00:00', 0),
(184, 10000096, 0x4b4458504659444c4e4a, 21, 13, 14, 3, 5, '', '0000-00-00 00:00:00', 0, '0000-00-00 00:00:00', 0),
(185, 10000098, 0x4b4f435756, 1, 2, 10, 8, 0, '', '0000-00-00 00:00:00', 0, '0000-00-00 00:00:00', 0),
(186, 10000098, 0x57444f474b4f45, 2, 4, 13, 7, 3, '', '0000-00-00 00:00:00', 0, '0000-00-00 00:00:00', 0),
(187, 10000101, 0x57535758494a, 8, 9, 10, 5, 0, '', '0000-00-00 00:00:00', 0, '0000-00-00 00:00:00', 0),
(188, 10000101, 0x504a4953, 5, 5, 8, 2, 2, '', '0000-00-00 00:00:00', 0, '0000-00-00 00:00:00', 0),
(189, 10000101, 0x504b49484744464c5a, 11, 0, 0, 3, 3, '', '0000-00-00 00:00:00', 0, '0000-00-00 00:00:00', 0),
(190, 10000101, 0x4850434a49, 15, 0, 0, 8, 4, '', '0000-00-00 00:00:00', 0, '0000-00-00 00:00:00', 0),
(191, 10000103, 0x5742464952, 20, 3, 8, 0, 3, '', '0000-00-00 00:00:00', 0, '0000-00-00 00:00:00', 0),
(192, 10000103, 0x4c47424a, 5, 10, 13, 7, 1, '', '0000-00-00 00:00:00', 0, '0000-00-00 00:00:00', 0),
(193, 10000103, 0x4659524e4a, 10, 14, 14, 2, 4, '', '0000-00-00 00:00:00', 0, '0000-00-00 00:00:00', 0),
(194, 10000104, 0x524442, 16, 0, 0, 1, 5, '', '0000-00-00 00:00:00', 0, '0000-00-00 00:00:00', 0),
(195, 10000105, 0x5a47574e5453, 10, 12, 14, 2, 1, '', '0000-00-00 00:00:00', 0, '0000-00-00 00:00:00', 0),
(196, 10000105, 0x4c4353434456, 1, 8, 14, 0, 0, '', '0000-00-00 00:00:00', 0, '0000-00-00 00:00:00', 0),
(197, 10000106, 0x574e5150414d4252454a, 20, 1, 2, 0, 0, '', '0000-00-00 00:00:00', 0, '0000-00-00 00:00:00', 0),
(198, 10000106, 0x59554f584b, 14, 1, 14, 0, 5, '', '0000-00-00 00:00:00', 0, '0000-00-00 00:00:00', 0),
(199, 10000106, 0x55595444, 19, 6, 14, 0, 2, '', '0000-00-00 00:00:00', 0, '0000-00-00 00:00:00', 0),
(200, 10000107, 0x4e4e54, 6, 2, 14, 0, 4, '', '0000-00-00 00:00:00', 0, '0000-00-00 00:00:00', 0),
(201, 10000107, 0x514751454d414f4642, 17, 0, 0, 5, 3, '', '0000-00-00 00:00:00', 0, '0000-00-00 00:00:00', 0),
(202, 10000107, 0x55414a5a4d4347, 3, 8, 8, 0, 4, '', '0000-00-00 00:00:00', 0, '0000-00-00 00:00:00', 0),
(203, 10000107, 0x4d595550, 13, 12, 13, 0, 2, '', '0000-00-00 00:00:00', 0, '0000-00-00 00:00:00', 0),
(204, 10000107, 0x59495347484d4e49, 9, 14, 14, 0, 2, '', '0000-00-00 00:00:00', 0, '0000-00-00 00:00:00', 0),
(205, 10000108, 0x5747474f, 12, 2, 13, 6, 0, '', '0000-00-00 00:00:00', 0, '0000-00-00 00:00:00', 0),
(206, 10000109, 0x4e484445415a46544b4e, 18, 13, 13, 0, 5, '', '0000-00-00 00:00:00', 0, '0000-00-00 00:00:00', 0),
(207, 10000109, 0x554f4d48, 1, 1, 10, 3, 0, '', '0000-00-00 00:00:00', 0, '0000-00-00 00:00:00', 0),
(208, 10000109, 0x4c434f5946, 9, 10, 14, 3, 2, '', '0000-00-00 00:00:00', 0, '0000-00-00 00:00:00', 0),
(209, 10000110, 0x594a515248, 9, 5, 10, 0, 5, '', '0000-00-00 00:00:00', 0, '0000-00-00 00:00:00', 0),
(210, 10000111, 0x49484650, 18, 13, 14, 0, 3, '', '0000-00-00 00:00:00', 0, '0000-00-00 00:00:00', 0),
(211, 10000111, 0x524349524f535954, 21, 12, 14, 0, 5, '', '0000-00-00 00:00:00', 0, '0000-00-00 00:00:00', 0),
(212, 10000111, 0x57584f564d4152, 6, 13, 14, 2, 0, '', '0000-00-00 00:00:00', 0, '0000-00-00 00:00:00', 0),
(213, 10000111, 0x424d555345, 15, 8, 8, 8, 0, '', '0000-00-00 00:00:00', 0, '0000-00-00 00:00:00', 0),
(214, 10000112, 0x4a56535552505944, 16, 3, 4, 6, 2, '', '0000-00-00 00:00:00', 0, '0000-00-00 00:00:00', 0),
(215, 10000112, 0x42495a455948, 20, 2, 6, 1, 5, '', '0000-00-00 00:00:00', 0, '0000-00-00 00:00:00', 0),
(216, 10000112, 0x4c4b57, 12, 0, 0, 1, 0, '', '0000-00-00 00:00:00', 0, '0000-00-00 00:00:00', 0),
(217, 10000113, 0x495445535a494a48, 17, 5, 11, 0, 5, '', '0000-00-00 00:00:00', 0, '0000-00-00 00:00:00', 0),
(218, 10000113, 0x4b4e4848554759, 1, 7, 8, 8, 3, '', '0000-00-00 00:00:00', 0, '0000-00-00 00:00:00', 0),
(219, 10000113, 0x454c43554d, 13, 0, 0, 8, 3, '', '0000-00-00 00:00:00', 0, '0000-00-00 00:00:00', 0),
(220, 10000113, 0x50454b524142514b43, 8, 9, 12, 4, 3, '', '0000-00-00 00:00:00', 0, '0000-00-00 00:00:00', 0),
(221, 10000114, 0x494c55, 14, 5, 8, 7, 1, '', '0000-00-00 00:00:00', 0, '0000-00-00 00:00:00', 0),
(222, 10000114, 0x52454751454d, 16, 12, 14, 1, 0, '', '0000-00-00 00:00:00', 0, '0000-00-00 00:00:00', 0),
(223, 10000115, 0x45464c, 17, 11, 12, 6, 0, '', '0000-00-00 00:00:00', 0, '0000-00-00 00:00:00', 0),
(224, 10000115, 0x51434757544143464149, 12, 1, 8, 8, 3, '', '0000-00-00 00:00:00', 0, '0000-00-00 00:00:00', 0),
(225, 10000116, 0x564f4447, 13, 7, 8, 6, 3, '', '0000-00-00 00:00:00', 0, '0000-00-00 00:00:00', 0),
(226, 10000116, 0x49474544415253585544, 3, 3, 11, 2, 2, '', '0000-00-00 00:00:00', 0, '0000-00-00 00:00:00', 0),
(227, 10000116, 0x4249524a46, 1, 13, 14, 1, 0, '', '0000-00-00 00:00:00', 0, '0000-00-00 00:00:00', 0),
(228, 10000116, 0x515a474c51594e574d51, 2, 3, 13, 1, 0, '', '0000-00-00 00:00:00', 0, '0000-00-00 00:00:00', 0),
(229, 10000116, 0x425245535053, 14, 11, 14, 2, 2, '', '0000-00-00 00:00:00', 0, '0000-00-00 00:00:00', 0),
(230, 10000117, 0x42424e534949505a5a4f, 18, 11, 11, 1, 5, '', '0000-00-00 00:00:00', 0, '0000-00-00 00:00:00', 0),
(231, 10000117, 0x554f585555594c5541, 10, 2, 13, 8, 1, '', '0000-00-00 00:00:00', 0, '0000-00-00 00:00:00', 0),
(232, 10000117, 0x5a5443524f, 4, 1, 4, 0, 1, '', '0000-00-00 00:00:00', 0, '0000-00-00 00:00:00', 0),
(233, 10000117, 0x4152594b4e46, 15, 2, 14, 6, 1, '', '0000-00-00 00:00:00', 0, '0000-00-00 00:00:00', 0),
(234, 10000118, 0x41464648564b, 21, 7, 7, 5, 0, '', '0000-00-00 00:00:00', 0, '0000-00-00 00:00:00', 0),
(235, 10000118, 0x44584445, 15, 11, 14, 8, 2, '', '0000-00-00 00:00:00', 0, '0000-00-00 00:00:00', 0),
(236, 10000118, 0x42544450, 5, 8, 8, 3, 3, '', '0000-00-00 00:00:00', 0, '0000-00-00 00:00:00', 0),
(237, 10000118, 0x534157, 1, 13, 13, 0, 2, '', '0000-00-00 00:00:00', 0, '0000-00-00 00:00:00', 0),
(238, 10000118, 0x48445a4f51524949, 16, 7, 10, 3, 1, '', '0000-00-00 00:00:00', 0, '0000-00-00 00:00:00', 0),
(239, 10000121, 0x44424547, 5, 11, 13, 5, 3, '', '0000-00-00 00:00:00', 0, '0000-00-00 00:00:00', 0),
(240, 10000121, 0x4a48584d4a5a59, 20, 2, 9, 0, 0, '', '0000-00-00 00:00:00', 0, '0000-00-00 00:00:00', 0),
(241, 10000122, 0x41444d, 19, 14, 14, 3, 2, '', '0000-00-00 00:00:00', 0, '0000-00-00 00:00:00', 0),
(242, 10000122, 0x5051454a50544a, 18, 9, 10, 0, 4, '', '0000-00-00 00:00:00', 0, '0000-00-00 00:00:00', 0),
(243, 10000123, 0x4156574a545759544341, 16, 9, 13, 5, 5, '', '0000-00-00 00:00:00', 0, '0000-00-00 00:00:00', 0),
(244, 10000123, 0x5a474e574c, 14, 4, 12, 2, 0, '', '0000-00-00 00:00:00', 0, '0000-00-00 00:00:00', 0),
(245, 10000123, 0x50514559574e43, 11, 10, 14, 0, 3, '', '0000-00-00 00:00:00', 0, '0000-00-00 00:00:00', 0),
(246, 10000124, 0x595659544b, 18, 4, 8, 8, 0, '', '0000-00-00 00:00:00', 0, '0000-00-00 00:00:00', 0),
(247, 10000124, 0x415a49, 11, 6, 11, 6, 0, '', '0000-00-00 00:00:00', 0, '0000-00-00 00:00:00', 0),
(248, 10000124, 0x49445447595041435941, 10, 11, 12, 8, 1, '', '0000-00-00 00:00:00', 0, '0000-00-00 00:00:00', 0),
(249, 10000124, 0x4a4b44, 17, 5, 9, 0, 3, '', '0000-00-00 00:00:00', 0, '0000-00-00 00:00:00', 0),
(250, 10000125, 0x53484d44, 18, 14, 14, 0, 5, '', '0000-00-00 00:00:00', 0, '0000-00-00 00:00:00', 0),
(251, 10000125, 0x51494a, 14, 0, 0, 0, 3, '', '0000-00-00 00:00:00', 0, '0000-00-00 00:00:00', 0),
(252, 10000125, 0x5344484b4f, 1, 2, 13, 1, 0, '', '0000-00-00 00:00:00', 0, '0000-00-00 00:00:00', 0),
(253, 10000125, 0x59454f5554544e, 7, 12, 14, 0, 5, '', '0000-00-00 00:00:00', 0, '0000-00-00 00:00:00', 0),
(254, 10000126, 0x4756454c, 21, 14, 14, 5, 4, '', '0000-00-00 00:00:00', 0, '0000-00-00 00:00:00', 0),
(255, 10000126, 0x4e57514e55, 9, 3, 6, 6, 0, '', '0000-00-00 00:00:00', 0, '0000-00-00 00:00:00', 0),
(256, 10000126, 0x4a574849, 17, 1, 8, 8, 1, '', '0000-00-00 00:00:00', 0, '0000-00-00 00:00:00', 0),
(257, 10000126, 0x4e554b4a4f544646, 11, 5, 6, 6, 2, '', '0000-00-00 00:00:00', 0, '0000-00-00 00:00:00', 0),
(258, 10000127, 0x4e47414153595248, 8, 5, 13, 4, 5, '', '0000-00-00 00:00:00', 0, '0000-00-00 00:00:00', 0),
(259, 10000127, 0x465443565a, 12, 14, 14, 5, 5, '', '0000-00-00 00:00:00', 0, '0000-00-00 00:00:00', 0),
(260, 10000127, 0x48525143414a4c48, 9, 1, 12, 8, 3, '', '0000-00-00 00:00:00', 0, '0000-00-00 00:00:00', 0),
(261, 10000127, 0x4546434a5050, 14, 3, 6, 6, 5, '', '0000-00-00 00:00:00', 0, '0000-00-00 00:00:00', 0),
(262, 10000127, 0x4b56564b54, 21, 8, 13, 8, 2, '', '0000-00-00 00:00:00', 0, '0000-00-00 00:00:00', 0),
(263, 10000128, 0x53524259494143, 11, 11, 12, 7, 0, '', '0000-00-00 00:00:00', 0, '0000-00-00 00:00:00', 0),
(264, 10000128, 0x474145, 3, 0, 0, 2, 2, '', '0000-00-00 00:00:00', 0, '0000-00-00 00:00:00', 0),
(265, 10000128, 0x4c50544a594f42, 19, 14, 14, 0, 4, '', '0000-00-00 00:00:00', 0, '0000-00-00 00:00:00', 0),
(266, 10000128, 0x4746464d53, 21, 6, 8, 3, 0, '', '0000-00-00 00:00:00', 0, '0000-00-00 00:00:00', 0),
(267, 10000128, 0x494847, 16, 3, 5, 6, 1, '', '0000-00-00 00:00:00', 0, '0000-00-00 00:00:00', 0),
(268, 10000129, 0x4b544748, 16, 12, 12, 6, 4, '', '0000-00-00 00:00:00', 0, '0000-00-00 00:00:00', 0),
(269, 10000129, 0x535842434b474f42, 2, 8, 14, 8, 0, '', '0000-00-00 00:00:00', 0, '0000-00-00 00:00:00', 0),
(270, 10000129, 0x44415a4f4f574b564b57, 9, 5, 7, 4, 3, '', '0000-00-00 00:00:00', 0, '0000-00-00 00:00:00', 0),
(271, 10000130, 0x5158444e4b, 14, 14, 14, 2, 3, '', '0000-00-00 00:00:00', 0, '0000-00-00 00:00:00', 0),
(272, 10000130, 0x4a574e5044, 17, 7, 8, 6, 3, '', '0000-00-00 00:00:00', 0, '0000-00-00 00:00:00', 0),
(273, 10000131, 0x4a52524a4d50484b, 4, 8, 11, 4, 4, '', '0000-00-00 00:00:00', 0, '0000-00-00 00:00:00', 0),
(274, 10000133, 0x4848585448, 11, 10, 14, 0, 4, '', '0000-00-00 00:00:00', 0, '0000-00-00 00:00:00', 0),
(275, 10000133, 0x4a4c4145454641, 14, 8, 12, 6, 0, '', '0000-00-00 00:00:00', 0, '0000-00-00 00:00:00', 0),
(276, 10000133, 0x4c4658574a5a, 8, 5, 6, 8, 1, '', '0000-00-00 00:00:00', 0, '0000-00-00 00:00:00', 0),
(277, 10000133, 0x4152514a56, 20, 5, 12, 0, 4, '', '0000-00-00 00:00:00', 0, '0000-00-00 00:00:00', 0),
(278, 10000133, 0x454944575456444a, 18, 13, 13, 2, 4, '', '0000-00-00 00:00:00', 0, '0000-00-00 00:00:00', 0),
(279, 10000134, 0x5755575244434b5858, 15, 2, 10, 6, 2, '', '0000-00-00 00:00:00', 0, '0000-00-00 00:00:00', 0),
(280, 10000135, 0x53484949595643, 1, 4, 8, 6, 1, '', '0000-00-00 00:00:00', 0, '0000-00-00 00:00:00', 0),
(281, 10000135, 0x45585654495255435a48, 18, 3, 11, 4, 0, '', '0000-00-00 00:00:00', 0, '0000-00-00 00:00:00', 0),
(282, 10000137, 0x51534145, 9, 9, 12, 0, 2, '', '0000-00-00 00:00:00', 0, '0000-00-00 00:00:00', 0),
(283, 10000137, 0x5944494f, 13, 7, 14, 7, 4, '', '0000-00-00 00:00:00', 0, '0000-00-00 00:00:00', 0),
(284, 10000137, 0x4843464b48, 10, 3, 13, 7, 1, '', '0000-00-00 00:00:00', 0, '0000-00-00 00:00:00', 0),
(285, 10000138, 0x4e555945, 14, 1, 6, 1, 1, '', '0000-00-00 00:00:00', 0, '0000-00-00 00:00:00', 0),
(286, 10000139, 0x41485950, 7, 11, 13, 8, 1, '', '0000-00-00 00:00:00', 0, '0000-00-00 00:00:00', 0),
(287, 10000139, 0x474d444e475851475749, 19, 8, 8, 3, 4, '', '0000-00-00 00:00:00', 0, '0000-00-00 00:00:00', 0),
(288, 10000139, 0x465756, 14, 9, 9, 1, 1, '', '0000-00-00 00:00:00', 0, '0000-00-00 00:00:00', 0),
(289, 10000139, 0x56585a5151574d59544c, 4, 3, 12, 5, 3, '', '0000-00-00 00:00:00', 0, '0000-00-00 00:00:00', 0),
(290, 10000139, 0x4c4a564d5a, 1, 6, 9, 3, 5, '', '0000-00-00 00:00:00', 0, '0000-00-00 00:00:00', 0),
(291, 10000140, 0x494d5a4d5a4848, 4, 0, 0, 0, 4, '', '0000-00-00 00:00:00', 0, '0000-00-00 00:00:00', 0),
(292, 10000140, 0x51555841, 9, 14, 14, 5, 0, '', '0000-00-00 00:00:00', 0, '0000-00-00 00:00:00', 0),
(293, 10000140, 0x4c4759414358, 11, 5, 7, 2, 1, '', '0000-00-00 00:00:00', 0, '0000-00-00 00:00:00', 0),
(294, 10000140, 0x505844504b4c54, 21, 1, 6, 2, 5, '', '0000-00-00 00:00:00', 0, '0000-00-00 00:00:00', 0),
(295, 10000140, 0x494750465a484c464844, 8, 10, 11, 8, 2, '', '0000-00-00 00:00:00', 0, '0000-00-00 00:00:00', 0),
(296, 10000141, 0x56524a425a4f515246, 6, 14, 14, 0, 2, '', '0000-00-00 00:00:00', 0, '0000-00-00 00:00:00', 0),
(297, 10000141, 0x5658544d, 2, 7, 13, 2, 3, '', '0000-00-00 00:00:00', 0, '0000-00-00 00:00:00', 0),
(299, 102, 0x7265642063726f7373, 12, 10, 13, 1, 2, '', '2012-03-25 21:40:04', 102, '2012-03-25 21:40:04', 102);

-- --------------------------------------------------------

--
-- Table structure for table `tbl_work_profile`
--

CREATE TABLE IF NOT EXISTS `tbl_work_profile` (
  `id` int(11) NOT NULL AUTO_INCREMENT,
  `user_id` int(11) DEFAULT NULL,
  `name` text COLLATE utf8_bin,
  `work_type` tinyint(2) DEFAULT NULL,
  `year_begin` tinyint(2) DEFAULT NULL,
  `year_end` tinyint(2) DEFAULT NULL,
  `title` tinyint(2) DEFAULT NULL,
  `hours` int(11) DEFAULT NULL,
  `comments` int(11) DEFAULT NULL,
  `create_time` datetime NOT NULL,
  `create_user_id` int(11) NOT NULL,
  `update_time` datetime NOT NULL,
  `update_user_id` int(11) NOT NULL,
  PRIMARY KEY (`id`)
) ENGINE=InnoDB  DEFAULT CHARSET=utf8 COLLATE=utf8_bin AUTO_INCREMENT=305 ;

--
-- Dumping data for table `tbl_work_profile`
--

INSERT INTO `tbl_work_profile` (`id`, `user_id`, `name`, `work_type`, `year_begin`, `year_end`, `title`, `hours`, `comments`, `create_time`, `create_user_id`, `update_time`, `update_user_id`) VALUES
(1, 67, 0x6d6364, 9, 5, 7, 1, 3, NULL, '2011-11-07 22:47:56', 67, '2011-11-07 22:47:56', 67),
(2, 72, 0x617373697374616e74, 10, 5, 7, 1, 2, NULL, '2011-11-08 13:46:15', 72, '2011-11-08 13:46:15', 72),
(3, 81, 0x6c6966656775617264, 15, 4, 7, NULL, 2, NULL, '2011-11-08 22:34:54', 81, '2011-11-08 22:34:54', 81),
(5, 10000020, 0x4951464e414550504b4c, 15, 4, 4, 3, 4, NULL, '0000-00-00 00:00:00', 0, '0000-00-00 00:00:00', 0),
(6, 10000020, 0x554b524241, 18, 3, 3, 6, 5, NULL, '0000-00-00 00:00:00', 0, '0000-00-00 00:00:00', 0),
(7, 10000020, 0x5253454b, 9, NULL, NULL, 4, NULL, NULL, '0000-00-00 00:00:00', 0, '0000-00-00 00:00:00', 0),
(8, 10000020, 0x4d50514c5352494a, 7, 1, 2, NULL, 2, NULL, '0000-00-00 00:00:00', 0, '0000-00-00 00:00:00', 0),
(9, 10000021, 0x595255544942, 7, 6, 7, 8, NULL, NULL, '0000-00-00 00:00:00', 0, '0000-00-00 00:00:00', 0),
(10, 10000021, 0x51565a5353, 14, 6, 7, 4, 1, NULL, '0000-00-00 00:00:00', 0, '0000-00-00 00:00:00', 0),
(11, 10000021, 0x5355574c4d415049584c, 10, 3, 3, 7, 1, NULL, '0000-00-00 00:00:00', 0, '0000-00-00 00:00:00', 0),
(12, 10000021, 0x594257584c4c45, 17, 1, 7, 8, 2, NULL, '0000-00-00 00:00:00', 0, '0000-00-00 00:00:00', 0),
(13, 10000022, 0x56534f50475a5a, 10, 7, 7, 7, 4, NULL, '0000-00-00 00:00:00', 0, '0000-00-00 00:00:00', 0),
(14, 10000022, 0x4741564f565255494f, 22, 5, 7, 8, 3, NULL, '0000-00-00 00:00:00', 0, '0000-00-00 00:00:00', 0),
(15, 10000023, 0x514c434a4b5151554a, 6, 7, 7, NULL, 2, NULL, '0000-00-00 00:00:00', 0, '0000-00-00 00:00:00', 0),
(16, 10000024, 0x5346534c525041, 16, 3, 6, 8, 1, NULL, '0000-00-00 00:00:00', 0, '0000-00-00 00:00:00', 0),
(17, 10000024, 0x474f4d4a574c5258434a, 6, 1, 3, NULL, 3, NULL, '0000-00-00 00:00:00', 0, '0000-00-00 00:00:00', 0),
(18, 10000024, 0x434854505742, 7, 7, 7, 3, 5, NULL, '0000-00-00 00:00:00', 0, '0000-00-00 00:00:00', 0),
(19, 10000024, 0x4c534853, 23, 5, 5, 7, NULL, NULL, '0000-00-00 00:00:00', 0, '0000-00-00 00:00:00', 0),
(20, 10000024, 0x4b4751, 24, 7, 7, 7, 5, NULL, '0000-00-00 00:00:00', 0, '0000-00-00 00:00:00', 0),
(21, 10000025, 0x47474f4c4144574350, 5, 5, 5, 7, 5, NULL, '0000-00-00 00:00:00', 0, '0000-00-00 00:00:00', 0),
(22, 10000025, 0x594b5654475a524f42, 8, 4, 5, 4, 1, NULL, '0000-00-00 00:00:00', 0, '0000-00-00 00:00:00', 0),
(23, 10000025, 0x594a4c5a4c46544559, 15, NULL, NULL, NULL, 4, NULL, '0000-00-00 00:00:00', 0, '0000-00-00 00:00:00', 0),
(24, 10000025, 0x4f465654, 24, NULL, NULL, 1, 3, NULL, '0000-00-00 00:00:00', 0, '0000-00-00 00:00:00', 0),
(25, 10000026, 0x4a434b5a4b514e4953, 6, 1, 3, NULL, NULL, NULL, '0000-00-00 00:00:00', 0, '0000-00-00 00:00:00', 0),
(26, 10000026, 0x424645574c5752, 5, 6, 6, 8, 5, NULL, '0000-00-00 00:00:00', 0, '0000-00-00 00:00:00', 0),
(27, 10000027, 0x4a4f4a5349414645514c, 12, 6, 6, 5, 2, NULL, '0000-00-00 00:00:00', 0, '0000-00-00 00:00:00', 0),
(28, 10000027, 0x4445555258, 10, 1, 6, NULL, 4, NULL, '0000-00-00 00:00:00', 0, '0000-00-00 00:00:00', 0),
(29, 10000029, 0x4747545059, 11, 5, 6, 7, 2, NULL, '0000-00-00 00:00:00', 0, '0000-00-00 00:00:00', 0),
(30, 10000029, 0x59414f4a4449, 2, 2, 6, 3, 3, NULL, '0000-00-00 00:00:00', 0, '0000-00-00 00:00:00', 0),
(31, 10000029, 0x59455a474349575245, 6, 1, 1, 2, 4, NULL, '0000-00-00 00:00:00', 0, '0000-00-00 00:00:00', 0),
(32, 10000031, 0x5049554d485856594259, 14, 6, 6, NULL, 1, NULL, '0000-00-00 00:00:00', 0, '0000-00-00 00:00:00', 0),
(33, 10000031, 0x4f575844, 21, 7, 7, 1, 2, NULL, '0000-00-00 00:00:00', 0, '0000-00-00 00:00:00', 0),
(34, 10000031, 0x46454753, 8, 3, 5, 6, 4, NULL, '0000-00-00 00:00:00', 0, '0000-00-00 00:00:00', 0),
(35, 10000031, 0x4859504b, 4, 1, 7, NULL, 2, NULL, '0000-00-00 00:00:00', 0, '0000-00-00 00:00:00', 0),
(36, 10000032, 0x525652444948525a, 16, 5, 7, NULL, 5, NULL, '0000-00-00 00:00:00', 0, '0000-00-00 00:00:00', 0),
(37, 10000032, 0x43454e4144454e574253, 14, 1, 4, 2, 4, NULL, '0000-00-00 00:00:00', 0, '0000-00-00 00:00:00', 0),
(38, 10000032, 0x4a484c46564341454a, 12, 1, 6, NULL, 3, NULL, '0000-00-00 00:00:00', 0, '0000-00-00 00:00:00', 0),
(39, 10000032, 0x4154464c4d, 19, 5, 5, 6, 3, NULL, '0000-00-00 00:00:00', 0, '0000-00-00 00:00:00', 0),
(40, 10000033, 0x415054535057, 13, 3, 6, 1, 2, NULL, '0000-00-00 00:00:00', 0, '0000-00-00 00:00:00', 0),
(41, 10000033, 0x4f4e4742465454, 6, 1, 2, 5, NULL, NULL, '0000-00-00 00:00:00', 0, '0000-00-00 00:00:00', 0),
(42, 10000034, 0x59524b524346, 17, 2, 6, NULL, NULL, NULL, '0000-00-00 00:00:00', 0, '0000-00-00 00:00:00', 0),
(43, 10000034, 0x4c55484d46, 8, 7, 7, 4, 1, NULL, '0000-00-00 00:00:00', 0, '0000-00-00 00:00:00', 0),
(44, 10000034, 0x51504f57484e51, 16, 4, 5, 3, NULL, NULL, '0000-00-00 00:00:00', 0, '0000-00-00 00:00:00', 0),
(45, 10000035, 0x574f4442, 13, 6, 6, NULL, 3, NULL, '0000-00-00 00:00:00', 0, '0000-00-00 00:00:00', 0),
(46, 10000035, 0x434a4e, 12, 7, 7, 8, 1, NULL, '0000-00-00 00:00:00', 0, '0000-00-00 00:00:00', 0),
(47, 10000035, 0x464f45454d5a, 18, 4, 5, 1, NULL, NULL, '0000-00-00 00:00:00', 0, '0000-00-00 00:00:00', 0),
(48, 10000035, 0x54514e45585847495a43, 22, 1, 3, NULL, NULL, NULL, '0000-00-00 00:00:00', 0, '0000-00-00 00:00:00', 0),
(49, 10000035, 0x4346484f464a43, 14, 6, 7, NULL, 4, NULL, '0000-00-00 00:00:00', 0, '0000-00-00 00:00:00', 0),
(50, 10000036, 0x56554458424a4a4655, 20, 1, 7, 5, 4, NULL, '0000-00-00 00:00:00', 0, '0000-00-00 00:00:00', 0),
(51, 10000036, 0x4a51435758414d49, 17, 3, 7, 8, NULL, NULL, '0000-00-00 00:00:00', 0, '0000-00-00 00:00:00', 0),
(52, 10000036, 0x474d524350, 3, 7, 7, 5, 2, NULL, '0000-00-00 00:00:00', 0, '0000-00-00 00:00:00', 0),
(53, 10000036, 0x4246495a56, 18, 3, 7, NULL, 5, NULL, '0000-00-00 00:00:00', 0, '0000-00-00 00:00:00', 0),
(54, 10000036, 0x41455a4c42494c4143, 16, 1, 5, NULL, 2, NULL, '0000-00-00 00:00:00', 0, '0000-00-00 00:00:00', 0),
(55, 10000037, 0x5251445a4e4c524d, 12, 1, 6, 2, 3, NULL, '0000-00-00 00:00:00', 0, '0000-00-00 00:00:00', 0),
(56, 10000037, 0x494f5756544f, 8, 3, 5, 5, 2, NULL, '0000-00-00 00:00:00', 0, '0000-00-00 00:00:00', 0),
(57, 10000037, 0x4c4746574f564e53, 10, 5, 7, 1, 2, NULL, '0000-00-00 00:00:00', 0, '0000-00-00 00:00:00', 0),
(58, 10000037, 0x425a464e57, 3, 3, 7, NULL, 2, NULL, '0000-00-00 00:00:00', 0, '0000-00-00 00:00:00', 0),
(59, 10000039, 0x56585a57434656434b, 17, 3, 3, NULL, 4, NULL, '0000-00-00 00:00:00', 0, '0000-00-00 00:00:00', 0),
(60, 10000039, 0x594a4e5546454a484b44, 1, 4, 4, NULL, 2, NULL, '0000-00-00 00:00:00', 0, '0000-00-00 00:00:00', 0),
(61, 10000039, 0x54555757, 5, 7, 7, NULL, 3, NULL, '0000-00-00 00:00:00', 0, '0000-00-00 00:00:00', 0),
(62, 10000039, 0x54505859, 9, 7, 7, 4, 1, NULL, '0000-00-00 00:00:00', 0, '0000-00-00 00:00:00', 0),
(63, 10000040, 0x5252564e524a4e434d59, 19, 2, 7, NULL, 1, NULL, '0000-00-00 00:00:00', 0, '0000-00-00 00:00:00', 0),
(64, 10000040, 0x4b464f534b4154, 16, 4, 6, 3, NULL, NULL, '0000-00-00 00:00:00', 0, '0000-00-00 00:00:00', 0),
(65, 10000041, 0x56514a, 16, 3, 4, 3, 2, NULL, '0000-00-00 00:00:00', 0, '0000-00-00 00:00:00', 0),
(66, 10000041, 0x48494c4a, 1, 1, 5, NULL, 1, NULL, '0000-00-00 00:00:00', 0, '0000-00-00 00:00:00', 0),
(67, 10000041, 0x544f424e53434352464e, 3, 4, 4, 1, NULL, NULL, '0000-00-00 00:00:00', 0, '0000-00-00 00:00:00', 0),
(68, 10000042, 0x4e4a444e43, 15, NULL, NULL, 2, 3, NULL, '0000-00-00 00:00:00', 0, '0000-00-00 00:00:00', 0),
(69, 10000042, 0x564244464551, 18, 4, 5, NULL, 1, NULL, '0000-00-00 00:00:00', 0, '0000-00-00 00:00:00', 0),
(70, 10000042, 0x57494b52414459, 21, 6, 7, 8, 5, NULL, '0000-00-00 00:00:00', 0, '0000-00-00 00:00:00', 0),
(71, 10000042, 0x584253525342, 22, 7, 7, 1, 5, NULL, '0000-00-00 00:00:00', 0, '0000-00-00 00:00:00', 0),
(72, 10000043, 0x42414b565751554e5046, 22, NULL, NULL, 4, 2, NULL, '0000-00-00 00:00:00', 0, '0000-00-00 00:00:00', 0),
(73, 10000043, 0x494d4e4a57444555, 16, 4, 5, 1, 2, NULL, '0000-00-00 00:00:00', 0, '0000-00-00 00:00:00', 0),
(74, 10000043, 0x445550504e45544e59, 24, 2, 4, 4, 2, NULL, '0000-00-00 00:00:00', 0, '0000-00-00 00:00:00', 0),
(75, 10000044, 0x4651434c56, 15, 2, 5, 8, NULL, NULL, '0000-00-00 00:00:00', 0, '0000-00-00 00:00:00', 0),
(76, 10000044, 0x4b5952574152555a5042, 11, 3, 4, 8, 4, NULL, '0000-00-00 00:00:00', 0, '0000-00-00 00:00:00', 0),
(77, 10000044, 0x42455957, 19, 4, 7, 7, 1, NULL, '0000-00-00 00:00:00', 0, '0000-00-00 00:00:00', 0),
(78, 10000044, 0x4c4548, 7, 4, 7, 8, 4, NULL, '0000-00-00 00:00:00', 0, '0000-00-00 00:00:00', 0),
(79, 10000045, 0x4e47475249, 23, NULL, NULL, 6, 5, NULL, '0000-00-00 00:00:00', 0, '0000-00-00 00:00:00', 0),
(80, 10000045, 0x41504a4948585842, 4, 5, 5, 5, 2, NULL, '0000-00-00 00:00:00', 0, '0000-00-00 00:00:00', 0),
(81, 10000046, 0x564e515a, 8, 4, 4, NULL, 2, NULL, '0000-00-00 00:00:00', 0, '0000-00-00 00:00:00', 0),
(82, 10000046, 0x474a4c52554f545a55, 1, 7, 7, 1, 5, NULL, '0000-00-00 00:00:00', 0, '0000-00-00 00:00:00', 0),
(83, 10000046, 0x4e57435548564d454144, 18, 7, 7, 7, NULL, NULL, '0000-00-00 00:00:00', 0, '0000-00-00 00:00:00', 0),
(84, 10000046, 0x554a414156444f495944, 7, 5, 7, 7, 4, NULL, '0000-00-00 00:00:00', 0, '0000-00-00 00:00:00', 0),
(85, 10000047, 0x50584448, 9, 4, 6, 5, 2, NULL, '0000-00-00 00:00:00', 0, '0000-00-00 00:00:00', 0),
(86, 10000047, 0x554e4f4d58595a5042, 11, 1, 7, 8, 2, NULL, '0000-00-00 00:00:00', 0, '0000-00-00 00:00:00', 0),
(87, 10000047, 0x4f5a4c, 13, 5, 7, 5, 4, NULL, '0000-00-00 00:00:00', 0, '0000-00-00 00:00:00', 0),
(88, 10000047, 0x4b52565a4e, 18, 2, 4, 3, 1, NULL, '0000-00-00 00:00:00', 0, '0000-00-00 00:00:00', 0),
(89, 10000047, 0x45434754434946514944, 20, 6, 6, 2, NULL, NULL, '0000-00-00 00:00:00', 0, '0000-00-00 00:00:00', 0),
(90, 10000048, 0x45505947474d4343, 19, 1, 7, 4, NULL, NULL, '0000-00-00 00:00:00', 0, '0000-00-00 00:00:00', 0),
(91, 10000052, 0x5451574352, 17, 5, 7, 7, 2, NULL, '0000-00-00 00:00:00', 0, '0000-00-00 00:00:00', 0),
(92, 10000052, 0x544347, 11, 3, 4, 2, 1, NULL, '0000-00-00 00:00:00', 0, '0000-00-00 00:00:00', 0),
(93, 10000052, 0x505950, 16, 6, 6, 2, 2, NULL, '0000-00-00 00:00:00', 0, '0000-00-00 00:00:00', 0),
(94, 10000052, 0x424b4a5a534b, 18, 7, 7, NULL, 2, NULL, '0000-00-00 00:00:00', 0, '0000-00-00 00:00:00', 0),
(95, 10000052, 0x4c584341474f43495951, 12, 3, 5, 1, NULL, NULL, '0000-00-00 00:00:00', 0, '0000-00-00 00:00:00', 0),
(96, 10000053, 0x4e4d485751565a4b, 22, 2, 2, 1, 2, NULL, '0000-00-00 00:00:00', 0, '0000-00-00 00:00:00', 0),
(97, 10000053, 0x46585055574653, 10, 6, 7, 3, 4, NULL, '0000-00-00 00:00:00', 0, '0000-00-00 00:00:00', 0),
(98, 10000053, 0x4f4246454c4a454a, 20, 5, 7, 6, NULL, NULL, '0000-00-00 00:00:00', 0, '0000-00-00 00:00:00', 0),
(99, 10000053, 0x4d454d544659, 5, 3, 6, NULL, NULL, NULL, '0000-00-00 00:00:00', 0, '0000-00-00 00:00:00', 0),
(100, 10000053, 0x4344564b47434c4d, 11, 5, 6, 1, 2, NULL, '0000-00-00 00:00:00', 0, '0000-00-00 00:00:00', 0),
(101, 10000054, 0x434c5344, 3, 1, 5, 3, 3, NULL, '0000-00-00 00:00:00', 0, '0000-00-00 00:00:00', 0),
(102, 10000054, 0x5859474152, 18, 5, 6, 2, 4, NULL, '0000-00-00 00:00:00', 0, '0000-00-00 00:00:00', 0),
(103, 10000055, 0x4a44485750, 10, 5, 7, 4, 2, NULL, '0000-00-00 00:00:00', 0, '0000-00-00 00:00:00', 0),
(104, 10000055, 0x4f554141414b46484f4d, 23, 1, 6, 8, 1, NULL, '0000-00-00 00:00:00', 0, '0000-00-00 00:00:00', 0),
(105, 10000055, 0x554547444a53515652, 17, 4, 4, 2, 1, NULL, '0000-00-00 00:00:00', 0, '0000-00-00 00:00:00', 0),
(106, 10000055, 0x594254504a, 15, 6, 6, 6, 4, NULL, '0000-00-00 00:00:00', 0, '0000-00-00 00:00:00', 0),
(107, 10000055, 0x455547544f4c50435353, 19, 6, 7, 1, 1, NULL, '0000-00-00 00:00:00', 0, '0000-00-00 00:00:00', 0),
(108, 10000057, 0x58455652574a45524d, 6, 6, 7, 8, 5, NULL, '0000-00-00 00:00:00', 0, '0000-00-00 00:00:00', 0),
(109, 10000057, 0x56425358534741504a49, 3, 2, 6, 1, 1, NULL, '0000-00-00 00:00:00', 0, '0000-00-00 00:00:00', 0),
(110, 10000057, 0x534c41534652, 11, 3, 4, NULL, 5, NULL, '0000-00-00 00:00:00', 0, '0000-00-00 00:00:00', 0),
(111, 10000057, 0x56534d51, 10, 1, 2, NULL, 2, NULL, '0000-00-00 00:00:00', 0, '0000-00-00 00:00:00', 0),
(112, 10000058, 0x56544c42444d53, 18, 1, 5, 3, 1, NULL, '0000-00-00 00:00:00', 0, '0000-00-00 00:00:00', 0),
(113, 10000058, 0x584a5357524a48454f, 4, 4, 5, 5, 2, NULL, '0000-00-00 00:00:00', 0, '0000-00-00 00:00:00', 0),
(114, 10000060, 0x504a554c4246424b414d, 11, 4, 5, 1, 4, NULL, '0000-00-00 00:00:00', 0, '0000-00-00 00:00:00', 0),
(115, 10000061, 0x5a495359594c425953, 23, 7, 7, 8, 1, NULL, '0000-00-00 00:00:00', 0, '0000-00-00 00:00:00', 0),
(116, 10000061, 0x4a474e535541, 19, 3, 7, 3, 5, NULL, '0000-00-00 00:00:00', 0, '0000-00-00 00:00:00', 0),
(117, 10000061, 0x514545594a535a, 7, 7, 7, 8, 5, NULL, '0000-00-00 00:00:00', 0, '0000-00-00 00:00:00', 0),
(118, 10000061, 0x50454b434f49504b44, 10, NULL, NULL, NULL, 2, NULL, '0000-00-00 00:00:00', 0, '0000-00-00 00:00:00', 0),
(119, 10000061, 0x4443485659455646, 20, 3, 4, 8, 4, NULL, '0000-00-00 00:00:00', 0, '0000-00-00 00:00:00', 0),
(120, 10000062, 0x425645574e4741, 8, 7, 7, 3, NULL, NULL, '0000-00-00 00:00:00', 0, '0000-00-00 00:00:00', 0),
(121, 10000062, 0x495151544d, 11, 4, 4, 7, 1, NULL, '0000-00-00 00:00:00', 0, '0000-00-00 00:00:00', 0),
(122, 10000062, 0x4e4547595543425a, 14, 3, 5, 3, NULL, NULL, '0000-00-00 00:00:00', 0, '0000-00-00 00:00:00', 0),
(123, 10000062, 0x4e5452485656, 7, 4, 6, 6, 5, NULL, '0000-00-00 00:00:00', 0, '0000-00-00 00:00:00', 0),
(124, 10000065, 0x445251455542, 14, 3, 4, NULL, 3, NULL, '0000-00-00 00:00:00', 0, '0000-00-00 00:00:00', 0),
(125, 10000065, 0x4648524249, 17, 6, 6, 4, 4, NULL, '0000-00-00 00:00:00', 0, '0000-00-00 00:00:00', 0),
(126, 10000066, 0x4e4f4e455742575a4741, 10, 3, 7, 7, NULL, NULL, '0000-00-00 00:00:00', 0, '0000-00-00 00:00:00', 0),
(127, 10000067, 0x49534f42434a44584d, 20, 1, 2, NULL, 5, NULL, '0000-00-00 00:00:00', 0, '0000-00-00 00:00:00', 0),
(128, 10000067, 0x435a4f56, 5, 7, 7, NULL, 5, NULL, '0000-00-00 00:00:00', 0, '0000-00-00 00:00:00', 0),
(129, 10000068, 0x52434d, 5, 4, 5, 4, 4, NULL, '0000-00-00 00:00:00', 0, '0000-00-00 00:00:00', 0),
(130, 10000068, 0x4a464f4e4b51505853, 24, 3, 6, NULL, NULL, NULL, '0000-00-00 00:00:00', 0, '0000-00-00 00:00:00', 0),
(131, 10000069, 0x5149434c, 16, 7, 7, 6, 1, NULL, '0000-00-00 00:00:00', 0, '0000-00-00 00:00:00', 0),
(132, 10000069, 0x56514258514150, 9, 6, 7, NULL, 5, NULL, '0000-00-00 00:00:00', 0, '0000-00-00 00:00:00', 0),
(133, 10000069, 0x5053484d5158, 10, 3, 6, NULL, 1, NULL, '0000-00-00 00:00:00', 0, '0000-00-00 00:00:00', 0),
(134, 10000070, 0x515a57444a57, 15, 6, 6, 6, 5, NULL, '0000-00-00 00:00:00', 0, '0000-00-00 00:00:00', 0),
(135, 10000071, 0x484c4e49514646, 9, 3, 4, NULL, 1, NULL, '0000-00-00 00:00:00', 0, '0000-00-00 00:00:00', 0),
(136, 10000071, 0x434f5152594e4653, 6, NULL, NULL, NULL, 2, NULL, '0000-00-00 00:00:00', 0, '0000-00-00 00:00:00', 0),
(137, 10000072, 0x57415a4f42, 7, 4, 4, 1, 4, NULL, '0000-00-00 00:00:00', 0, '0000-00-00 00:00:00', 0),
(138, 10000072, 0x4f44504c48525652, 10, 5, 5, 3, 2, NULL, '0000-00-00 00:00:00', 0, '0000-00-00 00:00:00', 0),
(139, 10000072, 0x5547534b5a, 17, 2, 5, NULL, 1, NULL, '0000-00-00 00:00:00', 0, '0000-00-00 00:00:00', 0),
(140, 10000072, 0x50504649554c55424e54, 20, 6, 6, 5, 4, NULL, '0000-00-00 00:00:00', 0, '0000-00-00 00:00:00', 0),
(141, 10000073, 0x4843425a4e4f42525949, 4, 1, 4, 7, 3, NULL, '0000-00-00 00:00:00', 0, '0000-00-00 00:00:00', 0),
(142, 10000073, 0x4c4c56, 3, 5, 5, 3, 3, NULL, '0000-00-00 00:00:00', 0, '0000-00-00 00:00:00', 0),
(143, 10000073, 0x4c5658505241574e, 12, 1, 2, 4, 2, NULL, '0000-00-00 00:00:00', 0, '0000-00-00 00:00:00', 0),
(144, 10000076, 0x5a415645554558, 23, 3, 7, NULL, 4, NULL, '0000-00-00 00:00:00', 0, '0000-00-00 00:00:00', 0),
(145, 10000076, 0x554e57584e, 5, 5, 7, NULL, NULL, NULL, '0000-00-00 00:00:00', 0, '0000-00-00 00:00:00', 0),
(146, 10000077, 0x49474544415253585544, 22, 1, 2, NULL, NULL, NULL, '0000-00-00 00:00:00', 0, '0000-00-00 00:00:00', 0),
(147, 10000077, 0x4249524a46, 17, 7, 7, 3, NULL, NULL, '0000-00-00 00:00:00', 0, '0000-00-00 00:00:00', 0),
(148, 10000078, 0x4f454f47, 24, 1, 6, 3, 5, NULL, '0000-00-00 00:00:00', 0, '0000-00-00 00:00:00', 0),
(149, 10000078, 0x464a545043, 5, 1, 7, NULL, 1, NULL, '0000-00-00 00:00:00', 0, '0000-00-00 00:00:00', 0),
(150, 10000078, 0x465042594d57, 2, 1, 6, 1, 5, NULL, '0000-00-00 00:00:00', 0, '0000-00-00 00:00:00', 0),
(151, 10000078, 0x4a56484c45, 20, 6, 7, NULL, 2, NULL, '0000-00-00 00:00:00', 0, '0000-00-00 00:00:00', 0),
(152, 10000078, 0x55464a56, 19, 3, 6, 7, NULL, NULL, '0000-00-00 00:00:00', 0, '0000-00-00 00:00:00', 0),
(166, 10000085, 0x4a524749575641, 20, 4, 4, 3, 3, NULL, '0000-00-00 00:00:00', 0, '0000-00-00 00:00:00', 0),
(167, 10000085, 0x414c59, 6, 5, 5, 7, 1, NULL, '0000-00-00 00:00:00', 0, '0000-00-00 00:00:00', 0),
(168, 10000085, 0x594e4c424a49475743, 3, 2, 4, 2, 5, NULL, '0000-00-00 00:00:00', 0, '0000-00-00 00:00:00', 0),
(169, 10000085, 0x4d4748454d424445, 13, 2, 4, 4, 4, NULL, '0000-00-00 00:00:00', 0, '0000-00-00 00:00:00', 0),
(170, 10000085, 0x574345484b55424a, 7, 1, 6, 3, 3, NULL, '0000-00-00 00:00:00', 0, '0000-00-00 00:00:00', 0),
(171, 10000086, 0x4d4f48505358454d41, 24, 3, 5, 8, 5, NULL, '0000-00-00 00:00:00', 0, '0000-00-00 00:00:00', 0),
(172, 10000087, 0x435559444e5155414154, 22, 3, 5, 5, 2, NULL, '0000-00-00 00:00:00', 0, '0000-00-00 00:00:00', 0),
(173, 10000087, 0x575443494d59, 20, 5, 5, NULL, 5, NULL, '0000-00-00 00:00:00', 0, '0000-00-00 00:00:00', 0),
(174, 10000087, 0x534f4c414f4842504845, 10, 3, 4, 6, 5, NULL, '0000-00-00 00:00:00', 0, '0000-00-00 00:00:00', 0),
(175, 10000088, 0x434248484c475441, 9, 7, 7, 4, 1, NULL, '0000-00-00 00:00:00', 0, '0000-00-00 00:00:00', 0),
(176, 10000088, 0x5043435a47, 14, 2, 5, 5, 5, NULL, '0000-00-00 00:00:00', 0, '0000-00-00 00:00:00', 0),
(177, 10000088, 0x4b554a5a56514344, 22, 5, 7, 7, 5, NULL, '0000-00-00 00:00:00', 0, '0000-00-00 00:00:00', 0),
(178, 10000088, 0x4f424e46444f504452, 10, 5, 5, 1, 1, NULL, '0000-00-00 00:00:00', 0, '0000-00-00 00:00:00', 0),
(179, 10000090, 0x52484453, 21, 2, 6, 7, 1, NULL, '0000-00-00 00:00:00', 0, '0000-00-00 00:00:00', 0),
(180, 10000090, 0x434e42, 13, 7, 7, 7, 1, NULL, '0000-00-00 00:00:00', 0, '0000-00-00 00:00:00', 0),
(181, 10000090, 0x595a4842, 11, 3, 6, 8, 4, NULL, '0000-00-00 00:00:00', 0, '0000-00-00 00:00:00', 0),
(182, 10000090, 0x514f4949474f465a554a, 1, 2, 6, 2, 5, NULL, '0000-00-00 00:00:00', 0, '0000-00-00 00:00:00', 0),
(183, 10000090, 0x474d524150, 24, 7, 7, 3, 2, NULL, '0000-00-00 00:00:00', 0, '0000-00-00 00:00:00', 0),
(184, 10000091, 0x51455442, 19, 6, 6, NULL, 2, NULL, '0000-00-00 00:00:00', 0, '0000-00-00 00:00:00', 0),
(185, 10000091, 0x41464a5754, 5, 4, 5, 8, 1, NULL, '0000-00-00 00:00:00', 0, '0000-00-00 00:00:00', 0),
(186, 10000092, 0x5941594c544959464456, 2, 3, 3, NULL, 4, NULL, '0000-00-00 00:00:00', 0, '0000-00-00 00:00:00', 0),
(187, 10000092, 0x474b51, 17, 4, 4, 2, 5, NULL, '0000-00-00 00:00:00', 0, '0000-00-00 00:00:00', 0),
(188, 10000092, 0x5751524c41, 19, 7, 7, 5, NULL, NULL, '0000-00-00 00:00:00', 0, '0000-00-00 00:00:00', 0),
(189, 10000094, 0x4753574d4f424b, 10, 7, 7, 8, 4, NULL, '0000-00-00 00:00:00', 0, '0000-00-00 00:00:00', 0),
(190, 10000094, 0x4557574350534242, 1, 2, 7, 5, 4, NULL, '0000-00-00 00:00:00', 0, '0000-00-00 00:00:00', 0),
(191, 10000094, 0x47564252, 3, 5, 7, NULL, 2, NULL, '0000-00-00 00:00:00', 0, '0000-00-00 00:00:00', 0),
(192, 10000094, 0x43464e, 17, 6, 7, 3, NULL, NULL, '0000-00-00 00:00:00', 0, '0000-00-00 00:00:00', 0),
(193, 10000094, 0x50434b, 5, 3, 7, 8, 5, NULL, '0000-00-00 00:00:00', 0, '0000-00-00 00:00:00', 0),
(194, 10000095, 0x46544b465148524655, 8, 3, 4, 2, 5, NULL, '0000-00-00 00:00:00', 0, '0000-00-00 00:00:00', 0),
(195, 10000095, 0x4e584151575647, 23, 2, 5, 6, 4, NULL, '0000-00-00 00:00:00', 0, '0000-00-00 00:00:00', 0),
(196, 10000096, 0x5a494a4449494144, 13, 5, 7, 8, 1, NULL, '0000-00-00 00:00:00', 0, '0000-00-00 00:00:00', 0),
(197, 10000096, 0x564c4d4c, 15, 3, 6, NULL, 1, NULL, '0000-00-00 00:00:00', 0, '0000-00-00 00:00:00', 0),
(198, 10000096, 0x4858574c56524a574a56, 4, 4, 4, 2, 3, NULL, '0000-00-00 00:00:00', 0, '0000-00-00 00:00:00', 0),
(199, 10000096, 0x414e464942, 1, 7, 7, 2, 5, NULL, '0000-00-00 00:00:00', 0, '0000-00-00 00:00:00', 0),
(200, 10000097, 0x48434e484a535541, 23, 7, 7, 3, NULL, NULL, '0000-00-00 00:00:00', 0, '0000-00-00 00:00:00', 0),
(201, 10000097, 0x5152534554, 11, 2, 4, 4, 3, NULL, '0000-00-00 00:00:00', 0, '0000-00-00 00:00:00', 0),
(202, 10000097, 0x514f515255, 24, 3, 6, 4, 5, NULL, '0000-00-00 00:00:00', 0, '0000-00-00 00:00:00', 0),
(203, 10000099, 0x485448555a, 8, 6, 6, 6, 3, NULL, '0000-00-00 00:00:00', 0, '0000-00-00 00:00:00', 0),
(204, 10000099, 0x54524742545458414f, 16, 1, 3, 8, 4, NULL, '0000-00-00 00:00:00', 0, '0000-00-00 00:00:00', 0),
(205, 10000099, 0x50474651534b, 20, 6, 6, 4, 1, NULL, '0000-00-00 00:00:00', 0, '0000-00-00 00:00:00', 0),
(206, 10000099, 0x494d4343565952, 5, 7, 7, 5, 4, NULL, '0000-00-00 00:00:00', 0, '0000-00-00 00:00:00', 0),
(207, 10000099, 0x4e4c58514255584a4c56, 17, 4, 7, 2, NULL, NULL, '0000-00-00 00:00:00', 0, '0000-00-00 00:00:00', 0),
(208, 10000103, 0x4947504c, 24, 4, 7, NULL, NULL, NULL, '0000-00-00 00:00:00', 0, '0000-00-00 00:00:00', 0),
(209, 10000103, 0x534452, 8, 3, 3, 8, 3, NULL, '0000-00-00 00:00:00', 0, '0000-00-00 00:00:00', 0),
(210, 10000103, 0x41505451475746454952, 10, 5, 5, 6, 1, NULL, '0000-00-00 00:00:00', 0, '0000-00-00 00:00:00', 0),
(211, 10000103, 0x4c53535154, 7, 5, 7, 2, 3, NULL, '0000-00-00 00:00:00', 0, '0000-00-00 00:00:00', 0),
(212, 10000104, 0x495458425a445a4f53, 15, 3, 5, 7, 2, NULL, '0000-00-00 00:00:00', 0, '0000-00-00 00:00:00', 0),
(213, 10000104, 0x4c464f545850424159, 8, 6, 6, 5, NULL, NULL, '0000-00-00 00:00:00', 0, '0000-00-00 00:00:00', 0),
(214, 10000106, 0x4e5447, 6, 2, 4, 2, 2, NULL, '0000-00-00 00:00:00', 0, '0000-00-00 00:00:00', 0),
(215, 10000106, 0x58544147554a56585951, 10, 7, 7, 4, 4, NULL, '0000-00-00 00:00:00', 0, '0000-00-00 00:00:00', 0),
(216, 10000106, 0x49514347, 21, 7, 7, 7, 2, NULL, '0000-00-00 00:00:00', 0, '0000-00-00 00:00:00', 0),
(217, 10000107, 0x4246584d58, 2, 7, 7, 6, 2, NULL, '0000-00-00 00:00:00', 0, '0000-00-00 00:00:00', 0),
(218, 10000107, 0x4f434b56, 5, 7, 7, 3, 5, NULL, '0000-00-00 00:00:00', 0, '0000-00-00 00:00:00', 0),
(219, 10000108, 0x434a4e43414e4c4542, 7, 5, 5, 2, 3, NULL, '0000-00-00 00:00:00', 0, '0000-00-00 00:00:00', 0),
(220, 10000108, 0x444f524a, 8, 6, 6, 4, NULL, NULL, '0000-00-00 00:00:00', 0, '0000-00-00 00:00:00', 0),
(221, 10000108, 0x514e57544c4445474b, 18, 7, 7, 6, NULL, NULL, '0000-00-00 00:00:00', 0, '0000-00-00 00:00:00', 0),
(222, 10000108, 0x4f485a45, 24, 5, 7, 2, 5, NULL, '0000-00-00 00:00:00', 0, '0000-00-00 00:00:00', 0),
(223, 10000109, 0x444955, 12, 3, 4, 1, NULL, NULL, '0000-00-00 00:00:00', 0, '0000-00-00 00:00:00', 0),
(224, 10000109, 0x52535349, 21, NULL, NULL, NULL, 1, NULL, '0000-00-00 00:00:00', 0, '0000-00-00 00:00:00', 0),
(225, 10000109, 0x4f4f4247, 1, NULL, NULL, 7, 1, NULL, '0000-00-00 00:00:00', 0, '0000-00-00 00:00:00', 0),
(226, 10000110, 0x544a55, 21, 5, 7, 7, 3, NULL, '0000-00-00 00:00:00', 0, '0000-00-00 00:00:00', 0),
(227, 10000110, 0x594f415654494b44554e, 6, 1, 5, 1, 5, NULL, '0000-00-00 00:00:00', 0, '0000-00-00 00:00:00', 0),
(228, 10000110, 0x4a484643, 24, 7, 7, 2, NULL, NULL, '0000-00-00 00:00:00', 0, '0000-00-00 00:00:00', 0),
(229, 10000110, 0x4d424552485a5458484f, 4, 3, 3, 2, NULL, NULL, '0000-00-00 00:00:00', 0, '0000-00-00 00:00:00', 0),
(230, 10000111, 0x5352514d45534f524d49, 21, 4, 5, 8, 3, NULL, '0000-00-00 00:00:00', 0, '0000-00-00 00:00:00', 0),
(231, 10000112, 0x5a4f554c515a52535541, 17, 5, 7, NULL, NULL, NULL, '0000-00-00 00:00:00', 0, '0000-00-00 00:00:00', 0),
(232, 10000112, 0x4c4b475746554d49, 23, NULL, NULL, 3, NULL, NULL, '0000-00-00 00:00:00', 0, '0000-00-00 00:00:00', 0),
(233, 10000113, 0x4c474945514d, 3, 4, 6, 3, 5, NULL, '0000-00-00 00:00:00', 0, '0000-00-00 00:00:00', 0),
(234, 10000113, 0x4a4c575156574d, 6, 1, 5, 8, 2, NULL, '0000-00-00 00:00:00', 0, '0000-00-00 00:00:00', 0),
(235, 10000113, 0x444a595855, 5, NULL, NULL, 6, NULL, NULL, '0000-00-00 00:00:00', 0, '0000-00-00 00:00:00', 0),
(236, 10000115, 0x565256534549, 14, 2, 4, 4, 2, NULL, '0000-00-00 00:00:00', 0, '0000-00-00 00:00:00', 0),
(237, 10000116, 0x445158, 24, 7, 7, NULL, 4, NULL, '0000-00-00 00:00:00', 0, '0000-00-00 00:00:00', 0),
(238, 10000116, 0x4e505241585742554152, 3, 5, 7, 4, 3, NULL, '0000-00-00 00:00:00', 0, '0000-00-00 00:00:00', 0),
(239, 10000117, 0x4c5956, 17, 2, 5, 2, 4, NULL, '0000-00-00 00:00:00', 0, '0000-00-00 00:00:00', 0),
(240, 10000117, 0x58594f564c584657454f, 3, 1, 5, 6, 1, NULL, '0000-00-00 00:00:00', 0, '0000-00-00 00:00:00', 0),
(241, 10000117, 0x474c525551495a, 22, 4, 5, NULL, NULL, NULL, '0000-00-00 00:00:00', 0, '0000-00-00 00:00:00', 0),
(242, 10000119, 0x554650, 10, 1, 3, NULL, 3, NULL, '0000-00-00 00:00:00', 0, '0000-00-00 00:00:00', 0),
(243, 10000119, 0x464e47574c, 15, 2, 6, 2, 1, NULL, '0000-00-00 00:00:00', 0, '0000-00-00 00:00:00', 0),
(244, 10000119, 0x4f56584e5152, 17, 7, 7, NULL, 3, NULL, '0000-00-00 00:00:00', 0, '0000-00-00 00:00:00', 0),
(245, 10000120, 0x41504a4948585842, 9, 3, 3, NULL, 5, NULL, '0000-00-00 00:00:00', 0, '0000-00-00 00:00:00', 0),
(246, 10000120, 0x45584f4c5a46524a, 19, 2, 2, NULL, 1, NULL, '0000-00-00 00:00:00', 0, '0000-00-00 00:00:00', 0),
(247, 10000120, 0x514f43464450554f4c, 7, 1, 2, 7, 4, NULL, '0000-00-00 00:00:00', 0, '0000-00-00 00:00:00', 0),
(248, 10000121, 0x5a5349, 17, 5, 6, 5, NULL, NULL, '0000-00-00 00:00:00', 0, '0000-00-00 00:00:00', 0),
(249, 10000121, 0x504e4e4f425958474a56, 4, 3, 6, NULL, 2, NULL, '0000-00-00 00:00:00', 0, '0000-00-00 00:00:00', 0),
(250, 10000121, 0x5451594b, 16, 3, 3, NULL, 5, NULL, '0000-00-00 00:00:00', 0, '0000-00-00 00:00:00', 0),
(251, 10000121, 0x554b4d464c54, 2, NULL, NULL, 8, NULL, NULL, '0000-00-00 00:00:00', 0, '0000-00-00 00:00:00', 0),
(252, 10000122, 0x56474447, 4, 3, 7, 3, 1, NULL, '0000-00-00 00:00:00', 0, '0000-00-00 00:00:00', 0),
(253, 10000122, 0x4d46454b5846, 20, 1, 7, NULL, NULL, NULL, '0000-00-00 00:00:00', 0, '0000-00-00 00:00:00', 0),
(254, 10000122, 0x5952594e4554434e, 16, 5, 7, 5, 2, NULL, '0000-00-00 00:00:00', 0, '0000-00-00 00:00:00', 0),
(255, 10000122, 0x4c4e53594744464447, 23, 2, 4, 6, 4, NULL, '0000-00-00 00:00:00', 0, '0000-00-00 00:00:00', 0),
(256, 10000122, 0x454c55, 3, 1, 7, 6, 1, NULL, '0000-00-00 00:00:00', 0, '0000-00-00 00:00:00', 0),
(257, 10000123, 0x53414c59524745534b, 18, 1, 5, 6, 4, NULL, '0000-00-00 00:00:00', 0, '0000-00-00 00:00:00', 0),
(258, 10000123, 0x434b485256544a4c, 3, 5, 6, 2, 2, NULL, '0000-00-00 00:00:00', 0, '0000-00-00 00:00:00', 0),
(259, 10000123, 0x455955, 24, 2, 4, NULL, 2, NULL, '0000-00-00 00:00:00', 0, '0000-00-00 00:00:00', 0),
(260, 10000123, 0x504756464b59544d424a, 6, 4, 4, 1, 1, NULL, '0000-00-00 00:00:00', 0, '0000-00-00 00:00:00', 0),
(261, 10000123, 0x49574847, 7, 3, 5, NULL, NULL, NULL, '0000-00-00 00:00:00', 0, '0000-00-00 00:00:00', 0),
(262, 10000125, 0x4d4d5a4b, 3, 3, 6, 6, 5, NULL, '0000-00-00 00:00:00', 0, '0000-00-00 00:00:00', 0),
(263, 10000125, 0x45444948, 1, 5, 7, 2, 2, NULL, '0000-00-00 00:00:00', 0, '0000-00-00 00:00:00', 0),
(264, 10000125, 0x5a4c435653414d43, 11, 4, 4, 6, NULL, NULL, '0000-00-00 00:00:00', 0, '0000-00-00 00:00:00', 0),
(265, 10000128, 0x5a5a43584441, 19, 2, 7, 8, NULL, NULL, '0000-00-00 00:00:00', 0, '0000-00-00 00:00:00', 0),
(266, 10000128, 0x50474e4e, 23, NULL, NULL, 7, 1, NULL, '0000-00-00 00:00:00', 0, '0000-00-00 00:00:00', 0),
(267, 10000128, 0x41424d534b4f51, 6, NULL, NULL, 5, 3, NULL, '0000-00-00 00:00:00', 0, '0000-00-00 00:00:00', 0),
(268, 10000128, 0x5050574d49, 9, 6, 6, 2, NULL, NULL, '0000-00-00 00:00:00', 0, '0000-00-00 00:00:00', 0),
(269, 10000129, 0x50525653, 12, 4, 4, 8, 1, NULL, '0000-00-00 00:00:00', 0, '0000-00-00 00:00:00', 0),
(270, 10000130, 0x4357444852, 9, 7, 7, 5, 4, NULL, '0000-00-00 00:00:00', 0, '0000-00-00 00:00:00', 0),
(271, 10000131, 0x505753, 16, 3, 5, 8, 1, NULL, '0000-00-00 00:00:00', 0, '0000-00-00 00:00:00', 0),
(272, 10000131, 0x464f5a41484e42515054, 10, 2, 2, 3, 3, NULL, '0000-00-00 00:00:00', 0, '0000-00-00 00:00:00', 0),
(273, 10000132, 0x4e415543485251465a52, 17, NULL, NULL, 3, NULL, NULL, '0000-00-00 00:00:00', 0, '0000-00-00 00:00:00', 0),
(274, 10000132, 0x41414858494b, 21, 7, 7, NULL, 2, NULL, '0000-00-00 00:00:00', 0, '0000-00-00 00:00:00', 0),
(275, 10000132, 0x4d4850544c4a, 9, 5, 5, 4, 4, NULL, '0000-00-00 00:00:00', 0, '0000-00-00 00:00:00', 0),
(276, 10000132, 0x50504f4f56, 14, 1, 2, NULL, NULL, NULL, '0000-00-00 00:00:00', 0, '0000-00-00 00:00:00', 0),
(277, 10000133, 0x544a4d4d544e43, 2, 3, 4, 5, 4, NULL, '0000-00-00 00:00:00', 0, '0000-00-00 00:00:00', 0),
(278, 10000133, 0x4158575144, 20, 2, 7, 7, NULL, NULL, '0000-00-00 00:00:00', 0, '0000-00-00 00:00:00', 0),
(279, 10000133, 0x505859424555464f47, 8, 1, 7, 3, 3, NULL, '0000-00-00 00:00:00', 0, '0000-00-00 00:00:00', 0),
(280, 10000133, 0x5354414b545458455a, 3, 5, 7, 7, 5, NULL, '0000-00-00 00:00:00', 0, '0000-00-00 00:00:00', 0),
(281, 10000134, 0x42514b50, 19, 3, 3, 3, 5, NULL, '0000-00-00 00:00:00', 0, '0000-00-00 00:00:00', 0),
(282, 10000134, 0x515053455647524d58, 11, 3, 5, 8, 2, NULL, '0000-00-00 00:00:00', 0, '0000-00-00 00:00:00', 0),
(283, 10000134, 0x4c5247464d524f4b4b59, 15, 5, 6, 3, 4, NULL, '0000-00-00 00:00:00', 0, '0000-00-00 00:00:00', 0),
(284, 10000134, 0x474c544a4e4e, 18, 3, 3, 8, 5, NULL, '0000-00-00 00:00:00', 0, '0000-00-00 00:00:00', 0),
(285, 10000135, 0x4f4552484c4e41525259, 15, 6, 7, 1, NULL, NULL, '0000-00-00 00:00:00', 0, '0000-00-00 00:00:00', 0),
(286, 10000135, 0x5357545743, 23, 3, 7, 2, NULL, NULL, '0000-00-00 00:00:00', 0, '0000-00-00 00:00:00', 0),
(287, 10000135, 0x454d5650595149564641, 4, 2, 2, 4, 4, NULL, '0000-00-00 00:00:00', 0, '0000-00-00 00:00:00', 0),
(288, 10000136, 0x4c414651474d5a4246, 1, 2, 5, 6, 4, NULL, '0000-00-00 00:00:00', 0, '0000-00-00 00:00:00', 0),
(289, 10000136, 0x4c4f45424e534b565355, 9, 6, 6, 4, 3, NULL, '0000-00-00 00:00:00', 0, '0000-00-00 00:00:00', 0),
(290, 10000136, 0x444a5655, 7, 5, 5, NULL, NULL, NULL, '0000-00-00 00:00:00', 0, '0000-00-00 00:00:00', 0),
(291, 10000136, 0x4b4e4f4d5648, 10, 1, 2, 1, 4, NULL, '0000-00-00 00:00:00', 0, '0000-00-00 00:00:00', 0),
(292, 10000136, 0x45555349564d, 3, 3, 3, 8, 4, NULL, '0000-00-00 00:00:00', 0, '0000-00-00 00:00:00', 0),
(293, 10000137, 0x5856505a59594a, 15, 7, 7, 4, 3, NULL, '0000-00-00 00:00:00', 0, '0000-00-00 00:00:00', 0),
(294, 10000137, 0x505146495a454e53, 5, 5, 6, NULL, 3, NULL, '0000-00-00 00:00:00', 0, '0000-00-00 00:00:00', 0),
(295, 10000137, 0x484f4e, 14, 1, 5, 4, 5, NULL, '0000-00-00 00:00:00', 0, '0000-00-00 00:00:00', 0),
(296, 10000139, 0x5a4654574542, 18, 6, 7, 7, 2, NULL, '0000-00-00 00:00:00', 0, '0000-00-00 00:00:00', 0),
(297, 10000140, 0x43584749464f5a, 18, 3, 3, 2, NULL, NULL, '0000-00-00 00:00:00', 0, '0000-00-00 00:00:00', 0),
(298, 10000140, 0x444f49444a514a, 8, 1, 6, 1, 2, NULL, '0000-00-00 00:00:00', 0, '0000-00-00 00:00:00', 0),
(299, 10000140, 0x5a4450574f, 14, 2, 5, 7, 1, NULL, '0000-00-00 00:00:00', 0, '0000-00-00 00:00:00', 0),
(300, 10000140, 0x46434957, 3, 1, 1, NULL, 1, NULL, '0000-00-00 00:00:00', 0, '0000-00-00 00:00:00', 0),
(301, 10000141, 0x4f435a57, 6, 2, 7, 1, 4, NULL, '0000-00-00 00:00:00', 0, '0000-00-00 00:00:00', 0),
(302, 10000141, 0x514b4a5357584d524347, 5, 3, 7, 2, 3, NULL, '0000-00-00 00:00:00', 0, '0000-00-00 00:00:00', 0),
(303, 10000141, 0x44485159, 13, 2, 5, 4, 1, NULL, '0000-00-00 00:00:00', 0, '0000-00-00 00:00:00', 0),
(304, 102, 0x76656e646f72, 1, 5, 7, 7, 4, NULL, '2012-03-25 21:39:47', 102, '2012-03-25 21:39:47', 102);

--
-- Constraints for dumped tables
--

--
-- Constraints for table `authassignment`
--
ALTER TABLE `authassignment`
  ADD CONSTRAINT `authassignment_ibfk_1` FOREIGN KEY (`itemname`) REFERENCES `authitem` (`name`) ON DELETE CASCADE ON UPDATE CASCADE;

--
-- Constraints for table `authitemchild`
--
ALTER TABLE `authitemchild`
  ADD CONSTRAINT `authitemchild_ibfk_1` FOREIGN KEY (`parent`) REFERENCES `authitem` (`name`) ON DELETE CASCADE ON UPDATE CASCADE,
  ADD CONSTRAINT `authitemchild_ibfk_2` FOREIGN KEY (`child`) REFERENCES `authitem` (`name`) ON DELETE CASCADE ON UPDATE CASCADE;

--
-- Constraints for table `tbl_academic_profile`
--
ALTER TABLE `tbl_academic_profile`
  ADD CONSTRAINT `tbl_academic_profile_ibfk_1` FOREIGN KEY (`user_id`) REFERENCES `tbl_user` (`id`) ON DELETE CASCADE ON UPDATE CASCADE;

--
-- Constraints for table `tbl_activity_profile`
--
ALTER TABLE `tbl_activity_profile`
  ADD CONSTRAINT `tbl_activity_profile_ibfk_1` FOREIGN KEY (`activity_type_id`) REFERENCES `tbl_activity_type` (`id`) ON DELETE SET NULL ON UPDATE SET NULL,
  ADD CONSTRAINT `tbl_activity_profile_ibfk_2` FOREIGN KEY (`user_id`) REFERENCES `tbl_user` (`id`) ON DELETE CASCADE ON UPDATE CASCADE;

--
-- Constraints for table `tbl_ap_profile`
--
ALTER TABLE `tbl_ap_profile`
  ADD CONSTRAINT `tbl_ap_profile_ibfk_1` FOREIGN KEY (`user_id`) REFERENCES `tbl_user` (`id`) ON DELETE CASCADE ON UPDATE CASCADE,
  ADD CONSTRAINT `tbl_ap_profile_ibfk_2` FOREIGN KEY (`ap_id`) REFERENCES `tbl_ap_type` (`id`) ON DELETE CASCADE ON UPDATE CASCADE;

--
-- Constraints for table `tbl_competition_profile`
--
ALTER TABLE `tbl_competition_profile`
  ADD CONSTRAINT `tbl_competition_profile_ibfk_1` FOREIGN KEY (`user_id`) REFERENCES `tbl_user` (`id`) ON DELETE CASCADE ON UPDATE CASCADE;

--
-- Constraints for table `tbl_essay_profile`
--
ALTER TABLE `tbl_essay_profile`
  ADD CONSTRAINT `tbl_essay_profile_ibfk_1` FOREIGN KEY (`user_id`) REFERENCES `tbl_user` (`id`) ON DELETE CASCADE ON UPDATE CASCADE;

--
-- Constraints for table `tbl_map_profile_student`
--
ALTER TABLE `tbl_map_profile_student`
  ADD CONSTRAINT `tbl_map_profile_student_ibfk_1` FOREIGN KEY (`user_id`) REFERENCES `tbl_user` (`id`) ON DELETE CASCADE ON UPDATE CASCADE,
  ADD CONSTRAINT `tbl_map_profile_student_ibfk_2` FOREIGN KEY (`purchased_profile_id`) REFERENCES `tbl_user` (`id`) ON DELETE CASCADE ON UPDATE CASCADE;

--
-- Constraints for table `tbl_personal_profile`
--
ALTER TABLE `tbl_personal_profile`
  ADD CONSTRAINT `tbl_personal_profile_ibfk_1` FOREIGN KEY (`user_id`) REFERENCES `tbl_user` (`id`) ON DELETE CASCADE ON UPDATE CASCADE,
  ADD CONSTRAINT `tbl_personal_profile_ibfk_2` FOREIGN KEY (`religion_id`) REFERENCES `tbl_religion_type` (`id`) ON DELETE SET NULL ON UPDATE SET NULL;

--
-- Constraints for table `tbl_sat2_profile`
--
ALTER TABLE `tbl_sat2_profile`
  ADD CONSTRAINT `tbl_sat2_profile_ibfk_1` FOREIGN KEY (`sat2_id`) REFERENCES `tbl_sat2_type` (`id`) ON DELETE CASCADE ON UPDATE CASCADE,
  ADD CONSTRAINT `tbl_sat2_profile_ibfk_2` FOREIGN KEY (`user_id`) REFERENCES `tbl_user` (`id`) ON DELETE CASCADE ON UPDATE CASCADE;

--
-- Constraints for table `tbl_score_profile`
--
ALTER TABLE `tbl_score_profile`
  ADD CONSTRAINT `tbl_score_profile_ibfk_1` FOREIGN KEY (`user_id`) REFERENCES `tbl_user` (`id`) ON DELETE CASCADE ON UPDATE CASCADE;

--
-- Constraints for table `tbl_sport_profile`
--
ALTER TABLE `tbl_sport_profile`
  ADD CONSTRAINT `tbl_sport_profile_ibfk_1` FOREIGN KEY (`user_id`) REFERENCES `tbl_user` (`id`) ON DELETE CASCADE ON UPDATE CASCADE,
  ADD CONSTRAINT `tbl_sport_profile_ibfk_2` FOREIGN KEY (`sport_id`) REFERENCES `tbl_sport_type` (`id`) ON DELETE CASCADE ON UPDATE CASCADE;

--
-- Constraints for table `tbl_subject_profile`
--
ALTER TABLE `tbl_subject_profile`
  ADD CONSTRAINT `tbl_subject_profile_ibfk_1` FOREIGN KEY (`user_id`) REFERENCES `tbl_user` (`id`) ON DELETE CASCADE ON UPDATE CASCADE;

--
-- Constraints for table `tbl_user_credit`
--
ALTER TABLE `tbl_user_credit`
  ADD CONSTRAINT `tbl_user_credit_ibfk_1` FOREIGN KEY (`user_id`) REFERENCES `tbl_user` (`id`) ON DELETE CASCADE ON UPDATE CASCADE;
